Date,BTC-USD_BnH,BTC-USD_Strategy,BTC-USD_Position
2021-01-01,,0.0,0.0
2021-01-02,0.09372577639540935,0.0,0.0
2021-01-03,0.020380066800975483,0.0,0.0
2021-01-04,-0.024712000360334718,0.0,0.0
2021-01-05,0.06319658000613337,0.0,0.0
2021-01-06,0.08331071417326141,0.0,0.0
2021-01-07,0.0691574669750421,0.0,0.0
2021-01-08,0.0362338992996023,0.0,0.0
2021-01-09,-0.013311135341493308,0.0,0.0
2021-01-10,-0.047152573214749416,0.0,0.0
2021-01-11,-0.07273315912449108,0.0,0.0
2021-01-12,-0.046214502171538774,0.0,0.0
2021-01-13,0.10003249550509552,0.0,0.0
2021-01-14,0.050138030111625875,0.0,0.0
2021-01-15,-0.06027358971670127,0.0,0.0
2021-01-16,-0.017575563040677422,0.0,0.0
2021-01-17,-0.010693288117263444,0.0,0.0
2021-01-18,0.023435790428599335,0.0,0.0
2021-01-19,-0.015295342507474663,0.0,0.0
2021-01-20,-0.014473454791977813,0.0,0.0
2021-01-21,-0.1328368400602007,0.0,0.0
2021-01-22,0.07072224005462169,0.0,0.0
2021-01-23,-0.02842289017956734,0.0,0.0
2021-01-24,0.006914643868341619,0.0,0.0
2021-01-25,0.0023851084933719235,0.0,0.0
2021-01-26,0.006286058316783416,0.0,0.0
2021-01-27,-0.06562212475675022,0.0,0.0
2021-01-28,0.09968113394222766,0.0,0.0
2021-01-29,0.02540747568580648,0.0,0.0
2021-01-30,-0.0013656239986477026,0.0,0.0
2021-01-31,-0.03370820328466961,0.0,0.0
2021-02-01,0.012768370405776608,0.0,0.0
2021-02-02,0.05883361479570781,0.0,0.0
2021-02-03,0.055245981743407446,0.0,0.0
2021-02-04,-0.014571470120209207,0.0,0.0
2021-02-05,0.032991388091470286,0.0,0.0
2021-02-06,0.029406828078771152,0.0,0.0
2021-02-07,-0.009233693380855112,0.0,0.0
2021-02-08,0.18746473766529936,0.0,0.0
2021-02-09,0.006161523959955284,0.0,0.0
2021-02-10,-0.03362488605290981,0.0,0.0
2021-02-11,0.0665910372634968,0.0,0.0
2021-02-12,-0.008442623839676311,0.0,0.0
2021-02-13,-0.008406213773231364,0.0,0.0
2021-02-14,0.03421623595697554,0.0,0.0
2021-02-15,-0.01585126109458379,0.0,0.0
2021-02-16,0.026171883752032166,0.0,0.0
2021-02-17,0.05994196027730325,0.0,0.0
2021-02-18,-0.008997504596578998,0.0,0.0
2021-02-19,0.08143096900475189,0.0,0.0
2021-02-20,0.0037823185014820293,0.0,0.0
2021-02-21,0.025676258785917394,0.0,0.0
2021-02-22,-0.05791845963531039,0.0,0.0
2021-02-23,-0.09930198541853996,0.0,0.0
2021-02-24,0.018042326886684945,0.0,0.0
2021-02-25,-0.052539242009451814,0.0,0.0
2021-02-26,-0.016012490351298148,0.0,0.0
2021-02-27,-0.003265200081699504,0.0,0.0
2021-02-28,-0.022747754528746222,0.0,0.0
2021-03-01,0.09955017057586457,0.0,0.0
2021-03-02,-0.025231161886280384,0.0,0.0
2021-03-03,0.04463205996986197,0.0,0.0
2021-03-04,-0.039120359814156846,0.0,0.0
2021-03-05,0.007539701660092213,0.0,0.0
2021-03-06,-0.0003049805235605385,0.0,0.0
2021-03-07,0.046906498146797926,0.0,0.0
2021-03-08,0.020306565464276005,0.0,0.0
2021-03-09,0.049335220420617,0.0,0.0
2021-03-10,0.021604243798385436,0.0,0.0
2021-03-11,0.032076714848716215,0.0,0.0
2021-03-12,-0.008183206626845796,0.0,0.0
2021-03-13,0.06821652767950437,0.0,0.0
2021-03-14,-0.031689610370558396,0.0,0.0
2021-03-15,-0.05725100456855314,0.0,0.0
2021-03-16,0.01605702194966918,0.0,0.0
2021-03-17,0.036369962842253134,0.0,0.0
2021-03-18,-0.017189693893861602,0.0,0.0
2021-03-19,0.008429650137686817,0.0,0.0
2021-03-20,-0.0005657190459794625,0.0,0.0
2021-03-21,-0.013551247955811196,0.0,0.0
2021-03-22,-0.05205318540083803,0.0,0.0
2021-03-23,0.0038474981233158623,0.0,0.0
2021-03-24,-0.035891807492523076,0.0,0.0
2021-03-25,-0.020277031922222966,0.0,0.0
2021-03-26,0.06639992475218648,0.0,0.0
2021-03-27,0.015165759461888806,0.0,0.0
2021-03-28,-0.0004067213991215679,0.0,0.0
2021-03-29,0.03216137854506651,0.0,0.0
2021-03-30,0.020216245195582738,0.0,0.0
2021-03-31,1.9359634988669328e-05,0.0,0.0
2021-04-01,0.0030037350775407035,0.0,0.0
2021-04-02,0.004881969011259368,0.0,0.0
2021-04-03,-0.029981350293480258,0.0,0.0
2021-04-04,0.0200448971410081,0.0,0.0
2021-04-05,0.005094138552963257,0.0,0.0
2021-04-06,-0.014655445594718208,0.0,0.0
2021-04-07,-0.036833390122360865,0.0,0.0
2021-04-08,0.04058980823677527,0.0,0.0
2021-04-09,-0.0013536328475677317,0.0,0.0
2021-04-10,0.026581343719059625,0.0,0.0
2021-04-11,0.006885903949730876,0.0,0.0
2021-04-12,-0.005174186540237491,0.0,0.0
2021-04-13,0.06027376479221824,0.0,0.0
2021-04-14,-0.00620063437737306,-0.0009992504996874777,1.0
2021-04-15,0.003237480473297971,0.003237480473297975,1.0
2021-04-16,-0.027501379378466195,-0.02750137937846628,1.0
2021-04-17,-0.014437688523377457,-0.014437688523377488,1.0
2021-04-18,-0.0736215468265391,-0.07362154682653907,1.0
2021-04-19,-0.008750468945115109,-0.009741470663787019,0.0
2021-04-20,0.013436976092944253,0.0,0.0
2021-04-21,-0.045454287638402646,0.0,0.0
2021-04-22,-0.0397694659817468,0.0,0.0
2021-04-23,-0.012917150838772984,0.0,0.0
2021-04-24,-0.02040928977310741,0.0,0.0
2021-04-25,-0.02091099195802515,0.0,0.0
2021-04-26,0.10238907033660749,0.0,0.0
2021-04-27,0.018721407731506323,0.0,0.0
2021-04-28,-0.003787066282106566,0.0,0.0
2021-04-29,-0.02315733013830157,0.0,0.0
2021-04-30,0.07833176806484676,0.0,0.0
2021-05-01,0.0013484807439372304,0.0,0.0
2021-05-02,-0.020698824187899145,0.0,0.0
2021-05-03,0.010051280367532334,0.0,0.0
2021-05-04,-0.06760024652955021,0.0,0.0
2021-05-05,0.07669599321369813,0.0,0.0
2021-05-06,-0.01789307689659958,0.0,0.0
2021-05-07,0.017020319573156195,0.0,0.0
2021-05-08,0.02523475916996243,0.0,0.0
2021-05-09,-0.009718099130935132,0.0,0.0
2021-05-10,-0.04074231762821234,0.0,0.0
2021-05-11,0.01512317249631967,0.0,0.0
2021-05-12,-0.1332174549686006,0.0,0.0
2021-05-13,0.011508648851976444,0.0,0.0
2021-05-14,0.00330563837155351,0.0,0.0
2021-05-15,-0.06255641898138342,0.0,0.0
2021-05-16,-0.0065040138312105755,0.0,0.0
2021-05-17,-0.06282381595309616,0.0,0.0
2021-05-18,-0.014426855146374762,0.0,0.0
2021-05-19,-0.13766122609163733,0.0,0.0
2021-05-20,0.10216344466291027,0.0,0.0
2021-05-21,-0.08528232829817228,0.0,0.0
2021-05-22,0.006217486259949112,0.0,0.0
2021-05-23,-0.0736893688644572,0.0,0.0
2021-05-24,0.11318183957815453,0.0,0.0
2021-05-25,-0.007847826326095597,0.0,0.0
2021-05-26,0.023227211885217036,0.0,0.0
2021-05-27,-0.021815700174415475,0.0,0.0
2021-05-28,-0.07126897282320166,0.0,0.0
2021-05-29,-0.03029724398312339,0.0,0.0
2021-05-30,0.03068120125307594,0.0,0.0
2021-05-31,0.04637929771620186,0.0,0.0
2021-06-01,-0.017355481635803582,0.0,0.0
2021-06-02,0.02426756732611457,0.0,0.0
2021-06-03,0.043475133082156336,0.0,0.0
2021-06-04,-0.05902658087058821,0.0,0.0
2021-06-05,-0.03638625350557034,0.0,0.0
2021-06-06,0.008731498936251025,0.0,0.0
2021-06-07,-0.06418068028941804,0.0,0.0
2021-06-08,-0.0026243254847995168,0.0,0.0
2021-06-09,0.11569117681725527,0.0,0.0
2021-06-10,-0.01720501684509279,0.0,0.0
2021-06-11,0.01721406171757467,0.0,0.0
2021-06-12,-0.047727642256857994,0.0,0.0
2021-06-13,0.09972131894675185,0.0,0.0
2021-06-14,0.028661855288592664,0.0,0.0
2021-06-15,0.004669320789865594,-0.0009992504996875616,1.0
2021-06-16,-0.05096256237308472,-0.05096256237308477,1.0
2021-06-17,-0.007655308506355651,-0.007655308506355644,1.0
2021-06-18,-0.0595545108824469,-0.06049472126019223,0.0
2021-06-19,-0.004788717174578294,0.0,0.0
2021-06-20,0.002314299179515533,0.0,0.0
2021-06-21,-0.11265533282181261,0.0,0.0
2021-06-22,0.02616961270137308,0.0,0.0
2021-06-23,0.0374509295196066,0.0,0.0
2021-06-24,0.027856637741157764,0.0,0.0
2021-06-25,-0.0872604012088013,0.0,0.0
2021-06-26,0.017336806155961115,0.0,0.0
2021-06-27,0.07653470332064805,0.0,0.0
2021-06-28,-0.006213875976586625,0.0,0.0
2021-06-29,0.04162825758718758,0.0,0.0
2021-06-30,-0.02305527321430456,0.0,0.0
2021-07-01,-0.04191448950075438,0.0,0.0
2021-07-02,0.00967855812266083,0.0,0.0
2021-07-03,0.022760094790705843,0.0,0.0
2021-07-04,0.017861561294527206,0.0,0.0
2021-07-05,-0.043691535402215154,0.0,0.0
2021-07-06,0.014496276584600176,0.0,0.0
2021-07-07,-0.011095808977648836,0.0,0.0
2021-07-08,-0.028886355129662422,0.0,0.0
2021-07-09,0.02800225791699673,0.0,0.0
2021-07-10,-0.008210311003178261,0.0,0.0
2021-07-11,0.021469475378479208,0.0,0.0
2021-07-12,-0.031668630428790756,0.0,0.0
2021-07-13,-0.013687548281983153,0.0,0.0
2021-07-14,0.003679352094793975,0.0,0.0
2021-07-15,-0.031734999531688124,0.0,0.0
2021-07-16,-0.011302175908234458,0.0,0.0
2021-07-17,0.003549453661488622,0.0,0.0
2021-07-18,0.008363987433579023,0.0,0.0
2021-07-19,-0.030788575922789052,0.0,0.0
2021-07-20,-0.03278895069501786,0.0,0.0
2021-07-21,0.07727442675168827,0.0,0.0
2021-07-22,0.006303573302191001,0.0,0.0
2021-07-23,0.03925482537500802,0.0,0.0
2021-07-24,0.021169199000986128,0.0,0.0
2021-07-25,0.030844758309330533,0.0,0.0
2021-07-26,0.05621887171744144,-0.0009992504996874981,1.0
2021-07-27,0.055424286615063156,0.05542428661506333,1.0
2021-07-28,0.014945713184850051,0.014945713184849859,1.0
2021-07-29,0.00031292265067750513,0.0003129226506775125,1.0
2021-07-30,0.055666404612466414,0.05566640461246646,1.0
2021-07-31,-0.014427457617713135,-0.014427457617713208,1.0
2021-08-01,-0.039669750474507826,-0.03966975047450772,1.0
2021-08-02,-0.019335866368471732,-0.019335866368471795,1.0
2021-08-03,-0.02675797936526192,-0.026757979365261867,1.0
2021-08-04,0.041792893187100555,0.04075136074213681,0.0
2021-08-05,0.02822946527400849,0.0,0.0
2021-08-06,0.04763803587748594,-0.0009992504996877243,1.0
2021-08-07,0.04062220829002827,0.040622208290028404,1.0
2021-08-08,-0.017005273846830926,-0.01700527384683085,1.0
2021-08-09,0.058616336068955555,0.058616336068955464,1.0
2021-08-10,-0.016830892309838696,-0.0168308923098387,1.0
2021-08-11,0.00018877838873909702,0.0001887783887392774,1.0
2021-08-12,-0.02555943636254754,-0.025559436362547566,1.0
2021-08-13,0.07574073458615982,0.07574073458615976,1.0
2021-08-14,-0.01457055076832292,-0.014570550768322813,1.0
2021-08-15,-0.0010603958689597848,-0.0010603958689599218,1.0
2021-08-16,-0.02215910567498447,-0.0221591056749844,1.0
2021-08-17,-0.028456465011732934,-0.028456465011732796,1.0
2021-08-18,0.002367765389513554,0.002367765389513645,1.0
2021-08-19,0.04277544261522093,0.04277544261522076,1.0
2021-08-20,0.056115872471717454,0.05611587247171761,1.0
2021-08-21,-0.008789842693618932,-0.008789842693618962,1.0
2021-08-22,0.00850947690403503,0.008509476904035146,1.0
2021-08-23,0.004551674225862445,0.004551674225862489,1.0
2021-08-24,-0.037137725293038826,-0.03713772529303882,1.0
2021-08-25,0.02630002081428562,0.02630002081428557,1.0
2021-08-26,-0.04122830434622349,-0.04122830434622336,1.0
2021-08-27,0.04508626296557394,0.04508626296557392,1.0
2021-08-28,-0.003185280633781984,-0.0031852806337819596,1.0
2021-08-29,-0.0014839825657210204,-0.0014839825657209814,1.0
2021-08-30,-0.0363476092875793,-0.03634760928757938,1.0
2021-08-31,0.0023738850726162664,0.0023738850726162256,1.0
2021-09-01,0.03562556399047523,0.03562556399047522,1.0
2021-09-02,0.009840830417728652,0.009840830417728808,1.0
2021-09-03,0.014143210068944922,0.014143210068944848,1.0
2021-09-04,-0.0016141808032423821,-0.0016141808032423613,1.0
2021-09-05,0.03621581213694158,0.03621581213694169,1.0
2021-09-06,0.017006125728580734,0.017006125728580873,1.0
2021-09-07,-0.1106216071695616,-0.11062160716956161,1.0
2021-09-08,-0.015375366885328479,-0.016359745362284885,0.0
2021-09-09,0.006509485739778498,0.0,0.0
2021-09-10,-0.032495484247323514,0.0,0.0
2021-09-11,0.0070748487352050304,0.0,0.0
2021-09-12,0.019066033632592516,0.0,0.0
2021-09-13,-0.023884438158555232,0.0,0.0
2021-09-14,0.0473592610325122,0.0,0.0
2021-09-15,0.023015462091804384,0.0,0.0
2021-09-16,-0.008157286726135138,0.0,0.0
2021-09-17,-0.010795386730801604,0.0,0.0
2021-09-18,0.021385589090024082,0.0,0.0
2021-09-19,-0.021089044077959085,0.0,0.0
2021-09-20,-0.09344895316951951,0.0,0.0
2021-09-21,-0.050185206746199196,0.0,0.0
2021-09-22,0.07079311406361999,0.0,0.0
2021-09-23,0.0303064775724482,0.0,0.0
2021-09-24,-0.04578111561282838,0.0,0.0
2021-09-25,-0.002874812528084303,0.0,0.0
2021-09-26,0.011516492054097771,0.0,0.0
2021-09-27,-0.02251426719942695,0.0,0.0
2021-09-28,-0.02844007873591181,0.0,0.0
2021-09-29,0.012911568502261384,0.0,0.0
2021-09-30,0.05356827518164842,0.0,0.0
2021-10-01,0.09878873042688929,0.0,0.0
2021-10-02,-0.008426411013467638,-0.0009992504996875367,1.0
2021-10-03,0.010237887379882071,0.01023788737988203,1.0
2021-10-04,0.018940873580984396,0.01894087358098438,1.0
2021-10-05,0.048905889117254686,0.04890588911725489,1.0
2021-10-06,0.0746704982911468,0.0746704982911468,1.0
2021-10-07,-0.02809653406297008,-0.028096534062970052,1.0
2021-10-08,0.0030082765538104184,0.0030082765538103793,1.0
2021-10-09,0.01853649985027972,0.018536499850279775,1.0
2021-10-10,-0.003577422040362044,-0.003577422040362102,1.0
2021-10-11,0.04953684064585273,0.04953684064585265,1.0
2021-10-12,-0.025114999851183484,-0.025114999851183345,1.0
2021-10-13,0.02426861834211813,0.02426861834211808,1.0
2021-10-14,-0.001386283921372633,-0.0013862839213726152,1.0
2021-10-15,0.07453440740995654,0.07453440740995664,1.0
2021-10-16,-0.01139348166745524,-0.011393481667455326,1.0
2021-10-17,0.01086243756414218,0.010862437564142192,1.0
2021-10-18,0.007675599893030238,0.007675599893030285,1.0
2021-10-19,0.036047967727284025,0.036047967727284136,1.0
2021-10-20,0.026934175102288238,0.026934175102288148,1.0
2021-10-21,-0.057319313661295834,-0.05731931366129584,1.0
2021-10-22,-0.024399647264276236,-0.024399647264276337,1.0
2021-10-23,0.011555863919028075,0.011555863919028058,1.0
2021-10-24,-0.007537937512081094,-0.007537937512081103,1.0
2021-10-25,0.0346128236844363,0.03461282368443625,1.0
2021-10-26,-0.04244985266320056,-0.042449852663200525,1.0
2021-10-27,-0.03116779376295975,-0.031167793762959802,1.0
2021-10-28,0.03658793903693369,0.03658793903693358,1.0
2021-10-29,0.02648913766352501,0.026489137663524998,1.0
2021-10-30,-0.005449845794435637,-0.005449845794435673,1.0
2021-10-31,-0.009208042570786446,-0.009208042570786308,1.0
2021-11-01,-0.005129747739996526,-0.005129747739996637,1.0
2021-11-02,0.03642353446805324,0.036423534468053374,1.0
2021-11-03,-0.004054563588107407,-0.004054563588107528,1.0
2021-11-04,-0.024103783966732184,-0.02410378396673217,1.0
2021-11-05,-0.005313959884109654,-0.005313959884109729,1.0
2021-11-06,0.006573419146120196,0.0065734191461201815,1.0
2021-11-07,0.029247220896912562,0.02924722089691245,1.0
2021-11-08,0.06695154718111462,0.0669515471811146,1.0
2021-11-09,-0.008806096371717143,-0.008806096371717113,1.0
2021-11-10,-0.029513867421399387,-0.029513867421399474,1.0
2021-11-11,-0.0006965054346836919,-0.0006965054346836503,1.0
2021-11-12,-0.01222509636324598,-0.012225096363245968,1.0
2021-11-13,0.0048878705639170406,0.004887870563917113,1.0
2021-11-14,0.015469517787564335,0.015469517787564184,1.0
2021-11-15,-0.02915932332393234,-0.029159323323932264,1.0
2021-11-16,-0.05344145330150951,-0.05344145330150946,1.0
2021-11-17,0.003436857419438999,0.002433671421234006,0.0
2021-11-18,-0.05674983989800575,0.0,0.0
2021-11-19,0.020677857806173483,0.0,0.0
2021-11-20,0.027144333086984274,0.0,0.0
2021-11-21,-0.01619370466132397,0.0,0.0
2021-11-22,-0.041565940596482776,0.0,0.0
2021-11-23,0.022735855747423095,0.0,0.0
2021-11-24,-0.02238438701660228,0.0,0.0
2021-11-25,0.017666069374003168,0.0,0.0
2021-11-26,-0.06468677053655503,0.0,0.0
2021-11-27,0.02324655494514305,0.0,0.0
2021-11-28,0.044392510044424904,0.0,0.0
2021-11-29,0.009748898117819094,0.0,0.0
2021-11-30,-0.013858989986877734,0.0,0.0
2021-12-01,0.003936508510805847,0.0,0.0
2021-12-02,-0.013140205787574133,0.0,0.0
2021-12-03,-0.05098586481791345,0.0,0.0
2021-12-04,-0.08204639683653359,0.0,0.0
2021-12-05,0.003417522933012007,0.0,0.0
2021-12-06,0.02458589579002135,0.0,0.0
2021-12-07,0.002322159783127109,0.0,0.0
2021-12-08,-0.00385184874717448,0.0,0.0
2021-12-09,-0.05608726213196957,0.0,0.0
2021-12-10,-0.00899511908452133,0.0,0.0
2021-12-11,0.044857216044006165,0.0,0.0
2021-12-12,0.014906619570362878,0.0,0.0
2021-12-13,-0.0670851717099511,0.0,0.0
2021-12-14,-0.00267125345649466,0.0,0.0
2021-12-15,0.04900151967252708,0.0,0.0
2021-12-16,-0.025181582897818466,0.0,0.0
2021-12-17,-0.030699007215741814,0.0,0.0
2021-12-18,0.013995731563123393,0.0,0.0
2021-12-19,-0.0030259427628138713,0.0,0.0
2021-12-20,0.003709543768351198,0.0,0.0
2021-12-21,0.04386356169401262,0.0,0.0
2021-12-22,-0.006295931447672265,0.0,0.0
2021-12-23,0.04433669194360079,0.0,0.0
2021-12-24,0.0007414904357732066,0.0,0.0
2021-12-25,-0.007719775485643066,0.0,0.0
2021-12-26,0.0075284019171428795,0.0,0.0
2021-12-27,-0.003328070621613999,0.0,0.0
2021-12-28,-0.06025942562091624,0.0,0.0
2021-12-29,-0.02404227880624954,0.0,0.0
2021-12-30,0.01579112126431248,0.0,0.0
2021-12-31,-0.018476352917798256,0.0,0.0
2022-01-01,0.029809396471367267,0.0,0.0
2022-01-02,-0.007163274962024402,0.0,0.0
2022-01-03,-0.0187368774698079,0.0,0.0
2022-01-04,-0.012065555013512697,0.0,0.0
2022-01-05,-0.050734060615097554,0.0,0.0
2022-01-06,-0.009366159015892994,0.0,0.0
2022-01-07,-0.03714070469186992,0.0,0.0
2022-01-08,0.004235994902819673,0.0,0.0
2022-01-09,0.004256970472081845,0.0,0.0
2022-01-10,-0.0021554853640055605,0.0,0.0
2022-01-11,0.021869109453241498,0.0,0.0
2022-01-12,0.028389418684672707,0.0,0.0
2022-01-13,-0.030888714484173407,0.0,0.0
2022-01-14,0.011930269358978673,0.0,0.0
2022-01-15,0.001802778677309158,0.0,0.0
2022-01-16,-0.0014711291913973579,0.0,0.0
2022-01-17,-0.020024366790964976,0.0,0.0
2022-01-18,0.0029604828561313745,0.0,0.0
2022-01-19,-0.014897823244158781,0.0,0.0
2022-01-20,-0.02548634039729203,0.0,0.0
2022-01-21,-0.10381165615712484,0.0,0.0
2022-01-22,-0.039143484680769114,0.0,0.0
2022-01-23,0.03558509252717301,0.0,0.0
2022-01-24,0.010406744495611076,0.0,0.0
2022-01-25,0.008175727030871549,0.0,0.0
2022-01-26,-0.002757016878562668,0.0,0.0
2022-01-27,0.007763821260712289,0.0,0.0
2022-01-28,0.017397102127314046,0.0,0.0
2022-01-29,0.00936493083845824,0.0,0.0
2022-01-30,-0.005783656346668664,0.0,0.0
2022-01-31,0.01491453610450133,0.0,0.0
2022-02-01,0.00676006528835682,0.0,0.0
2022-02-02,-0.046209029430310355,0.0,0.0
2022-02-03,0.005456046132945147,0.0,0.0
2022-02-04,0.116978066100073,0.0,0.0
2022-02-05,-0.001438787435204647,0.0,0.0
2022-02-06,0.023437312952531153,0.0,0.0
2022-02-07,0.033665872045371525,-0.0009992504996874383,1.0
2022-02-08,0.0063448528050995545,0.006344852805099534,1.0
2022-02-09,0.004994545046617338,0.00499454504661729,1.0
2022-02-10,-0.01744935921313273,-0.017449359213132735,1.0
2022-02-11,-0.026561982607033352,-0.0265619826070333,1.0
2022-02-12,-0.0038546734323026133,-0.00385467343230262,1.0
2022-02-13,-0.001111462077505676,-0.001111462077505692,1.0
2022-02-14,0.009228086961576842,0.009228086961576882,1.0
2022-02-15,0.04668769779745485,0.046687697797454804,1.0
2022-02-16,-0.013759752216496501,-0.013759752216496434,1.0
2022-02-17,-0.07788223029977337,-0.07788223029977338,1.0
2022-02-18,-0.012507647384577658,-0.0134948928641049,0.0
2022-02-19,0.0022777282826873524,0.0,0.0
2022-02-20,-0.04214073972532317,0.0,0.0
2022-02-21,-0.03528620868790788,0.0,0.0
2022-02-22,0.03265642371222732,0.0,0.0
2022-02-23,-0.025843815613622922,0.0,0.0
2022-02-24,0.027778400368163814,0.0,0.0
2022-02-25,0.022998939789759643,0.0,0.0
2022-02-26,-0.002781397053842838,0.0,0.0
2022-02-27,-0.03568234201898368,0.0,0.0
2022-02-28,0.1454118392886461,0.0,0.0
2022-03-01,0.026888524570001016,0.0,0.0
2022-03-02,-0.009706302725009275,-0.0009992504996875291,1.0
2022-03-03,-0.03351981142193561,-0.03351981142193566,1.0
2022-03-04,-0.07806935036049167,-0.07899105052746876,0.0
2022-03-05,0.00671938064683042,0.0,0.0
2022-03-06,-0.024887994408395286,0.0,0.0
2022-03-07,-0.009316643885282638,0.0,0.0
2022-03-08,0.017740259990833174,0.0,0.0
2022-03-09,0.08378639716414904,0.0,0.0
2022-03-10,-0.060630954045771346,0.0,0.0
2022-03-11,-0.016291319622939393,0.0,0.0
2022-03-12,0.002810649293818468,0.0,0.0
2022-03-13,-0.027101257933814904,0.0,0.0
2022-03-14,0.0480080837903738,0.0,0.0
2022-03-15,-0.008268101563720931,0.0,0.0
2022-03-16,0.04588714481344902,0.0,0.0
2022-03-17,-0.00467993171076464,-0.0009992504996876028,1.0
2022-03-18,0.020750884742987363,0.020750884742987405,1.0
2022-03-19,0.009317830622209256,0.009317830622209216,1.0
2022-03-20,-0.022346848712323064,-0.022346848712323127,1.0
2022-03-21,-0.004117262624553253,-0.004117262624553069,1.0
2022-03-22,0.031180014163224357,0.03118001416322434,1.0
2022-03-23,0.012610091153007819,0.012610091153007779,1.0
2022-03-24,0.024898646221148013,0.024898646221148072,1.0
2022-03-25,0.008821397620525806,0.008821397620525811,1.0
2022-03-26,0.003429583093865096,0.003429583093864982,1.0
2022-03-27,0.052126312256127294,0.05212631225612736,1.0
2022-03-28,0.0065678873583499,0.006567887358349834,1.0
2022-03-29,0.0071661546110000085,0.007166154610999961,1.0
2022-03-30,-0.008491735032190584,-0.008491735032190561,1.0
2022-03-31,-0.03238210822970233,-0.03238210822970242,1.0
2022-04-01,0.016315115388267687,0.0163151153882676,1.0
2022-04-02,-0.008917040798352427,-0.00891704079835244,1.0
2022-04-03,0.012745379989237415,0.012745379989237336,1.0
2022-04-04,0.003640395949819908,0.003640395949819969,1.0
2022-04-05,-0.02287907280900814,-0.022879072809008236,1.0
2022-04-06,-0.05156849392240015,-0.05156849392240012,1.0
2022-04-07,0.006876459247305178,0.005869834507172968,0.0
2022-04-08,-0.02795577079433975,0.0,0.0
2022-04-09,0.011693070951357853,0.0,0.0
2022-04-10,-0.013427680050824398,0.0,0.0
2022-04-11,-0.06363225953812457,0.0,0.0
2022-04-12,0.015315083892861292,0.0,0.0
2022-04-13,0.025906300465151855,0.0,0.0
2022-04-14,-0.029908006531745968,0.0,0.0
2022-04-15,0.015473675726454417,0.0,0.0
2022-04-16,-0.0031805042860567623,0.0,0.0
2022-04-17,-0.017502542356175654,0.0,0.0
2022-04-18,0.027929174608607443,0.0,0.0
2022-04-19,0.016571096753378534,0.0,0.0
2022-04-20,-0.003093074404708074,0.0,0.0
2022-04-21,-0.020471984048854197,0.0,0.0
2022-04-22,-0.019420038833716236,0.0,0.0
2022-04-23,-0.0063811726165236005,0.0,0.0
2022-04-24,-0.0004416040475622163,0.0,0.0
2022-04-25,0.025057850055308917,0.0,0.0
2022-04-26,-0.057858267871623625,0.0,0.0
2022-04-27,0.029478882606909007,0.0,0.0
2022-04-28,0.013575224570606004,0.0,0.0
2022-04-29,-0.02926557389929385,0.0,0.0
2022-04-30,-0.023179313474195662,0.0,0.0
2022-05-01,0.019997911964443782,0.0,0.0
2022-05-02,0.001565786170879102,0.0,0.0
2022-05-03,-0.020215120218891713,0.0,0.0
2022-05-04,0.051599856624237495,0.0,0.0
2022-05-05,-0.07867402068901796,0.0,0.0
2022-05-06,-0.014606061408683924,0.0,0.0
2022-05-07,-0.014954355270636377,0.0,0.0
2022-05-08,-0.040636848764922684,0.0,0.0
2022-05-09,-0.11046369999353145,0.0,0.0
2022-05-10,0.02396125848050934,0.0,0.0
2022-05-11,-0.06725839173272163,0.0,0.0
2022-05-12,0.003849706798608521,0.0,0.0
2022-05-13,0.008102229834508146,0.0,0.0
2022-05-14,0.027939733537411415,0.0,0.0
2022-05-15,0.03999325713567892,0.0,0.0
2022-05-16,-0.046069001557128786,0.0,0.0
2022-05-17,0.018850785235190015,0.0,0.0
2022-05-18,-0.05605711989808215,0.0,0.0
2022-05-19,0.05550304428240649,0.0,0.0
2022-05-20,-0.036734890846488066,0.0,0.0
2022-05-21,0.007927413013061102,0.0,0.0
2022-05-22,0.030289794482822652,0.0,0.0
2022-05-23,-0.04039123144227663,0.0,0.0
2022-05-24,0.019130468401079792,0.0,0.0
2022-05-25,-0.003143576713387941,0.0,0.0
2022-05-26,-0.009983529917456657,0.0,0.0
2022-05-27,-0.02185551924250806,0.0,0.0
2022-05-28,0.006543557286537771,0.0,0.0
2022-05-29,0.02190035821988534,0.0,0.0
2022-05-30,0.07744470968730455,0.0,0.0
2022-05-31,0.0020777630413166825,0.0,0.0
2022-06-01,-0.06269536357891181,-0.0009992504996876282,1.0
2022-06-02,0.02243049790035867,0.021408323010082806,0.0
2022-06-03,-0.02504629358369581,0.0,0.0
2022-06-04,0.004326748833952898,0.0,0.0
2022-06-05,0.00247203631266113,0.0,0.0
2022-06-06,0.048952630028413324,0.0,0.0
2022-06-07,-0.006859698773187373,-0.0009992504996875345,1.0
2022-06-08,-0.03020730515832104,-0.031176855404988886,0.0
2022-06-09,-0.003387708269364409,0.0,0.0
2022-06-10,-0.03414563715680452,0.0,0.0
2022-06-11,-0.024858994495164377,0.0,0.0
2022-06-12,-0.056351073137826724,0.0,0.0
2022-06-13,-0.15974726027617203,0.0,0.0
2022-06-14,-0.012477914053041661,0.0,0.0
2022-06-15,0.01648355417709846,0.0,0.0
2022-06-16,-0.09707194434960298,0.0,0.0
2022-06-17,0.004407495444594733,0.0,0.0
2022-06-18,-0.07101780974085614,0.0,0.0
2022-06-19,0.0807475952890373,0.0,0.0
2022-06-20,0.002251010260589048,0.0,0.0
2022-06-21,0.0053914098304885805,0.0,0.0
2022-06-22,-0.034937106663198714,0.0,0.0
2022-06-23,0.05497803800296652,0.0,0.0
2022-06-24,0.006913598955313738,0.0,0.0
2022-06-25,0.012748964915301864,0.0,0.0
2022-06-26,-0.02209261947079333,0.0,0.0
2022-06-27,-0.013877981325425726,0.0,0.0
2022-06-28,-0.02193553187871977,0.0,0.0
2022-06-29,-0.008708372798288844,0.0,0.0
2022-06-30,-0.01588223750298734,0.0,0.0
2022-07-01,-0.02604834458398897,0.0,0.0
2022-07-02,-0.0014069651515379311,0.0,0.0
2022-07-03,0.002848954556089245,0.0,0.0
2022-07-04,0.04841073013105235,0.0,0.0
2022-07-05,-0.0020338071321012174,0.0,0.0
2022-07-06,0.017737930428710857,0.0,0.0
2022-07-07,0.053013857820514154,0.0,0.0
2022-07-08,0.004322538045727464,0.0,0.0
2022-07-09,-0.006392223420980114,0.0,0.0
2022-07-10,-0.03388990349346599,0.0,0.0
2022-07-11,-0.04265931997884009,0.0,0.0
2022-07-12,-0.03237979740682695,0.0,0.0
2022-07-13,0.04596171114078618,-0.0009992504996876707,1.0
2022-07-14,0.017704551212910147,0.01770455121291017,1.0
2022-07-15,0.012951348577769028,0.012951348577769032,1.0
2022-07-16,0.01698899533192111,0.01698899533192116,1.0
2022-07-17,-0.01939436147960416,-0.0193943614796042,1.0
2022-07-18,0.08211740099467768,0.0821174009946777,1.0
2022-07-19,0.0401919693193753,0.04019196931937526,1.0
2022-07-20,-0.006742410894342465,-0.0067424108943425955,1.0
2022-07-21,-0.0028884421706671937,-0.0028884421706671763,1.0
2022-07-22,-0.01941107679491816,-0.019411076794918183,1.0
2022-07-23,-0.010983941711781742,-0.010983941711781658,1.0
2022-07-24,0.006395837363315726,0.006395837363315581,1.0
2022-07-25,-0.05517510011323534,-0.05517510011323533,1.0
2022-07-26,-0.005708686992848544,-0.006702729733027406,0.0
2022-07-27,0.0796052030234431,0.0,0.0
2022-07-28,0.0398306162434614,-0.0009992504996877343,1.0
2022-07-29,-0.0016462880701044735,-0.001646288070104466,1.0
2022-07-30,-0.006235163651508224,-0.00623516365150828,1.0
2022-07-31,-0.013497960448739299,-0.013497960448739191,1.0
2022-08-01,-0.0009725914343493569,-0.0009725914343493631,1.0
2022-08-02,-0.014415336683737068,-0.014415336683736957,1.0
2022-08-03,-0.0057275961266136655,-0.0057275961266136915,1.0
2022-08-04,-0.009434736504108754,-0.0094347365041088,1.0
2022-08-05,0.029091011085651708,0.029091011085651604,1.0
2022-08-06,-0.014085221654344782,-0.014085221654344657,1.0
2022-08-07,0.009346662498644243,0.009346662498644253,1.0
2022-08-08,0.02733856978257987,0.027338569782579914,1.0
2022-08-09,-0.02709709734425869,-0.02709709734425876,1.0
2022-08-10,0.033815983988709775,0.03381598398870969,1.0
2022-08-11,0.00041284726535173455,0.00041284726535182405,1.0
2022-08-12,0.018586602023192844,0.018586602023192872,1.0
2022-08-13,0.0008708010561344626,0.000870801056134484,1.0
2022-08-14,-0.004288162539464846,-0.00428816253946484,1.0
2022-08-15,-0.007498615226969818,-0.007498615226969867,1.0
2022-08-16,-0.010510085263709001,-0.010510085263709086,1.0
2022-08-17,-0.02291530796119967,-0.02291530796119965,1.0
2022-08-18,-0.005281958173694035,-0.005281958173694046,1.0
2022-08-19,-0.10059931398792521,-0.10059931398792515,1.0
2022-08-20,0.013819043648011897,0.012805478059125023,0.0
2022-08-21,0.01738918520335342,0.0,0.0
2022-08-22,-0.006279006699941081,0.0,0.0
2022-08-23,0.006036741981122917,0.0,0.0
2022-08-24,-0.006181150878381003,0.0,0.0
2022-08-25,0.009623023027591993,0.0,0.0
2022-08-26,-0.06207539958496022,0.0,0.0
2022-08-27,-0.010773990107132536,0.0,0.0
2022-08-28,-0.021201944769558057,0.0,0.0
2022-08-29,0.03472427641744291,0.0,0.0
2022-08-30,-0.024691382971281484,0.0,0.0
2022-08-31,0.012777568511970205,0.0,0.0
2022-09-01,0.0038592451457939436,0.0,0.0
2022-09-02,-0.007818752974256604,0.0,0.0
2022-09-03,-0.006894600364241943,0.0,0.0
2022-09-04,0.007796708085036963,0.0,0.0
2022-09-05,-0.008722884940063236,0.0,0.0
2022-09-06,-0.04919669232863699,0.0,0.0
2022-09-07,0.024029314602578067,0.0,0.0
2022-09-08,0.0020481649337233954,0.0,0.0
2022-09-09,0.10612188190716765,0.0,0.0
2022-09-10,0.014002365912589188,0.0,0.0
2022-09-11,0.004092001431295067,0.0,0.0
2022-09-12,0.027616624254801714,0.0,0.0
2022-09-13,-0.09270006906083372,0.0,0.0
2022-09-14,-0.0027402074343571003,0.0,0.0
2022-09-15,-0.026672422800232853,0.0,0.0
2022-09-16,0.003622774615297697,0.0,0.0
2022-09-17,0.017953757980268437,0.0,0.0
2022-09-18,-0.035179114785287124,0.0,0.0
2022-09-19,0.006417415961943007,0.0,0.0
2022-09-20,-0.033428956945789956,0.0,0.0
2022-09-21,-0.018177571658806957,0.0,0.0
2022-09-22,0.04669928789927913,0.0,0.0
2022-09-23,-0.005970680514919002,0.0,0.0
2022-09-24,-0.01868762076318642,0.0,0.0
2022-09-25,-0.007124358610731463,0.0,0.0
2022-09-26,0.022368473265013344,0.0,0.0
2022-09-27,-0.005832956039052206,0.0,0.0
2022-09-28,0.016544467837213528,0.0,0.0
2022-09-29,0.007532412719634118,0.0,0.0
2022-09-30,-0.0072171538473359,0.0,0.0
2022-10-01,-0.0061596674907298254,0.0,0.0
2022-10-02,-0.013876706359042923,0.0,0.0
2022-10-03,0.030427924155919772,0.0,0.0
2022-10-04,0.036347275524413414,0.0,0.0
2022-10-05,-0.008660486125090072,-0.000999250499687666,1.0
2022-10-06,-0.01018185214187517,-0.01018185214187514,1.0
2022-10-07,-0.02047530303595302,-0.020475303035953036,1.0
2022-10-08,-0.006665076603316944,-0.00666507660331697,1.0
2022-10-09,0.0015377290838616275,0.0005364417392101767,0.0
2022-10-10,-0.01568110303046133,0.0,0.0
2022-10-11,-0.00470529894576166,0.0,0.0
2022-10-12,0.005565325579645286,0.0,0.0
2022-10-13,0.011768739552548313,0.0,0.0
2022-10-14,-0.010176392755898878,0.0,0.0
2022-10-15,-0.0061515479500473536,0.0,0.0
2022-10-16,0.010513049302600663,0.0,0.0
2022-10-17,0.014670058500208416,0.0,0.0
2022-10-18,-0.011065647631146036,0.0,0.0
2022-10-19,-0.010079479991405349,0.0,0.0
2022-10-20,-0.004482602172654282,0.0,0.0
2022-10-21,0.006231244583192241,0.0,0.0
2022-10-22,0.0018631248583989013,0.0,0.0
2022-10-23,0.018680488353712166,0.0,0.0
2022-10-24,-0.011316781236911488,0.0,0.0
2022-10-25,0.03878330120960949,0.0,0.0
2022-10-26,0.03356831063305088,0.0,0.0
2022-10-27,-0.0233314959115013,0.0,0.0
2022-10-28,0.015257721000682789,0.0,0.0
2022-10-29,0.01083375534148523,0.0,0.0
2022-10-30,-0.008784170461560437,0.0,0.0
2022-10-31,-0.006776156462742766,0.0,0.0
2022-11-01,-0.0005123007449325812,0.0,0.0
2022-11-02,-0.015902620594443806,0.0,0.0
2022-11-03,0.0025042468919260763,0.0,0.0
2022-11-04,0.0463751969796804,0.0,0.0
2022-11-05,0.006405611254872046,0.0,0.0
2022-11-06,-0.01673684363155281,0.0,0.0
2022-11-07,-0.015466997985227438,0.0,0.0
2022-11-08,-0.10006131594948431,0.0,0.0
2022-11-09,-0.14349022466876316,0.0,0.0
2022-11-10,0.10742489862358795,0.0,0.0
2022-11-11,-0.03141443647663533,0.0,0.0
2022-11-12,-0.013802006476365758,0.0,0.0
2022-11-13,-0.026538209918333333,0.0,0.0
2022-11-14,0.016194463988263186,0.0,0.0
2022-11-15,0.016031463998783302,0.0,0.0
2022-11-16,-0.0127437818409466,0.0,0.0
2022-11-17,0.0010845070736082985,0.0,0.0
2022-11-18,0.0006148167681003791,0.0,0.0
2022-11-19,0.0008246325823211276,0.0,0.0
2022-11-20,-0.025115259939095247,0.0,0.0
2022-11-21,-0.030969374751391165,0.0,0.0
2022-11-22,0.025494274188105903,0.0,0.0
2022-11-23,0.02600021570334854,0.0,0.0
2022-11-24,-0.0003757930043709612,0.0,0.0
2022-11-25,-0.004975953615638518,0.0,0.0
2022-11-26,-0.0034839061881034583,0.0,0.0
2022-11-27,-0.0011937537130568554,0.0,0.0
2022-11-28,-0.013822428939733733,0.0,0.0
2022-11-29,0.014038085481754337,0.0,0.0
2022-11-30,0.044000289316970864,0.0,0.0
2022-12-01,-0.011732697360023692,0.0,0.0
2022-12-02,0.007162515027905547,0.0,0.0
2022-12-03,-0.010558102652595158,0.0,0.0
2022-12-04,0.013144481522908036,0.0,0.0
2022-12-05,-0.00908673304822849,0.0,0.0
2022-12-06,0.006755753090715411,0.0,0.0
2022-12-07,-0.01412428087141393,0.0,0.0
2022-12-08,0.022871839541696026,0.0,0.0
2022-12-09,-0.005821360340788395,0.0,0.0
2022-12-10,-0.00025843080632004245,0.0,0.0
2022-12-11,-0.0014321702613265819,0.0,0.0
2022-12-12,0.005977723618808328,0.0,0.0
2022-12-13,0.033410801008343594,0.0,0.0
2022-12-14,0.0019307922256450727,-0.000999250499687506,1.0
2022-12-15,-0.02530276169357326,-0.025302761693573202,1.0
2022-12-16,-0.04131220425223303,-0.041312204252232955,1.0
2022-12-17,0.008866650272798315,0.007858035839188161,0.0
2022-12-18,-0.0022098857704312413,0.0,0.0
2022-12-19,-0.01899375344110854,0.0,0.0
2022-12-20,0.028384068842582266,0.0,0.0
2022-12-21,-0.005250676176186131,0.0,0.0
2022-12-22,0.0007615052090579333,0.0,0.0
2022-12-23,-0.001983838015767403,-0.0009992504996877412,1.0
2022-12-24,0.003024520816182319,0.0030245208161823627,1.0
2022-12-25,-0.000342451024228807,-0.00034245102422890503,1.0
2022-12-26,0.004620497716771643,0.004620497716771575,1.0
2022-12-27,-0.011975957353969946,-0.011975957353969781,1.0
2022-12-28,-0.009846255365429935,-0.009846255365429865,1.0
2022-12-29,0.0054232979508825885,0.0054232979508825425,1.0
2022-12-30,-0.002388838052975517,-0.002388838052975528,1.0
2022-12-31,-0.0033181483870876605,-0.003318148387087708,1.0
2023-01-01,0.0046885633896178724,0.0046885633896178065,1.0
2023-01-02,0.0038129515588565255,0.0038129515588565493,1.0
2023-01-03,-0.000516121662866742,-0.0005161216628667925,1.0
2023-01-04,0.010994150293785143,0.010994150293785044,1.0
2023-01-05,-0.0015715814888571655,-0.00157158148885713,1.0
2023-01-06,0.006844106816741524,0.0068441068167414115,1.0
2023-01-07,0.00018342264818071996,0.0001834226481806872,1.0
2023-01-08,0.008025112314249405,0.008025112314249556,1.0
2023-01-09,0.006167530562816603,0.006167530562816443,1.0
2023-01-10,0.014522576515372032,0.014522576515372266,1.0
2023-01-11,0.02800615102017323,0.028006151020173266,1.0
2023-01-12,0.052115795988246116,0.05211579598824604,1.0
2023-01-13,0.05511441660269112,0.05511441660269108,1.0
2023-01-14,0.05357847423830919,0.05357847423830904,1.0
2023-01-15,-0.004552757413617381,-0.00455275741361729,1.0
2023-01-16,0.013832516023570829,0.0138325160235708,1.0
2023-01-17,-0.00038325091993141047,-0.00038325091993131463,1.0
2023-01-18,-0.022339524368838015,-0.022339524368838008,1.0
2023-01-19,0.019238045679950355,0.019238045679950314,1.0
2023-01-20,0.07539125404137925,0.07539125404137924,1.0
2023-01-21,0.004457126566322689,0.0044571265663227175,1.0
2023-01-22,-0.002511630794474806,-0.002511630794474863,1.0
2023-01-23,0.009419529327844067,0.009419529327844157,1.0
2023-01-24,-0.012991945703908492,-0.012991945703908367,1.0
2023-01-25,0.021266153759075257,0.02126615375907509,1.0
2023-01-26,-0.003680359408276712,-0.003680359408276686,1.0
2023-01-27,0.0019950339114214177,0.0019950339114213136,1.0
2023-01-28,-0.0020641809553220147,-0.0020641809553219818,1.0
2023-01-29,0.03228143207915801,0.032281432079158026,1.0
2023-01-30,-0.03930367092328346,-0.03930367092328352,1.0
2023-01-31,0.013097316769725253,0.013097316769725266,1.0
2023-02-01,0.025259482888651652,0.025259482888651732,1.0
2023-02-02,-0.01061797692681965,-0.0106179769268197,1.0
2023-02-03,-0.0009606745041729203,-0.0009606745041729799,1.0
2023-02-04,-0.005009723012217249,-0.005009723012217243,1.0
2023-02-05,-0.01612309690031044,-0.01612309690031043,1.0
2023-02-06,-0.008518883333286542,-0.00851888333328653,1.0
2023-02-07,0.022151986720186922,0.022151986720186798,1.0
2023-02-08,-0.013965290320121615,-0.013965290320121674,1.0
2023-02-09,-0.04883996317743455,-0.04883996317743452,1.0
2023-02-10,-0.007693073387383564,-0.007693073387383495,1.0
2023-02-11,0.010146854341645195,0.010146854341645231,1.0
2023-02-12,-0.003779998514005456,-0.003779998514005467,1.0
2023-02-13,0.0009132665684197239,0.0009132665684196641,1.0
2023-02-14,0.018924303145655852,0.01892430314565585,1.0
2023-02-15,0.09392266116037784,0.09392266116037783,1.0
2023-02-16,-0.028154173176657027,-0.028154173176657003,1.0
2023-02-17,0.03988096453648349,0.03988096453648345,1.0
2023-02-18,0.0030805588480080637,0.0030805588480079795,1.0
2023-02-19,-0.012728023845912761,-0.012728023845912715,1.0
2023-02-20,0.020614650916729094,0.020614650916729028,1.0
2023-02-21,-0.01581991113645098,-0.015819911136450926,1.0
2023-02-22,-0.01012875204423358,-0.010128752044233542,1.0
2023-02-23,-0.00997780485063493,-0.009977804850634948,1.0
2023-02-24,-0.03129201289670536,-0.0312920128967054,1.0
2023-02-25,-0.0009807668166905703,-0.0009807668166904658,1.0
2023-02-26,0.016648614774302573,0.016648614774302378,1.0
2023-02-27,-0.0016273269569350157,-0.0016273269569349847,1.0
2023-02-28,-0.01596393470118429,-0.015963934701184283,1.0
2023-03-01,0.02156606219747892,0.02156606219747887,1.0
2023-03-02,-0.007235050302163204,-0.008227567060623601,0.0
2023-03-03,-0.047402129167592566,0.0,0.0
2023-03-04,-0.0004172164631153219,0.0,0.0
2023-03-05,0.0036756935285233716,0.0,0.0
2023-03-06,-0.00025655126328649747,0.0,0.0
2023-03-07,-0.00936203961743065,0.0,0.0
2023-03-08,-0.022578517406286358,0.0,0.0
2023-03-09,-0.06239311158608585,0.0,0.0
2023-03-10,-0.008632183779056501,0.0,0.0
2023-03-11,0.022051846825845045,0.0,0.0
2023-03-12,0.07422977009964415,0.0,0.0
2023-03-13,0.09175187888693825,-0.000999250499687473,1.0
2023-03-14,0.022669294883089997,0.022669294883089927,1.0
2023-03-15,-0.014956444322371198,-0.014956444322371299,1.0
2023-03-16,0.027766213062754286,0.027766213062754348,1.0
2023-03-17,0.0946457745317153,0.09464577453171528,1.0
2023-03-18,-0.01670259464889101,-0.01670259464889098,1.0
2023-03-19,0.039783493752593824,0.039783493752593976,1.0
2023-03-20,-0.00968089417783835,-0.009680894177838349,1.0
2023-03-21,0.014714466837708162,0.014714466837708124,1.0
2023-03-22,-0.030820008681536337,-0.030820008681536448,1.0
2023-03-23,0.03759177902540278,0.03759177902540296,1.0
2023-03-24,-0.02967065403073854,-0.02967065403073863,1.0
2023-03-25,5.17171735541222e-05,5.1717173554208304e-05,1.0
2023-03-26,0.018171608313816145,0.01817160831381607,1.0
2023-03-27,-0.03052194511765327,-0.030521945117653226,1.0
2023-03-28,0.004725228944394866,0.004725228944394955,1.0
2023-03-29,0.0396180637553154,0.0396180637553153,1.0
2023-03-30,-0.0111074503792854,-0.011107450379285302,1.0
2023-03-31,0.015871042968584437,0.01587104296858462,1.0
2023-04-01,-0.0023684272611504964,-0.0023684272611507106,1.0
2023-04-02,-0.00745226498561502,-0.0074522649856150185,1.0
2023-04-03,-0.014507018470504951,-0.014507018470504871,1.0
2023-04-04,0.0135971982612757,0.0135971982612757,1.0
2023-04-05,0.000351267384649967,0.0003512673846499519,1.0
2023-04-06,-0.004749940528704033,-0.004749940528703985,1.0
2023-04-07,-0.004217681389550476,-0.004217681389550502,1.0
2023-04-08,0.0007854922772632111,0.0007854922772631453,1.0
2023-04-09,0.013784839213681899,0.013784839213681828,1.0
2023-04-10,0.04658621825410658,0.04658621825410661,1.0
2023-04-11,0.019629666758571807,0.0196296667585719,1.0
2023-04-12,-0.003175315803583212,-0.0031753158035831893,1.0
2023-04-13,0.00862713483952482,0.008627134839524552,1.0
2023-04-14,0.002849851088919886,0.002849851088919963,1.0
2023-04-15,-0.005484641300179338,-0.005484641300179345,1.0
2023-04-16,-0.00010358775680330279,-0.00010358775680307658,1.0
2023-04-17,-0.028708571396173888,-0.02870857139617396,1.0
2023-04-18,0.032348662229154,0.032348662229153904,1.0
2023-04-19,-0.0518092051895368,-0.05180920518953687,1.0
2023-04-20,-0.020008250880993006,-0.02000825088099282,1.0
2023-04-21,-0.034308522518338824,-0.03430852251833889,1.0
2023-04-22,0.01981858797984626,0.01879902434651337,0.0
2023-04-23,-0.008128524647254443,0.0,0.0
2023-04-24,-0.002393679129772508,0.0,0.0
2023-04-25,0.02841955147295372,0.0,0.0
2023-04-26,0.004066170397882152,0.0,0.0
2023-04-27,0.036980508331842854,-0.0009992504996877009,1.0
2023-04-28,-0.00453030993708059,-0.004530309937080585,1.0
2023-04-29,-0.0031279011203009244,-0.004124524001155982,0.0
2023-04-30,0.000694680667924441,0.0,0.0
2023-05-01,-0.04022160164248023,0.0,0.0
2023-05-02,0.020966033026897257,0.0,0.0
2023-05-03,0.01135862564681589,0.0,0.0
2023-05-04,-0.005467695268338013,0.0,0.0
2023-05-05,0.023803407820215394,0.0,0.0
2023-05-06,-0.021323001096775096,0.0,0.0
2023-05-07,-0.015556145829018653,0.0,0.0
2023-05-08,-0.026733637409259936,0.0,0.0
2023-05-09,-0.0012817829272578907,0.0,0.0
2023-05-10,-0.0013384371045779275,0.0,0.0
2023-05-11,-0.022481076150133283,0.0,0.0
2023-05-12,-0.007251596524522896,0.0,0.0
2023-05-13,-0.0007801573211611013,0.0,0.0
2023-05-14,0.005471927993601522,0.0,0.0
2023-05-15,0.009730726801279843,0.0,0.0
2023-05-16,-0.005738415341494774,0.0,0.0
2023-05-17,0.013394867282656264,0.0,0.0
2023-05-18,-0.02067950762275983,0.0,0.0
2023-05-19,0.0021585968530852817,0.0,0.0
2023-05-20,0.008905016115201336,0.0,0.0
2023-05-21,-0.013850552916312875,0.0,0.0
2023-05-22,0.0036425134576618667,0.0,0.0
2023-05-23,0.013945303754316907,0.0,0.0
2023-05-24,-0.03272302765106416,0.0,0.0
2023-05-25,0.005368887301425707,0.0,0.0
2023-05-26,0.009181223884829448,0.0,0.0
2023-05-27,0.005578834405180588,0.0,0.0
2023-05-28,0.0453058267244435,0.0,0.0
2023-05-29,-0.0120973437068298,-0.0009992504996875616,1.0
2023-05-30,-0.0015690671469931194,-0.0015690671469931658,1.0
2023-05-31,-0.01742420455507676,-0.01742420455507675,1.0
2023-06-01,-0.014683709247646393,-0.015668779209325974,0.0
2023-06-02,0.01601855426947596,0.0,0.0
2023-06-03,-0.0064023326039167605,0.0,0.0
2023-06-04,0.001622799291266075,0.0,0.0
2023-06-05,-0.05011119223804861,0.0,0.0
2023-06-06,0.057402171630208665,0.0,0.0
2023-06-07,-0.03277624957004588,0.0,0.0
2023-06-08,0.0061572444403654725,0.0,0.0
2023-06-09,-0.0010503081775867784,0.0,0.0
2023-06-10,-0.02375852931180167,0.0,0.0
2023-06-11,0.0034399794195076883,0.0,0.0
2023-06-12,-0.001452109670044499,0.0,0.0
2023-06-13,0.0006265231396582749,0.0,0.0
2023-06-14,-0.030636253390914137,0.0,0.0
2023-06-15,0.017979087727655774,0.0,0.0
2023-06-16,0.029365685552642073,0.0,0.0
2023-06-17,0.006959002900740696,0.0,0.0
2023-06-18,-0.006580854145875503,0.0,0.0
2023-06-19,0.019547852547670663,-0.0009992504996875903,1.0
2023-06-20,0.05498705349618893,0.054987053496188924,1.0
2023-06-21,0.06000562340273241,0.06000562340273227,1.0
2023-06-22,-0.0038303689299371557,-0.003830368929937179,1.0
2023-06-23,0.02618280743799839,0.026182807437998303,1.0
2023-06-24,-0.0047815994828226405,-0.004781599482822533,1.0
2023-06-25,-0.002240147837737516,-0.0022401478377375742,1.0
2023-06-26,-0.006861189753050945,-0.006861189753051144,1.0
2023-06-27,0.013776598074988877,0.013776598074988905,1.0
2023-06-28,-0.01961401038928634,-0.019614010389286497,1.0
2023-06-29,0.011935868224670187,0.011935868224670253,1.0
2023-06-30,0.0010477918298796851,0.0010477918298796838,1.0
2023-07-01,0.0037019798257575953,0.0037019798257576716,1.0
2023-07-02,0.0010033124506771962,0.001003312450677044,1.0
2023-07-03,0.01749367929268808,0.017493679292688094,1.0
2023-07-04,-0.012159843310882601,-0.012159843310882499,1.0
2023-07-05,-0.0085586975402272,-0.008558697540227362,1.0
2023-07-06,-0.019821224171432172,-0.019821224171432075,1.0
2023-07-07,0.014474667943441766,0.014474667943441946,1.0
2023-07-08,-0.0016387902600796256,-0.001638790260079837,1.0
2023-07-09,-0.004004505286051452,-0.004004505286051398,1.0
2023-07-10,0.008061862007427312,0.008061862007427412,1.0
2023-07-11,0.006788889103658935,0.006788889103658927,1.0
2023-07-12,-0.007488490028050299,-0.007488490028050174,1.0
2023-07-13,0.03568093437476372,0.0356809343747636,1.0
2023-07-14,-0.036280934592069825,-0.0362809345920699,1.0
2023-07-15,-0.001261344778969442,-0.001261344778969471,1.0
2023-07-16,-0.001540603578530031,-0.0015406035785300114,1.0
2023-07-17,-0.0034131272874816654,-0.0034131272874815396,1.0
2023-07-18,-0.009597533349379406,-0.009597533349379387,1.0
2023-07-19,0.0019212301525000086,0.0019212301524999368,1.0
2023-07-20,-0.0040752996439197275,-0.0040752996439197145,1.0
2023-07-21,0.0039181140710413676,0.003918114071041445,1.0
2023-07-22,-0.004578641136054662,-0.0045786411360546255,1.0
2023-07-23,0.010504447141318263,0.010504447141318183,1.0
2023-07-24,-0.03016908602087709,-0.030169086020876958,1.0
2023-07-25,0.0017299501204297574,0.0017299501204297366,1.0
2023-07-26,0.004365152978824893,0.004365152978825051,1.0
2023-07-27,-0.004915119656712763,-0.004915119656712792,1.0
2023-07-28,0.0037163327075591113,0.0037163327075591173,1.0
2023-07-29,0.001284885528077373,0.0012848855280774025,1.0
2023-07-30,-0.002779902682116475,-0.0027799026821163694,1.0
2023-07-31,-0.0015438698273756435,-0.0015438698273757395,1.0
2023-08-01,0.015245275282999904,0.01524527528300003,1.0
2023-08-02,-0.01764989082843693,-0.018631995350081337,0.0
2023-08-03,0.0009166006009861949,-0.0009992504996875775,1.0
2023-08-04,-0.0035843942133476636,-0.003584394213347611,1.0
2023-08-05,-0.0010994270766331304,-0.00209807792441316,0.0
2023-08-06,-9.347950838400898e-06,0.0,0.0
2023-08-07,0.004776645775930843,0.0,0.0
2023-08-08,0.020044635853149417,0.0,0.0
2023-08-09,-0.006853508270246889,-0.0009992504996876445,1.0
2023-08-10,-0.004461964714047806,-0.004461964714047824,1.0
2023-08-11,-0.001083159880198692,-0.0010831598801987938,1.0
2023-08-12,0.0006207965516027425,0.0006207965516026607,1.0
2023-08-13,-0.004523080645381872,-0.004523080645381823,1.0
2023-08-14,0.004286776125049352,0.004286776125049429,1.0
2023-08-15,-0.008096168172366025,-0.008096168172365964,1.0
2023-08-16,-0.016063173634291772,-0.016063173634291765,1.0
2023-08-17,-0.07097917151940503,-0.0709791715194051,1.0
2023-08-18,-0.02306411031148714,-0.024040801967203238,0.0
2023-08-19,0.0017907574452629138,0.0,0.0
2023-08-20,0.00357825614760654,0.0,0.0
2023-08-21,-0.002498831574187843,0.0,0.0
2023-08-22,-0.0035401882238949023,0.0,0.0
2023-08-23,0.015365306423789304,0.0,0.0
2023-08-24,-0.01018731988472621,0.0,0.0
2023-08-25,-0.004384352975912553,0.0,0.0
2023-08-26,-0.0015051281432193475,0.0,0.0
2023-08-27,0.0031232321991347956,0.0,0.0
2023-08-28,0.0006307866874213364,0.0,0.0
2023-08-29,0.062101924766441385,0.0,0.0
2023-08-30,-0.015512708305083889,-0.0009992504996876393,1.0
2023-08-31,-0.0500340578984273,-0.050034057898427325,1.0
2023-09-01,-0.005042060225742162,-0.0060367694260314185,0.0
2023-09-02,0.0026384615075991658,0.0,0.0
2023-09-03,0.0038953327054152,0.0,0.0
2023-09-04,-0.006051329012069284,0.0,0.0
2023-09-05,-0.0012565113521479931,0.0,0.0
2023-09-06,-0.0010374752516241204,0.0,0.0
2023-09-07,0.018908652030005024,0.0,0.0
2023-09-08,-0.012749181613965876,0.0,0.0
2023-09-09,-0.0003851113886439439,0.0,0.0
2023-09-10,-0.0024502611024840304,0.0,0.0
2023-09-11,-0.02592003689674205,0.0,0.0
2023-09-12,0.026654161568650414,0.0,0.0
2023-09-13,0.01528956036711282,0.0,0.0
2023-09-14,0.011870739692642074,0.0,0.0
2023-09-15,0.0026006171627044328,0.0,0.0
2023-09-16,-0.001518755875352329,0.0,0.0
2023-09-17,-0.0012832501161511578,0.0,0.0
2023-09-18,0.008294723552398242,0.0,0.0
2023-09-19,0.017075246134672373,-0.000999250499687661,1.0
2023-09-20,-0.00290724465500225,-0.0029072446550022606,1.0
2023-09-21,-0.02080107760178318,-0.020801077601783083,1.0
2023-09-22,0.0004492514240630463,0.00044925142406296753,1.0
2023-09-23,-6.686879658768241e-06,-6.6868796586984125e-06,1.0
2023-09-24,-0.01213588594546644,-0.012135885945466383,1.0
2023-09-25,0.0015864178176880905,0.0005850817964749358,0.0
2023-09-26,-0.0030887894396227633,0.0,0.0
2023-09-27,0.005167086436411061,-0.0009992504996874402,1.0
2023-09-28,0.02537992888096885,0.02537992888096873,1.0
2023-09-29,-0.004064392478456136,-0.004064392478456129,1.0
2023-09-30,0.0020881352448591795,0.0020881352448591036,1.0
2023-10-01,0.037668241913332734,0.03766824191333261,1.0
2023-10-02,-0.016186709920936293,-0.01618670992093625,1.0
2023-10-03,-0.003661597010505724,-0.0036615970105055903,1.0
2023-10-04,0.013467601347721292,0.013467601347721287,1.0
2023-10-05,-0.01379463216164356,-0.01379463216164359,1.0
2023-10-06,0.01935684447622399,0.019356844476224117,1.0
2023-10-07,0.0007958817661306572,0.0007958817661306551,1.0
2023-10-08,-0.001206700034343422,-0.0012067000343434528,1.0
2023-10-09,-0.012579594744121514,-0.012579594744121552,1.0
2023-10-10,-0.006984500217130485,-0.006984500217130422,1.0
2023-10-11,-0.018900326735168282,-0.018900326735168244,1.0
2023-10-12,-0.0043359541366684295,-0.0053313692665201825,0.0
2023-10-13,0.003945769916393171,0.0,0.0
2023-10-14,-2.4866332556272575e-05,0.0,0.0
2023-10-15,0.011091823470242623,0.0,0.0
2023-10-16,0.05006744695824206,0.0,0.0
2023-10-17,-0.0036367703063566736,-0.000999250499687548,1.0
2023-10-18,-0.0030759792019486865,-0.003075979201948616,1.0
2023-10-19,0.013818840741083749,0.013818840741083705,1.0
2023-10-20,0.033535830870205396,0.03353583087020527,1.0
2023-10-21,0.007932597562652743,0.007932597562652747,1.0
2023-10-22,0.002523007395046406,0.002523007395046436,1.0
2023-10-23,0.10309890521346299,0.10309890521346299,1.0
2023-10-24,0.02464145540134477,0.02464145540134472,1.0
2023-10-25,0.017736456610143003,0.017736456610142965,1.0
2023-10-26,-0.010033147199696724,-0.010033147199696762,1.0
2023-10-27,-0.007226928505637331,-0.007226928505637197,1.0
2023-10-28,0.005301518539129857,0.005301518539129923,1.0
2023-10-29,0.013168432293093613,0.013168432293093576,1.0
2023-10-30,-0.0010457086417764438,-0.0010457086417764085,1.0
2023-10-31,0.004794395311462418,0.0047943953114624425,1.0
2023-11-01,0.022195613001625203,0.022195613001625248,1.0
2023-11-02,-0.014081557224217889,-0.014081557224217849,1.0
2023-11-03,-0.005893770145759425,-0.005893770145759564,1.0
2023-11-04,0.010073356782761111,0.010073356782761084,1.0
2023-11-05,-0.0009360829177728069,-0.0009360829177727075,1.0
2023-11-06,-0.0003419285416157436,-0.00034192854161577385,1.0
2023-11-07,0.011593090279608864,0.011593090279608694,1.0
2023-11-08,0.005973294692089626,0.005973294692089744,1.0
2023-11-09,0.029107827327892632,0.02910782732789275,1.0
2023-11-10,0.01691989303173269,0.016919893031732844,1.0
2023-11-11,-0.0047145338500075296,-0.004714533850007553,1.0
2023-11-12,-0.002249209321512735,-0.0022492093215127013,1.0
2023-11-13,-0.014901395821212304,-0.014901395821212445,1.0
2023-11-14,-0.026428838121854925,-0.026428838121854814,1.0
2023-11-15,0.06592844558740318,0.06592844558740293,1.0
2023-11-16,-0.04555929205565723,-0.04555929205565704,1.0
2023-11-17,0.012222842746045792,0.012222842746045856,1.0
2023-11-18,-0.000300039994658885,-0.00030003999465887007,1.0
2023-11-19,0.021889527372586093,0.021889527372586152,1.0
2023-11-20,0.0024182537251242753,0.002418253725124324,1.0
2023-11-21,-0.04437779006078835,-0.04437779006078847,1.0
2023-11-22,0.045192824521265385,0.045192824521265385,1.0
2023-11-23,-0.003812712499291715,-0.003812712499291672,1.0
2023-11-24,0.011549062275727495,0.011549062275727526,1.0
2023-11-25,0.0020283973558654633,0.0020283973558653462,1.0
2023-11-26,-0.008404730932136117,-0.008404730932136277,1.0
2023-11-27,-0.006002091789647501,-0.0060020917896473,1.0
2023-11-28,0.01548599794884531,0.015485997948845219,1.0
2023-11-29,0.0007244373065387055,0.00072443730653888,1.0
2023-11-30,-0.0038497596002547985,-0.0038497596002549025,1.0
2023-12-01,0.025879947957747618,0.025879947957747628,1.0
2023-12-02,0.020356874575942596,0.02035687457594257,1.0
2023-12-03,0.012717964611113297,0.01271796461111342,1.0
2023-12-04,0.05006972516793251,0.05006972516793255,1.0
2023-12-05,0.05003682455553493,0.0500368245555349,1.0
2023-12-06,-0.007581629055975703,-0.007581629055975815,1.0
2023-12-07,-0.010372985662227885,-0.010372985662227805,1.0
2023-12-08,0.02018673414826888,0.020186734148268767,1.0
2023-12-09,-0.009976252913108663,-0.009976252913108693,1.0
2023-12-10,0.0012284421841561866,0.0012284421841560643,1.0
2023-12-11,-0.05792335792051162,-0.057923357920511495,1.0
2023-12-12,0.005004157345118276,0.005004157345118132,1.0
2023-12-13,0.03475299863154757,0.034752998631547606,1.0
2023-12-14,0.0031062756659134827,0.0031062756659134935,1.0
2023-12-15,-0.025432678020983368,-0.025432678020983437,1.0
2023-12-16,0.007401888090740938,0.007401888090740999,1.0
2023-12-17,-0.02072563201266564,-0.020725632012665657,1.0
2023-12-18,0.030433584522719714,0.030433584522719794,1.0
2023-12-19,-0.008282083715112631,-0.008282083715112782,1.0
2023-12-20,0.032687613405284255,0.03268761340528438,1.0
2023-12-21,0.0049688697318006625,0.004968869731800723,1.0
2023-12-22,0.002934864092908329,0.0019321799625314567,0.0
2023-12-23,-0.005872083923035065,0.0,0.0
2023-12-24,-0.01653939964043194,0.0,0.0
2023-12-25,0.013879063861056418,0.0,0.0
2023-12-26,-0.025055253200995553,0.0,0.0
2023-12-27,0.021694364920222586,0.0,0.0
2023-12-28,-0.01876027694786908,0.0,0.0
2023-12-29,-0.012396896798793966,-0.0009992504996876245,1.0
2023-12-30,0.0013658151137276864,0.0003646996400677272,0.0
2023-12-31,0.002568622223877659,0.0,0.0
2024-01-01,0.0450049945064126,0.0,0.0
2024-01-02,0.017900939051301412,-0.0009992504996875393,1.0
2024-01-03,-0.04692812036242189,-0.04692812036242184,1.0
2024-01-04,0.03108057856532498,0.03004975575690447,0.0
2024-01-05,-0.0003900067727314882,0.0,0.0
2024-01-06,-0.003928567037593367,0.0,0.0
2024-01-07,-0.0010479313368322307,0.0,0.0
2024-01-08,0.06889378335779228,0.0,0.0
2024-01-09,-0.017687130611972357,-0.0009992504996873882,1.0
2024-01-10,0.010577584004972662,0.010577584004972567,1.0
2024-01-11,-0.005558733892443213,-0.00555873389244314,1.0
2024-01-12,-0.07581464687080208,-0.07581464687080214,1.0
2024-01-13,-0.0002516769882185965,-0.0012511753741494293,0.0
2024-01-14,-0.0244177193838242,0.0,0.0
2024-01-15,0.01712351907901466,0.0,0.0
2024-01-16,0.015124600939588229,0.0,0.0
2024-01-17,-0.009553782672285682,0.0,0.0
2024-01-18,-0.034639725632667706,0.0,0.0
2024-01-19,0.00863620644230223,0.0,0.0
2024-01-20,0.0011336255217606617,0.0,0.0
2024-01-21,-0.0028752933279206916,0.0,0.0
2024-01-22,-0.049064374667218136,0.0,0.0
2024-01-23,0.008560013431039293,0.0,0.0
2024-01-24,0.005810521700930993,0.0,0.0
2024-01-25,-0.0035747525934159974,0.0,0.0
2024-01-26,0.04715459322091098,0.0,0.0
2024-01-27,0.007250269707417489,0.0,0.0
2024-01-28,-0.002005242826170095,0.0,0.0
2024-01-29,0.029799801358818767,0.0,0.0
2024-01-30,-0.007753530092744043,0.0,0.0
2024-01-31,-0.00861423582021903,-0.0009992504996877386,1.0
2024-02-01,0.011581441842771323,0.010570113296288985,0.0
2024-02-02,0.0025556346111748063,0.0,0.0
2024-02-03,-0.0044831659668692625,0.0,0.0
2024-02-04,-0.009505619472114146,0.0,0.0
2024-02-05,0.0017632602500394778,0.0,0.0
2024-02-06,0.009986338686479135,0.0,0.0
2024-02-07,0.028630850081180936,0.0,0.0
2024-02-08,0.022188248784866804,-0.0009992504996876083,1.0
2024-02-09,0.040741037427910465,0.04074103742791036,1.0
2024-02-10,0.013236801662479536,0.013236801662479432,1.0
2024-02-11,0.010940478338881565,0.01094047833888153,1.0
2024-02-12,0.034461993507690414,0.03446199350769056,1.0
2024-02-13,-0.004319233922406296,-0.004319233922406168,1.0
2024-02-14,0.041900916949929146,0.04190091694992913,1.0
2024-02-15,0.0021583350882306007,0.002158335088230538,1.0
2024-02-16,0.004267512618200353,0.004267512618200342,1.0
2024-02-17,-0.009532306269177337,-0.009532306269177265,1.0
2024-02-18,0.008895163192163213,0.008895163192163177,1.0
2024-02-19,-0.006588364620277343,-0.00658836462027726,1.0
2024-02-20,0.009767068832988945,0.009767068832988812,1.0
2024-02-21,-0.008524364120598982,-0.008524364120598805,1.0
2024-02-22,-0.010305082651198116,-0.010305082651198165,1.0
2024-02-23,-0.011168964874795462,-0.011168964874795516,1.0
2024-02-24,0.016540904827679226,0.01654090482767911,1.0
2024-02-25,0.003143945229742817,0.003143945229742887,1.0
2024-02-26,0.053914352844811164,0.053914352844811046,1.0
2024-02-27,0.04700762695380023,0.047007626953800175,1.0
2024-02-28,0.09493531994124749,0.09493531994124749,1.0
2024-02-29,-0.020900898468654838,-0.020900898468654824,1.0
2024-03-01,0.020298739001094468,0.02029873900109433,1.0
2024-03-02,-0.006578811548619723,-0.006578811548619689,1.0
2024-03-03,0.01833832389535761,0.018338323895357635,1.0
2024-03-04,0.08173591649219114,0.08173591649219117,1.0
2024-03-05,-0.06628402455760396,-0.06628402455760407,1.0
2024-03-06,0.03613733749494208,0.03613733749494206,1.0
2024-03-07,0.012384196927533564,0.012384196927533531,1.0
2024-03-08,0.020539401213709896,0.02053940121370991,1.0
2024-03-09,0.0029105240064184468,0.0029105240064183882,1.0
2024-03-10,0.007604594828588107,0.00760459482858812,1.0
2024-03-11,0.04497430707429584,0.04497430707429584,1.0
2024-03-12,-0.008909905479502545,-0.008909905479502449,1.0
2024-03-13,0.022414410239567806,0.022414410239567712,1.0
2024-03-14,-0.0230819028918976,-0.02308190289189764,1.0
2024-03-15,-0.027911980219644583,-0.027911980219644555,1.0
2024-03-16,-0.05891115205258901,-0.05891115205258906,1.0
2024-03-17,0.04708722796395115,0.04708722796395124,1.0
2024-03-18,-0.0123120859035869,-0.012312085903586928,1.0
2024-03-19,-0.08343356981432348,-0.08343356981432354,1.0
2024-03-20,0.09692504638897836,0.09582839557385107,0.0
2024-03-21,-0.03566706353999505,0.0,0.0
2024-03-22,-0.02615044343853401,0.0,0.0
2024-03-23,0.004444134671348854,0.0,0.0
2024-03-24,0.04951388799118828,0.0,0.0
2024-03-25,0.04052464020923141,0.0,0.0
2024-03-26,0.00041486463910467286,-0.0009992504996875786,1.0
2024-03-27,-0.007608353371227561,-0.007608353371227603,1.0
2024-03-28,0.018567460837021654,0.01856746083702165,1.0
2024-03-29,-0.01204502883045766,-0.012045028830457657,1.0
2024-03-30,-0.0035414711944022903,-0.0035414711944022643,1.0
2024-03-31,0.02424203264779501,0.02424203264779496,1.0
2024-04-01,-0.022871394296192005,-0.022871394296192,1.0
2024-04-02,-0.061047985989492126,-0.061047985989492196,1.0
2024-04-03,0.008156830210526378,0.007148925419523564,0.0
2024-04-04,0.038314642609167615,0.0,0.0
2024-04-05,-0.009797320875087778,0.0,0.0
2024-04-06,0.015602971156545964,0.0,0.0
2024-04-07,0.006770270726916605,-0.0009992504996874825,1.0
2024-04-08,0.03270935878474601,0.03270935878474584,1.0
2024-04-09,-0.03479403115822832,-0.03575899582557776,0.0
2024-04-10,0.0209558550176423,0.0,0.0
2024-04-11,-0.007469744331340511,0.0,0.0
2024-04-12,-0.04088948430588779,0.0,0.0
2024-04-13,-0.05021729270691988,0.0,0.0
2024-04-14,0.03004089104268326,0.0,0.0
2024-04-15,-0.03517737178558533,0.0,0.0
2024-04-16,0.006080330797783695,0.0,0.0
2024-04-17,-0.03972884891052719,0.0,0.0
2024-04-18,0.03649124077498622,0.0,0.0
2024-04-19,0.005208661031110617,0.0,0.0
2024-04-20,0.018026421268684478,0.0,0.0
2024-04-21,-0.0010431180502996629,0.0,0.0
2024-04-22,0.029433758205850147,0.0,0.0
2024-04-23,-0.006439574982440521,0.0,0.0
2024-04-24,-0.03208044676017341,0.0,0.0
2024-04-25,0.0031863484195515657,0.0,0.0
2024-04-26,-0.011265004482557628,0.0,0.0
2024-04-27,-0.005272966802647994,0.0,0.0
2024-04-28,-0.004823625063903991,0.0,0.0
2024-04-29,0.011533090916022948,0.0,0.0
2024-04-30,-0.050191249309274655,0.0,0.0
2024-05-01,-0.03929695449375714,0.0,0.0
2024-05-02,0.014924669552331737,0.0,0.0
2024-05-03,0.06370405294167747,0.0,0.0
2024-05-04,0.015926845790239064,0.0,0.0
2024-05-05,0.002185896653241981,0.0,0.0
2024-05-06,-0.013574390387488533,0.0,0.0
2024-05-07,-0.01309542885757653,0.0,0.0
2024-05-08,-0.018398626419713127,0.0,0.0
2024-05-09,0.03043115176709965,0.0,0.0
2024-05-10,-0.035799920573900024,0.0,0.0
2024-05-11,1.5356984674586016e-05,0.0,0.0
2024-05-12,0.010768936188532141,0.0,0.0
2024-05-13,0.023646747788683697,0.0,0.0
2024-05-14,-0.02144084393922019,0.0,0.0
2024-05-15,0.07659609250545496,0.0,0.0
2024-05-16,-0.01563225228621834,-0.0009992504996876401,1.0
2024-05-17,0.02790508695432159,0.027905086954321628,1.0
2024-05-18,-0.0016564833198177142,-0.0016564833198175616,1.0
2024-05-19,-0.009895869986810912,-0.00989586998681094,1.0
2024-05-20,0.07800174241430358,0.07800174241430352,1.0
2024-05-21,-0.018358253231772315,-0.018358253231772276,1.0
2024-05-22,-0.01446030042296964,-0.014460300422969726,1.0
2024-05-23,-0.017255976976508713,-0.01725597697650864,1.0
2024-05-24,0.008781729788116976,0.008781729788116938,1.0
2024-05-25,0.010796524727518797,0.010796524727518873,1.0
2024-05-26,-0.010796814497022966,-0.010796814497023065,1.0
2024-05-27,0.012791671360530277,0.012791671360530233,1.0
2024-05-28,-0.015827408107827234,-0.015827408107827224,1.0
2024-05-29,-0.01051485738366742,-0.010514857383667371,1.0
2024-05-30,0.011644282841286824,0.011644282841286796,1.0
2024-05-31,-0.012778150001159894,-0.01277815000115983,1.0
2024-06-01,0.0031933460054698326,0.0031933460054699232,1.0
2024-06-02,0.0006596674454519835,0.0006596674454519303,1.0
2024-06-03,0.015544720172089965,0.015544720172089996,1.0
2024-06-04,0.025622992224831664,0.02562299222483174,1.0
2024-06-05,0.007298724608017615,0.00729872460801753,1.0
2024-06-06,-0.004581363662391591,-0.004581363662391569,1.0
2024-06-07,-0.01999201273457618,-0.01999201273457627,1.0
2024-06-08,-0.0005308786729295578,-0.0005308786729294727,1.0
2024-06-09,0.00493781012787653,0.004937810127876485,1.0
2024-06-10,-0.0019485261992140401,-0.0019485261992140716,1.0
2024-06-11,-0.03136496113771259,-0.03136496113771259,1.0
2024-06-12,0.013502581655740586,0.012489332449730432,0.0
2024-06-13,-0.021757960505889518,0.0,0.0
2024-06-14,-0.011164543099157487,0.0,0.0
2024-06-15,0.0027253941690672523,0.0,0.0
2024-06-16,0.006768999939568809,0.0,0.0
2024-06-17,-0.0022321747830370553,0.0,0.0
2024-06-18,-0.02029695827328193,0.0,0.0
2024-06-19,-0.0027701435671353414,0.0,0.0
2024-06-20,-0.00202647819256907,0.0,0.0
2024-06-21,-0.011298352821403679,0.0,0.0
2024-06-22,0.0024397531859308152,0.0,0.0
2024-06-23,-0.01668075089399379,0.0,0.0
2024-06-24,-0.04595356431233677,0.0,0.0
2024-06-25,0.025336630415439876,0.0,0.0
2024-06-26,-0.016072632592061153,0.0,0.0
2024-06-27,0.013048951973404943,0.0,0.0
2024-06-28,-0.020853310881755127,0.0,0.0
2024-06-29,0.009403861104374522,0.0,0.0
2024-06-30,0.029413551620566913,0.0,0.0
2024-07-01,0.002771094932125795,0.0,0.0
2024-07-02,-0.013093697885290578,0.0,0.0
2024-07-03,-0.02990687070088416,0.0,0.0
2024-07-04,-0.05311634426354228,0.0,0.0
2024-07-05,-0.005534237213954074,0.0,0.0
2024-07-06,0.02896391234041995,0.0,0.0
2024-07-07,-0.042097439142912196,0.0,0.0
2024-07-08,0.015326802715911692,0.0,0.0
2024-07-09,0.02299844211812685,0.0,0.0
2024-07-10,-0.004598069730556098,0.0,0.0
2024-07-11,-0.006885432015347748,0.0,0.0
2024-07-12,0.009670444019596935,0.0,0.0
2024-07-13,0.023013827240820017,0.0,0.0
2024-07-14,0.026266900915231206,0.0,0.0
2024-07-15,0.06715755212726138,0.0,0.0
2024-07-16,0.003499237870556282,-0.0009992504996874719,1.0
2024-07-17,-0.01502916014346345,-0.015029160143463465,1.0
2024-07-18,-0.0022571629283560934,-0.0022571629283561676,1.0
2024-07-19,0.042768734230136385,0.0427687342301364,1.0
2024-07-20,0.0067979482134701286,0.006797948213470198,1.0
2024-07-21,0.014753144342986024,0.014753144342985894,1.0
2024-07-22,-0.00835268752223095,-0.008352687522230859,1.0
2024-07-23,-0.02452573786440093,-0.024525737864400963,1.0
2024-07-24,-0.008426492953570563,-0.00842649295357054,1.0
2024-07-25,0.00619673448871394,0.006196734488713881,1.0
2024-07-26,0.032455548053117234,0.03142335061895113,0.0
2024-07-27,-0.0014537411892032726,-0.0009992504996877076,1.0
2024-07-28,0.006525726007755361,0.006525726007755509,1.0
2024-07-29,-0.021037797689324123,-0.0210377976893242,1.0
2024-07-30,-0.009262185475442442,-0.00926218547544238,1.0
2024-07-31,-0.023893373992326827,-0.023893373992326893,1.0
2024-08-01,0.011424614182306447,0.011424614182306368,1.0
2024-08-02,-0.06032105869640059,-0.06126050271796872,0.0
2024-08-03,-0.011967302150066583,0.0,0.0
2024-08-04,-0.04223983565450573,0.0,0.0
2024-08-05,-0.07098647891315102,0.0,0.0
2024-08-06,0.03783671505322772,0.0,0.0
2024-08-07,-0.017968550940289485,0.0,0.0
2024-08-08,0.12144256099404904,0.0,0.0
2024-08-09,-0.013450358103773374,0.0,0.0
2024-08-10,0.001079157301276501,0.0,0.0
2024-08-11,-0.036529632368097475,0.0,0.0
2024-08-12,0.010814659848586317,0.0,0.0
2024-08-13,0.021144992390795814,0.0,0.0
2024-08-14,-0.0308911115194338,0.0,0.0
2024-08-15,-0.020041310813293967,0.0,0.0
2024-08-16,0.023175912946963972,0.0,0.0
2024-08-17,0.00993082725079053,0.0,0.0
2024-08-18,-0.016728732324455264,0.0,0.0
2024-08-19,0.01726094125025579,0.0,0.0
2024-08-20,-0.008079210921579816,0.0,0.0
2024-08-21,0.03664287570061453,0.0,0.0
2024-08-22,-0.012967304646127387,0.0,0.0
2024-08-23,0.061482671821355916,0.0,0.0
2024-08-24,0.0013205019089592707,-0.0009992504996876497,1.0
2024-08-25,0.0024081210374646833,0.00240812103746473,1.0
2024-08-26,-0.022583597070127692,-0.022583597070127706,1.0
2024-08-27,-0.05369739018896724,-0.05369739018896725,1.0
2024-08-28,-0.00800797843742207,-0.008999722460979215,0.0
2024-08-29,0.006108236397788236,0.0,0.0
2024-08-30,-0.004524521990973862,0.0,0.0
2024-08-31,-0.002530098940268344,0.0,0.0
2024-09-01,-0.027885585694078285,0.0,0.0
2024-09-02,0.031172733823612075,0.0,0.0
2024-09-03,-0.02844504270361159,0.0,0.0
2024-09-04,0.00941156177702851,0.0,0.0
2024-09-05,-0.031240343288065575,0.0,0.0
2024-09-06,-0.03938239218868078,0.0,0.0
2024-09-07,0.003539165966313096,0.0,0.0
2024-09-08,0.012964221602682846,0.0,0.0
2024-09-09,0.039713831911113884,0.0,0.0
2024-09-10,0.011034389872275785,0.0,0.0
2024-09-11,-0.005300015516934153,0.0,0.0
2024-09-12,0.013669279499548104,0.0,0.0
2024-09-13,0.04205082955798245,0.0,0.0
2024-09-14,-0.00934732588201681,0.0,0.0
2024-09-15,-0.013703582981947293,0.0,0.0
2024-09-16,-0.016733367188517922,0.0,0.0
2024-09-17,0.0363626062794542,0.0,0.0
2024-09-18,0.02223798894564699,0.0,0.0
2024-09-19,0.020937291974474137,-0.0009992504996877043,1.0
2024-09-20,0.004012038411551844,0.004012038411551873,1.0
2024-09-21,0.003194394254405042,0.0031943942544049838,1.0
2024-09-22,0.004004601863112578,0.004004601863112398,1.0
2024-09-23,-0.005010473135318549,-0.005010473135318446,1.0
2024-09-24,0.01535087678718594,0.015350876787185896,1.0
2024-09-25,-0.018021597802944433,-0.018021597802944392,1.0
2024-09-26,0.032273891570151925,0.03227389157015192,1.0
2024-09-27,0.00935309904070647,0.009353099040706544,1.0
2024-09-28,0.0014741358273548943,0.0014741358273548228,1.0
2024-09-29,-0.003829909793174213,-0.003829909793174263,1.0
2024-09-30,-0.035130555094979754,-0.0351305550949797,1.0
2024-10-01,-0.039357521968434894,-0.03935752196843497,1.0
2024-10-02,-0.0033568819965540397,-0.004353275953777796,0.0
2024-10-03,0.0020882627636797935,0.0,0.0
2024-10-04,0.021528753876634443,0.0,0.0
2024-10-05,0.0003620681473552878,0.0,0.0
2024-10-06,0.011741093613744757,0.0,0.0
2024-10-07,-0.009269383518558882,0.0,0.0
2024-10-08,-0.001682150134457161,-0.000999250499687556,1.0
2024-10-09,-0.024944762232405493,-0.0249447622324056,1.0
2024-10-10,-0.005077433013489285,-0.006072106849834054,0.0
2024-10-11,0.036011743668549645,0.0,0.0
2024-10-12,0.011977460447594401,-0.0009992504996875525,1.0
2024-10-13,-0.005406426515387475,-0.005406426515387353,1.0
2024-10-14,0.050830232433260125,0.05083023243326006,1.0
2024-10-15,0.015064992457922477,0.015064992457922477,1.0
2024-10-16,0.008526251733136592,0.008526251733136649,1.0
2024-10-17,-0.0031485616380424464,-0.0031485616380423362,1.0
2024-10-18,0.015118035686984221,0.015118035686984124,1.0
2024-10-19,-0.0008192879217548965,-0.0008192879217549674,1.0
2024-10-20,0.009346740674458287,0.009346740674458284,1.0
2024-10-21,-0.023678423698328066,-0.023678423698328028,1.0
2024-10-22,-9.567341618454961e-05,-9.567341618460661e-05,1.0
2024-10-23,-0.01379441121005398,-0.013794411210053984,1.0
2024-10-24,0.02602442034118191,0.026024420341181954,1.0
2024-10-25,-0.022280180844656217,-0.022280180844656168,1.0
2024-10-26,0.00558625096700216,0.00558625096700224,1.0
2024-10-27,0.01364777618155344,0.01364777618155351,1.0
2024-10-28,0.029125296867722028,0.029125296867721986,1.0
2024-10-29,0.04023493905417541,0.04023493905417547,1.0
2024-10-30,-0.005238593875544262,-0.005238593875544213,1.0
2024-10-31,-0.029366396164960396,-0.029366396164960354,1.0
2024-11-01,-0.010435331387529279,-0.010435331387529199,1.0
2024-11-02,-0.0027804900426771084,-0.0027804900426771652,1.0
2024-11-03,-0.00791112711687536,-0.007911127116875277,1.0
2024-11-04,-0.013523338185854272,-0.013523338185854357,1.0
2024-11-05,0.02282879023690776,0.02282879023690787,1.0
2024-11-06,0.09053568676993895,0.09053568676993892,1.0
2024-11-07,0.003513808689745934,0.0035138086897459763,1.0
2024-11-08,0.008439738809541852,0.008439738809541797,1.0
2024-11-09,0.0030490452928257916,0.0030490452928258085,1.0
2024-11-10,0.048129393514959595,0.04812939351495953,1.0
2024-11-11,0.10223522760015435,0.10223522760015437,1.0
2024-11-12,-0.008406532091926988,-0.00840653209192694,1.0
2024-11-13,0.029882636380625716,0.029882636380625733,1.0
2024-11-14,-0.03680261786927608,-0.03680261786927615,1.0
2024-11-15,0.04373133907381366,0.043731339073813755,1.0
2024-11-16,-0.005573223886622736,-0.005573223886622787,1.0
2024-11-17,-0.007869224693816235,-0.007869224693816254,1.0
2024-11-18,0.007755383808848215,0.007755383808848294,1.0
2024-11-19,0.019892819836786257,0.01989281983678624,1.0
2024-11-20,0.02161166598491282,0.021611665984912907,1.0
2024-11-21,0.044151545428309014,0.04415154542830878,1.0
2024-11-22,0.005004201495724558,0.005004201495724525,1.0
2024-11-23,-0.012327389984975179,-0.0123273899849752,1.0
2024-11-24,0.002419161787646784,0.0024191617876468665,1.0
2024-11-25,-0.05011051933125821,-0.050110519331258124,1.0
2024-11-26,-0.011997304040733403,-0.0119973040407334,1.0
2024-11-27,0.04323745271515378,0.043237452715153744,1.0
2024-11-28,-0.0032310787967048116,-0.0032310787967048346,1.0
2024-11-29,0.018912786163713058,0.018912786163713245,1.0
2024-11-30,-0.010388394458550332,-0.010388394458550356,1.0
2024-12-01,0.008613193542348574,0.008613193542348626,1.0
2024-12-02,-0.01454037255458307,-0.014540372554583013,1.0
2024-12-03,0.0014276215513644441,0.0014276215513645155,1.0
2024-12-04,0.02881567529768403,0.02881567529768392,1.0
2024-12-05,-0.022020788503929523,-0.022020788503929474,1.0
2024-12-06,0.03444474217316973,0.03444474217316984,1.0
2024-12-07,2.627082989481444e-05,2.6270829894629252e-05,1.0
2024-12-08,0.013136868131795154,0.013136868131795178,1.0
2024-12-09,-0.03756861480096407,-0.03756861480096415,1.0
2024-12-10,-0.007772430783165474,-0.007772430783165435,1.0
2024-12-11,0.04652269534294651,0.04652269534294642,1.0
2024-12-12,-0.011169293200355757,-0.011169293200355639,1.0
2024-12-13,0.014156490833941326,0.01415649083394145,1.0
2024-12-14,-0.0008504799301751742,-0.0008504799301751638,1.0
2024-12-15,0.02886101293644905,0.028861012936449014,1.0
2024-12-16,0.016596788984881483,0.016596788984881365,1.0
2024-12-17,0.001045771070669721,0.001045771070669902,1.0
2024-12-18,-0.057462106019896764,-0.057462106019896944,1.0
2024-12-19,-0.025495268879325628,-0.025495268879325596,1.0
2024-12-20,0.002717960528709318,0.0027179605287093516,1.0
2024-12-21,-0.005433973434635808,-0.006428290819694295,0.0
2024-12-22,-0.021802983021374844,0.0,0.0
2024-12-23,-0.004402456102765462,0.0,0.0
2024-12-24,0.04213760595334648,0.0,0.0
2024-12-25,0.0063146152104343045,0.0,0.0
2024-12-26,-0.03528406928650052,0.0,0.0
2024-12-27,-0.017022260795415023,0.0,0.0
2024-12-28,0.010609799867287384,0.0,0.0
2024-12-29,-0.017167251608511402,0.0,0.0
2024-12-30,-0.00948373223930199,0.0,0.0
2024-12-31,0.008484077565384274,0.0,0.0
2025-01-01,0.010602195613021781,0.0,0.0
2025-01-02,0.026129247147606893,0.0,0.0
2025-01-03,0.012597729955682757,0.0,0.0
2025-01-04,0.0013128146911018934,0.0,0.0
2025-01-05,0.0008014800420892421,0.0,0.0
2025-01-06,0.03827621924594227,0.0,0.0
2025-01-07,-0.05050430525956884,-0.0009992504996874673,1.0
2025-01-08,-0.019388436629511285,-0.019388436629511313,1.0
2025-01-09,-0.026929603222076492,-0.027902430351255114,0.0
2025-01-10,0.023976181025154863,0.0,0.0
2025-01-11,-0.001424047578467369,0.0,0.0
2025-01-12,-0.0008264678561502592,0.0,0.0
2025-01-13,0.00029724205673309356,0.0,0.0
2025-01-14,0.021345722040169157,0.0,0.0
2025-01-15,0.041129999632577796,0.0,0.0
2025-01-16,-0.0074383335632930425,0.0,0.0
2025-01-17,0.04716598568833419,0.0,0.0
2025-01-18,-0.000516635042589142,-0.0009992504996876295,1.0
2025-01-19,-0.03178356737719257,-0.03178356737719251,1.0
2025-01-20,0.009170622908047932,0.009170622908047989,1.0
2025-01-21,0.040479676535688514,0.04047967653568853,1.0
2025-01-22,-0.023488299826845638,-0.023488299826845638,1.0
2025-01-23,0.002962783076025932,0.002962783076025896,1.0
2025-01-24,0.008265785680243276,0.008265785680243201,1.0
2025-01-25,-0.0010001569662844156,-0.001000156966284349,1.0
2025-01-26,-0.019406534499448846,-0.01940653449944891,1.0
2025-01-27,-0.005792734886665207,-0.006786693599962229,0.0
2025-01-28,-0.007397669160641884,0.0,0.0
2025-01-29,0.023395602825692086,0.0,0.0
2025-01-30,0.009952379879751394,0.0,0.0
2025-01-31,-0.022249243050878498,0.0,0.0
2025-02-01,-0.017080384621634526,0.0,0.0
2025-02-02,-0.02947596219670423,0.0,0.0
2025-02-03,0.03804365081173988,0.0,0.0
2025-02-04,-0.034846278405663456,0.0,0.0
2025-02-05,-0.012836943218062724,0.0,0.0
2025-02-06,-0.00022924323774897726,0.0,0.0
2025-02-07,-0.0006647556256734743,0.0,0.0
2025-02-08,-0.00048309597099249757,0.0,0.0
2025-02-09,0.00018283765004545316,0.0,0.0
2025-02-10,0.009714611676219231,0.0,0.0
2025-02-11,-0.017345724709743937,0.0,0.0
2025-02-12,0.02233406885677658,0.0,0.0
2025-02-13,-0.012892487184132717,0.0,0.0
2025-02-14,0.009160278803397981,0.0,0.0
2025-02-15,0.0007320640697474623,0.0,0.0
2025-02-16,-0.014401672980240199,0.0,0.0
2025-02-17,-0.004176223623530095,0.0,0.0
2025-02-18,-0.0024415545387781457,0.0,0.0
2025-02-19,0.011472343504350446,0.0,0.0
2025-02-20,0.017574558032842136,0.0,0.0
2025-02-21,-0.02245807176184722,0.0,0.0
2025-02-22,0.0047043783073406065,0.0,0.0
2025-02-23,-0.0031460239332733453,0.0,0.0
2025-02-24,-0.05043681513571874,0.0,0.0
2025-02-25,-0.029337712021491935,0.0,0.0
2025-02-26,-0.04946290046952739,0.0,0.0
2025-02-27,0.004234922709094535,0.0,0.0
2025-02-28,-0.003910297790814532,0.0,0.0
2025-03-01,0.019661575342751147,0.0,0.0
2025-03-02,0.09550452979612856,0.0,0.0
2025-03-03,-0.08682040111941614,0.0,0.0
2025-03-04,0.013437685575495406,0.0,0.0
2025-03-05,0.03899657851208138,0.0,0.0
2025-03-06,-0.007303133084179958,0.0,0.0
2025-03-07,-0.0357824911826653,0.0,0.0
2025-03-08,-0.006779571257010009,0.0,0.0
2025-03-09,-0.0644603432710168,0.0,0.0
2025-03-10,-0.02567012890361897,0.0,0.0
2025-03-11,0.05513944554449135,0.0,0.0
2025-03-12,0.010380466895202334,0.0,0.0
2025-03-13,-0.0317197970748182,0.0,0.0
2025-03-14,0.03580259620308812,0.0,0.0
2025-03-15,0.004454112352525463,0.0,0.0
2025-03-16,-0.020907717157540473,0.0,0.0
2025-03-17,0.018115835083536647,0.0,0.0
2025-03-18,-0.016142449028442418,0.0,0.0
2025-03-19,0.049997601050550955,0.0,0.0
2025-03-20,-0.030937253791171848,0.0,0.0
2025-03-21,-0.0014727011460912154,0.0,0.0
2025-03-22,-0.0025077306278807887,0.0,0.0
2025-03-23,0.026503933905394295,0.0,0.0
2025-03-24,0.016786352378946434,0.0,0.0
2025-03-25,-0.0003109860024155253,0.0,0.0
2025-03-26,-0.00652577110204744,0.0,0.0
2025-03-27,0.003178549412391707,0.0,0.0
2025-03-28,-0.032393289916566204,0.0,0.0
2025-03-29,-0.020812056603918605,0.0,0.0
2025-03-30,-0.0031848691098436133,0.0,0.0
2025-03-31,0.0026038970780313253,0.0,0.0
2025-04-01,0.0317418810684309,-0.0009992504996875638,1.0
2025-04-02,-0.031507420800550134,-0.03150742080055018,1.0
2025-04-03,0.007481504135517403,0.007481504135517428,1.0
2025-04-04,0.008916382019940938,0.007907717867016764,0.0
2025-04-05,-0.004043325726492686,-0.000999250499687491,1.0
2025-04-06,-0.06335339642726368,-0.06335339642726373,1.0
2025-04-07,0.013051950296130821,0.01203915160882236,0.0
2025-04-08,-0.03739976334343409,0.0,0.0
2025-04-09,0.0826253916648998,0.0,0.0
2025-04-10,-0.0356990599146636,0.0,0.0
2025-04-11,0.04745546227457886,0.0,0.0
2025-04-12,0.022567917271733462,0.0,0.0
2025-04-13,-0.01878516957885823,0.0,0.0
2025-04-14,0.010245734631468162,-0.0009992504996877156,1.0
2025-04-15,-0.01033089354397465,-0.010330893543974679,1.0
2025-04-16,0.004360934564412222,0.0043609345644122265,1.0
2025-04-17,0.01025637449930672,0.010256374499306694,1.0
2025-04-18,-0.005241078764249063,-0.005241078764249158,1.0
2025-04-19,0.007254038339443714,0.007254038339443731,1.0
2025-04-20,0.0013036230231544543,0.0013036230231545244,1.0
2025-04-21,0.027527099529631727,0.027527099529631834,1.0
2025-04-22,0.06767662701452015,0.0676766270145201,1.0
2025-04-23,0.0027527134594511615,0.0027527134594511997,1.0
2025-04-24,0.0026114175645013393,0.00261141756450113,1.0
2025-04-25,0.008267742531563593,0.008267742531563494,1.0
2025-04-26,-0.0007767095032226168,-0.000776709503222441,1.0
2025-04-27,-0.00942540809771053,-0.00942540809771064,1.0
2025-04-28,0.013054325526514532,0.013054325526514577,1.0
2025-04-29,-0.007306486319308303,-0.0073064863193083845,1.0
2025-04-30,-0.0008217291810309613,-0.0008217291810309116,1.0
2025-05-01,0.02425526614507767,0.024255266145077673,1.0
2025-05-02,0.0043291974532626565,0.004329197453262793,1.0
2025-05-03,-0.010507405827035687,-0.010507405827035672,1.0
2025-05-04,-0.016433317174712747,-0.016433317174712633,1.0
2025-05-05,0.0045811763897039,0.004581176389703936,1.0
2025-05-06,0.02168299794413664,0.021682997944136563,1.0
2025-05-07,0.0023743581586117557,0.0023743581586117856,1.0
2025-05-08,0.06399043746457878,0.06399043746457857,1.0
2025-05-09,-0.002621130818400763,-0.002621130818400689,1.0
2025-05-10,0.016756941758927724,0.016756941758927665,1.0
2025-05-11,-0.005635047193781384,-0.005635047193781484,1.0
2025-05-12,-0.01242389281274392,-0.012423892812743842,1.0
2025-05-13,0.013197358248725033,0.01319735824872503,1.0
2025-05-14,-0.006051642240404331,-0.006051642240404407,1.0
2025-05-15,0.00198211052629782,0.0019821105262980737,1.0
2025-05-16,-0.0024613470244020386,-0.0024613470244020156,1.0
2025-05-17,-0.0028814878109744146,-0.002881487810974399,1.0
2025-05-18,0.03154266519659865,0.03154266519659851,1.0
2025-05-19,-0.007889709931436006,-0.007889709931436048,1.0
2025-05-20,0.011220046530480143,0.011220046530480181,1.0
2025-05-21,0.027034018449719976,0.027034018449720015,1.0
2025-05-22,0.018191448638679386,0.018191448638679344,1.0
2025-05-23,-0.03927066820202352,-0.039270668202023594,1.0
2025-05-24,0.004691674073487251,0.004691674073487348,1.0
2025-05-25,0.011543009819045436,0.01154300981904533,1.0
2025-05-26,0.003714175371671846,0.0037141753716718813,1.0
2025-05-27,-0.004072780217708405,-0.004072780217708449,1.0
2025-05-28,-0.010939184653144474,-0.01093918465314452,1.0
2025-05-29,-0.020041963379443528,-0.0200419633794436,1.0
2025-05-30,-0.015554336978341854,-0.015554336978341693,1.0
2025-05-31,0.006149348357177731,0.0051434505461575445,0.0
2025-06-01,0.009690618169351017,0.0,0.0
2025-06-02,0.0021715582000447764,-0.0009992504996878195,1.0
2025-06-03,-0.004241178746647534,-0.004241178746647429,1.0
2025-06-04,-0.0066439151364365845,-0.006643915136436678,1.0
2025-06-05,-0.030134359325224014,-0.030134359325223927,1.0
2025-06-06,0.027707252931573167,0.026679802605454904,0.0
2025-06-07,0.011737496074678777,0.0,0.0
2025-06-08,0.0016855786016509722,0.0,0.0
2025-06-09,0.04253991795791734,0.0,0.0
2025-06-10,-0.0003342625487465778,-0.000999250499687683,1.0
2025-06-11,-0.014244955298426398,-0.014244955298426554,1.0
2025-06-12,-0.025371753999169577,-0.02537175399916956,1.0
2025-06-13,0.0015285141831733462,0.0005272360511189212,0.0
2025-06-14,-0.0058304915798971235,0.0,0.0
2025-06-15,0.0007548627203146641,0.0,0.0
2025-06-16,0.011792615001237072,0.0,0.0
2025-06-17,-0.020559056941174436,0.0,0.0
2025-06-18,0.0026979724986506692,0.0,0.0
2025-06-19,-0.0018977187896134229,0.0,0.0
2025-06-20,-0.013131746055793259,0.0,0.0
2025-06-21,-0.010184874363913243,0.0,0.0
2025-06-22,-0.012422235919953284,0.0,0.0
2025-06-23,0.04545759771084712,0.0,0.0
2025-06-24,0.004431419225533917,0.0,0.0
2025-06-25,0.012406215749838134,0.0,0.0
2025-06-26,-0.003737454466123835,0.0,0.0
2025-06-27,0.0012007263229245613,0.0,0.0
2025-06-28,0.002234353778444831,0.0,0.0
2025-06-29,0.009856422495764683,0.0,0.0
2025-06-30,-0.011535062936840146,-0.0009992504996875395,1.0
2025-07-01,-0.013413452013053329,-0.01439979191440322,0.0
2025-07-02,0.02990624847553991,0.0,0.0
2025-07-03,0.007244728772290987,-0.0009992504996878464,1.0
2025-07-04,-0.014716556343200904,-0.01471655634320071,1.0
2025-07-05,0.0018220480395592098,0.0018220480395590168,1.0
2025-07-06,0.009247710575546852,0.00924771057554694,1.0
2025-07-07,-0.008534295352390808,-0.00853429535239083,1.0
2025-07-08,0.006005750382996888,0.00600575038299699,1.0
2025-07-09,0.021810695604753683,0.021810695604753627,1.0
2025-07-10,0.041864660687494615,0.04186466068749455,1.0
2025-07-11,0.013189291760499877,0.013189291760500049,1.0
2025-07-12,-0.0006957770402219454,-0.0006957770402218523,1.0
2025-07-13,0.014313342548076147,0.014313342548076164,1.0
2025-07-14,0.006158578325259345,0.006158578325259415,1.0
2025-07-15,-0.01729262210051885,-0.017292622100518892,1.0
2025-07-16,0.00816219450392297,0.00816219450392298,1.0
2025-07-17,0.004643278306736054,0.004643278306736119,1.0
2025-07-18,-0.01078563897020779,-0.010785638970207892,1.0
2025-07-19,-0.0005360022928398989,-0.0005360022928397426,1.0
2025-07-20,-0.00541960002562214,-0.0054196000256221295,1.0
2025-07-21,0.0011828564931994912,0.0011828564931994003,1.0
2025-07-22,0.02176332622218302,0.021763326222183157,1.0
2025-07-23,-0.010337504434577038,-0.010337504434577028,1.0
2025-07-24,-0.0032584822936673197,-0.0032584822936673804,1.0
2025-07-25,-0.006185093838706357,-0.006185093838706342,1.0
2025-07-26,0.002647868724685587,0.0026478687246856273,1.0
2025-07-27,0.012727075099638885,0.012727075099638845,1.0
2025-07-28,-0.012758768211219684,-0.012758768211219611,1.0
2025-07-29,-1.9742508661990676e-05,-1.9742508662135536e-05,1.0
2025-07-30,-0.0007713643170961237,-0.0007713643170960726,1.0
2025-07-31,-0.017592832754910526,-0.017592832754910467,1.0
2025-08-01,-0.021062154747402473,-0.021062154747402643,1.0
2025-08-02,-0.006999393518263508,-0.007992145874593437,0.0
2025-08-03,0.015025363723748075,0.0,0.0
2025-08-04,0.007478798363486527,0.0,0.0
2025-08-05,-0.008085706753543476,0.0,0.0
2025-08-06,0.007767158415357134,0.0,0.0
2025-08-07,0.021463456180234486,0.0,0.0
2025-08-08,-0.0068782400705657,-0.0009992504996875172,1.0
2025-08-09,-0.0016142706587778388,-0.0016142706587779828,1.0
2025-08-10,0.02408918266480664,0.024089182664806686,1.0
2025-08-11,-0.004822128356753663,-0.00482212835675355,1.0
2025-08-12,0.012140515376580119,0.012140515376580218,1.0
2025-08-13,0.026388279596092357,0.026388279596092305,1.0
2025-08-14,-0.040411222672351976,-0.04041122267235186,1.0
2025-08-15,-0.008121240187970669,-0.008121240187970639,1.0
2025-08-16,0.0007921746665282559,0.000792174666528306,1.0
2025-08-17,-0.00032588834829794244,-0.0003258883482981059,1.0
2025-08-18,-0.01022323279139703,-0.011212762114413815,0.0
2025-08-19,-0.029428514056440758,0.0,0.0
2025-08-20,0.012794003430595335,0.0,0.0
2025-08-21,-0.01623902974513114,0.0,0.0
2025-08-22,0.03962900798880531,0.0,0.0
2025-08-23,-0.012832252765613172,-0.0009992504996876876,1.0
2025-08-24,-0.016605933647771742,-0.016605933647771746,1.0
2025-08-25,-0.029385900493979156,-0.029385900493979,1.0
2025-08-26,0.015240086898922645,0.01524008689892254,1.0
2025-08-27,-0.005193022862549412,-0.005193022862549383,1.0
2025-08-28,0.01189280397942638,0.01189280397942626,1.0
2025-08-29,-0.036731759955323295,-0.0367317599553234,1.0
2025-08-30,0.003664157476186425,0.003664157476186307,1.0
2025-08-31,-0.00525107534173741,-0.006245575579164389,0.0
2025-09-01,0.009367272930950854,0.0,0.0
2025-09-02,0.017848801737061493,0.0,0.0
2025-09-03,0.004699840343410866,0.0,0.0
2025-09-04,-0.008947195185422974,-0.0009992504996876796,1.0
2025-09-05,-0.0006558419928113235,-0.0006558419928113851,1.0
2025-09-06,-0.0038525555367432407,-0.0038525555367432307,1.0
2025-09-07,0.008554542812086785,0.0085545428120868,1.0
2025-09-08,0.008130177859939192,0.008130177859939042,1.0
2025-09-09,-0.004826232823193166,-0.004826232823193181,1.0
2025-09-10,0.02174124101370767,0.021741241013707797,1.0
2025-09-11,0.013620945043858246,0.013620945043858216,1.0
2025-09-12,0.005142859655061782,0.005142859655061702,1.0
2025-09-13,-0.0013011908618274504,-0.0013011908618273905,1.0
2025-09-14,-0.004681752350561785,-0.004681752350561682,1.0
2025-09-15,0.0003224981011604733,0.00032249810116044054,1.0
2025-09-16,0.012112382641498831,0.012112382641498689,1.0
2025-09-17,-0.0032066883445814875,-0.0032066883445813813,1.0
2025-09-18,0.005741425944741474,0.005741425944741181,1.0
2025-09-19,-0.012364506846338497,-0.012364506846338438,1.0
2025-09-20,0.0002861257573012477,0.00028612575730135084,1.0
2025-09-21,-0.003593675600818802,-0.0035936756008186563,1.0
2025-09-22,-0.02218083931492132,-0.022180839314921406,1.0
2025-09-23,-0.00651013327573835,-0.006510133275738296,1.0
2025-09-24,0.011731809832655538,0.011731809832655569,1.0
2025-09-25,-0.03776048156409062,-0.037760481564090585,1.0
2025-09-26,0.0060847628462732395,0.00608476284627313,1.0
2025-09-27,-0.0002814877077529365,-0.0012809562904169262,0.0
2025-09-28,0.02225248016477188,0.0,0.0
2025-09-29,0.02031473906432546,0.0,0.0
2025-09-30,-0.003009577997342028,-0.000999250499687615,1.0
2025-10-01,0.04026829179914837,0.040268291799148426,1.0
2025-10-02,0.017128920845327356,0.017128920845327335,1.0
2025-10-03,0.013136036748664148,0.013136036748664072,1.0
2025-10-04,0.001299606980548873,0.0012996069805488609,1.0
2025-10-05,0.008887425412982486,0.008887425412982599,1.0
2025-10-06,0.010031736794915869,0.010031736794915822,1.0
2025-10-07,-0.026461574802715715,-0.026461574802715555,1.0
2025-10-08,0.01567280940669602,0.01567280940669599,1.0
2025-10-09,-0.013370216251727518,-0.013370216251727527,1.0
2025-10-10,-0.06976852117831744,-0.06976852117831737,1.0
2025-10-11,-0.02125599811033263,-0.022234497426221723,0.0
2025-10-12,0.03936437283871608,0.0,0.0
2025-10-13,0.000879679657679322,0.0,0.0
2025-10-14,-0.01867262888064536,0.0,0.0
2025-10-15,-0.02064646024028005,0.0,0.0
2025-10-16,-0.023443318504017374,0.0,0.0
2025-10-17,-0.01588236351834038,0.0,0.0
2025-10-18,0.006861009972426446,0.0,0.0
2025-10-19,0.013698405510000455,0.0,0.0
2025-10-20,0.01768912239467313,0.0,0.0
2025-10-21,-0.019098105646452646,0.0,0.0
2025-10-22,-0.007267028792566799,0.0,0.0
2025-10-23,0.022111355667553845,0.0,0.0
2025-10-24,0.008759859251149305,0.0,0.0
2025-10-25,0.005474045023684315,0.0,0.0
2025-10-26,0.025355383127430242,0.0,0.0
2025-10-27,-0.0030847352525406047,0.0,0.0
2025-10-28,-0.01019252462848308,-0.0009992504996874801,1.0
2025-10-29,-0.025681284408657135,-0.025681284408657155,1.0
2025-10-30,-0.015898895718551742,-0.016882750797557074,0.0
2025-10-31,0.011547120379193476,0.0,0.0
2025-11-01,0.004635536182247879,0.0,0.0
2025-11-02,0.005229768982454308,0.0,0.0
2025-11-03,-0.03698585893164408,0.0,0.0
2025-11-04,-0.046523840630681046,0.0,0.0
2025-11-05,0.02265282648549194,0.0,0.0
2025-11-06,-0.02493503798083263,0.0,0.0
2025-11-07,0.020445121741957006,0.0,0.0
2025-11-08,-0.010547196317199026,0.0,0.0
2025-11-09,0.02383137448193029,0.0,0.0
2025-11-10,0.012194017448672767,0.0,0.0
2025-11-11,-0.028294541304540788,0.0,0.0
2025-11-12,-0.012954505253314763,0.0,0.0
2025-11-13,-0.01933536967351135,0.0,0.0
2025-11-14,-0.053157837862490065,0.0,0.0
2025-11-15,0.012196889211437911,0.0,0.0
2025-11-16,-0.01435983820826503,0.0,0.0
2025-11-17,-0.02212006537551514,0.0,0.0
2025-11-18,0.009284005043766586,0.0,0.0
2025-11-19,-0.015953746750565823,0.0,0.0
2025-11-20,-0.05285126891851111,0.0,0.0
2025-11-21,-0.017790340109098413,0.0,0.0
2025-11-22,-0.0051983141515926645,0.0,0.0
2025-11-23,0.025477734635657168,0.0,0.0
2025-11-24,0.01688329653360121,0.0,0.0
2025-11-25,-0.010520742688141405,0.0,0.0
2025-11-26,0.03636830551491177,0.0,0.0
2025-11-27,0.008473504729832548,0.0,0.0
2025-11-28,-0.004010602738938163,0.0,0.0
2025-11-29,-0.0007425028351905061,0.0,0.0
2025-11-30,-0.005035073877646679,0.0,0.0
2025-12-01,-0.045055292472078956,0.0,0.0
2025-12-02,0.05825464938016567,0.0,0.0
2025-12-03,0.023837949867722363,0.0,0.0
2025-12-04,-0.014821043775501641,0.0,0.0
2025-12-05,-0.029887330373216225,0.0,0.0
2025-12-06,-0.0012908122468182626,0.0,0.0
2025-12-07,0.012694471554050235,0.0,0.0
2025-12-08,0.0025945560296725123,0.0,0.0
2025-12-09,0.022633530616329445,0.0,0.0
2025-12-10,-0.007236522211271801,0.0,0.0
2025-12-11,0.005329119618741718,0.0,0.0
2025-12-12,-0.024223213861206738,0.0,0.0
2025-12-13,0.00031346787642294593,0.0,0.0
2025-12-14,-0.023516739363752315,0.0,0.0
2025-12-15,-0.019908078936967,0.0,0.0
2025-12-16,0.01648005936140917,0.0,0.0
2025-12-17,-0.01935507109105894,-0.0009992504996876467,1.0
2025-12-18,-0.007908292107279613,-0.00790829210727969,1.0
2025-12-19,0.03090097713717843,0.030900977137178605,1.0
2025-12-20,0.002731077738661547,0.0027310777386614984,1.0
2025-12-21,0.0031439599746445612,0.003143959974644637,1.0
2025-12-22,-0.0014864790528285043,-0.0014864790528284768,1.0
2025-12-23,-0.01215974047919599,-0.012159740479196048,1.0
2025-12-24,0.0022646365284737513,0.002264636528473706,1.0
2025-12-25,-0.004305562231041726,-0.004305562231041644,1.0
2025-12-26,0.0007644603322913834,0.0007644603322912549,1.0
2025-12-27,0.005735605525503784,0.005735605525503777,1.0
2025-12-28,0.00038358610925337544,0.00038358610925345367,1.0
2025-12-29,-0.007943173820266769,-0.007943173820266849,1.0
2025-12-30,0.014826942349620564,0.01482694234962044,1.0
2025-12-31,-0.01041844740246467,-0.010418447402464663,1.0
2026-01-01,0.013977518339667538,0.013977518339667521,1.0
2026-01-02,0.013667122921255048,0.013667122921254965,1.0
2026-01-03,0.007321078638514056,0.0073210786385140185,1.0
2026-01-04,0.008943445698309516,0.008943445698309477,1.0
2026-01-05,0.027009825802690735,0.027009825802690693,1.0
2026-01-06,-0.0016352711961346023,-0.0016352711961346222,1.0
2026-01-07,-0.025829527204251357,-0.025829527204251305,1.0
2026-01-08,-0.003076724046541912,-0.003076724046541995,1.0
2026-01-09,-0.005646925984974294,-0.005646925984974202,1.0
2026-01-10,-0.001397069847536736,-0.001397069847536752,1.0
2026-01-11,0.004876964768804504,0.004876964768804424,1.0
2026-01-12,0.004024457429802286,0.0040244574298022905,1.0
2026-01-13,0.04527528885126264,0.045275288851262536,1.0
2026-01-14,0.016864423365986925,0.016864423365987074,1.0
2026-01-15,-0.01421799419905967,-0.014217994199059693,1.0
2026-01-16,-0.00027284132392391136,-0.00027284132392389765,1.0
2026-01-17,-0.004451136256293897,-0.004451136256293841,1.0
2026-01-18,-0.01541002514624834,-0.015410025146248292,1.0
2026-01-19,-0.011543146480490485,-0.011543146480490435,1.0
2026-01-20,-0.04584033237499219,-0.045840332374992264,1.0
2026-01-21,0.012071608510981546,0.011059789920372876,0.0
2026-01-22,0.000956534957143873,0.0,0.0
2026-01-23,0.00046300848627667257,0.0,0.0
2026-01-24,-0.00439244250598092,0.0,0.0
2026-01-25,-0.028487203509257375,0.0,0.0
2026-01-26,0.019578126787931138,0.0,0.0
2026-01-27,0.009464787027023913,0.0,0.0
2026-01-28,0.0009202877056453396,0.0,0.0
2026-01-29,-0.05183614563372574,0.0,0.0
2026-01-30,-0.005119696877728619,0.0,0.0
2026-01-31,-0.06546567255435032,0.0,0.0
2026-02-01,-0.02094439679701987,0.0,0.0
2026-02-02,0.022271291537603544,0.0,0.0
2026-02-03,-0.03882661934945053,0.0,0.0
2026-02-04,-0.03455931736640505,0.0,0.0
2026-02-05,-0.14129892381358544,0.0,0.0
2026-02-06,0.1252476912623226,0.0,0.0
2026-02-07,-0.018048541205989532,0.0,0.0
2026-02-08,0.014184900201757111,0.0,0.0
2026-02-09,-0.00204861414171964,0.0,0.0
2026-02-10,-0.018921927121284043,0.0,0.0
2026-02-11,-0.02619404614799148,0.0,0.0
2026-02-12,-0.011495780977477277,0.0,0.0
2026-02-13,0.039805596623848194,0.0,0.0
2026-02-14,0.013212456278809848,0.0,0.0
2026-02-15,-0.014038567315427408,0.0,0.0
2026-02-16,0.000799101589935125,0.0,0.0
2026-02-17,-0.019594358734823403,0.0,0.0
2026-02-18,-0.015836888807606253,0.0,0.0
2026-02-19,0.008012052068341324,0.0,0.0
2026-02-20,0.015650197075734784,0.0,0.0
2026-02-21,-2.435467576455963e-05,0.0,0.0
2026-02-22,-0.005064057803784272,0.0,0.0
2026-02-23,-0.04497014110892317,0.0,0.0
2026-02-24,-0.008305824880296298,0.0,0.0
2026-02-25,0.060550552894326426,0.0,0.0
2026-02-26,-0.007450715585058165,0.0,0.0
2026-02-27,-0.023304501473983996,0.0,0.0
2026-02-28,0.016910019957618205,0.0,0.0
2026-03-01,-0.018773664883674046,0.0,0.0
2026-03-02,0.04620988327616793,0.0,0.0
2026-03-03,-0.007011227255569463,0.0,0.0
2026-03-04,0.06467555605177866,0.0,0.0
2026-03-05,-0.025710882421896564,0.0,0.0
2026-03-06,-0.03817885179689062,0.0,0.0
2026-03-07,-0.01267893913767526,0.0,0.0
2026-03-08,-0.01936617019467901,0.0,0.0
2026-03-09,0.03687448277691541,0.0,0.0
2026-03-10,0.022287806357257578,0.0,0.0
2026-03-11,0.003975020350486469,0.0,0.0
2026-03-12,0.004110513591636167,0.0,0.0
2026-03-13,0.006735442992662266,0.0,0.0
2026-03-14,0.0034714019404360474,-0.0009992504996874623,1.0
2026-03-15,0.022120302711697182,0.02212030271169714,1.0
2026-03-16,0.028454105238008953,0.02845410523800896,1.0
2026-03-17,-0.01253801442025071,-0.012538014420250656,1.0
2026-03-18,-0.0362122396594321,-0.03621223965943214,1.0
2026-03-19,-0.01870697238447039,-0.0187069723844703,1.0
2026-03-20,0.008722250723753211,0.008722250723753178,1.0
2026-03-21,-0.025680602546325204,-0.025680602546325156,1.0
2026-03-22,-0.012607965253281006,-0.012607965253280897,1.0
2026-03-23,0.04524488014825101,0.04419989657932302,0.0
2026-03-24,-0.005598262529164066,-0.0009992504996876419,1.0
2026-03-25,0.011231529778693128,0.011231529778693006,1.0
2026-03-26,-0.03531428903229905,-0.03531428903229899,1.0
2026-03-27,-0.035662044616623034,-0.03662614148751757,0.0
2026-03-28,-0.0002815819275042708,0.0,0.0
2026-03-29,-0.005500227885263609,0.0,0.0
2026-03-30,0.011167073154841889,0.0,0.0
2026-03-31,0.02311941479563351,0.0,0.0
2026-04-01,-0.002268068291422898,0.0,0.0
2026-04-02,-0.017479577533077273,0.0,0.0
2026-04-03,0.0006358522809097877,0.0,0.0
2026-04-04,0.005369911059425414,0.0,0.0
2026-04-05,0.02513553056906015,0.0,0.0
2026-04-06,-0.0017695992030517527,0.0,0.0
2026-04-07,0.04474125312086663,-0.0009992504996876536,1.0
2026-04-08,-0.011361353371537541,-0.011361353371537564,1.0
2026-04-09,0.009061281070850802,0.009061281070850764,1.0
2026-04-10,0.016876904061948084,0.016876904061948052,1.0
2026-04-11,0.0010307967248304184,0.00103079672483049,1.0
2026-04-12,-0.031495312720733026,-0.03149531272073301,1.0
2026-04-13,0.05273575609654846,0.0527357560965484,1.0
2026-04-14,-0.004068372317531099,-0.004068372317531114,1.0
2026-04-15,0.008404626904874313,0.008404626904874314,1.0
2026-04-16,0.004639453579876829,0.004639453579876809,1.0
2026-04-17,0.02627659540184779,0.026276595401847874,1.0
2026-04-18,-0.01816051878803593,-0.01816051878803586,1.0
2026-04-19,-0.024692366775663332,-0.024692366775663374,1.0
2026-04-20,0.027298557704868998,0.02729855770486905,1.0
2026-04-21,0.0063296958930805225,0.006329695893080524,1.0
2026-04-22,0.024233934691509473,0.02423393469150951,1.0
2026-04-23,0.0008420581944230676,0.0008420581944230343,1.0
2026-04-24,-0.010395445352393673,-0.010395445352393623,1.0
2026-04-25,0.0020231423764509593,0.002023142376450848,1.0
2026-04-26,0.013471154293320797,0.01347115429332086,1.0
2026-04-27,-0.01641182876919478,-0.016411828769194798,1.0
2026-04-28,-0.013131671764148978,-0.013131671764148959,1.0
2026-04-29,-0.007525003361340765,-0.0075250033613407236,1.0
2026-04-30,0.00697036758667724,0.00596364896168257,0.0
2026-05-01,0.024568460603834108,0.0,0.0
2026-05-02,0.006117371672699878,0.0,0.0
2026-05-03,-0.00151319093281288,-0.0009992504996876352,1.0
2026-05-04,0.016421044171065935,0.01642104417106603,1.0
2026-05-05,0.013768974900303155,0.013768974900303113,1.0
2026-05-06,0.006184292316489204,0.0061842923164890885,1.0
2026-05-07,-0.017408596831308243,-0.017408596831308208,1.0
2026-05-08,0.0022093920105095144,0.002209392010509594,1.0
2026-05-09,0.0059561145630133705,0.005956114563013322,1.0
2026-05-10,0.01828022150812214,0.018280221508122182,1.0
2026-05-11,-0.004999247178679611,-0.004999247178679653,1.0
2026-05-12,-0.015304426194186482,-0.015304426194186465,1.0
2026-05-13,-0.014915661104390687,-0.014915661104390682,1.0
2026-05-14,0.022378876470797504,0.022378876470797487,1.0
2026-05-15,-0.024497713637975926,-0.024497713637976013,1.0
2026-05-16,-0.0118160267665125,-0.011816026766512475,1.0
2026-05-17,-0.008985959556932488,-0.00898595955693246,1.0
2026-05-18,-0.006136945201154598,-0.006136945201154614,1.0
2026-05-19,-0.002641385386229267,-0.002641385386229264,1.0
2026-05-20,0.009209887179670861,0.008200929594963083,0.0
2026-05-21,0.0010508749979196708,0.0,0.0
2026-05-22,-0.02645023976792371,0.0,0.0
2026-05-23,0.015699464786268935,0.0,0.0
2026-05-24,0.004013881531345742,0.0,0.0
2026-05-25,0.0038815318365379436,0.0,0.0
2026-05-26,-0.01881724424932052,0.0,0.0
2026-05-27,-0.019532039646005694,0.0,0.0
2026-05-28,-0.010870289388891785,0.0,0.0
2026-05-29,-0.00223060831034394,0.0,0.0
2026-05-30,0.0052105676905831455,0.0,0.0
2026-05-31,-0.002374738351372918,0.0,0.0
2026-06-01,-0.030713830668280595,0.0,0.0
2026-06-02,-0.06472422674681189,0.0,0.0
2026-06-03,-0.04031696632071802,0.0,0.0
2026-06-04,-0.0033241439086123536,0.0,0.0
2026-06-05,-0.04512280904119048,0.0,0.0
2026-06-06,-0.0009069515189049637,0.0,0.0
2026-06-07,0.03897168140434348,0.0,0.0
2026-06-08,-0.0023550097882448773,0.0,0.0
2026-06-09,-0.022932240724538477,0.0,0.0
2026-06-10,-0.0031550982687325035,0.0,0.0
2026-06-11,0.0343659895373587,0.0,0.0
2026-06-12,-0.000280918383714468,0.0,0.0
2026-06-13,0.013819338824553329,0.0,0.0
2026-06-14,0.020010054657876974,0.0,0.0
2026-06-15,0.00881293640382963,0.0,0.0
2026-06-16,-0.010391681563445165,0.0,0.0
2026-06-17,-0.01802109402037566,0.0,0.0
2026-06-18,-0.0236263487711752,0.0,0.0
2026-06-19,0.010244823819797633,0.0,0.0
2026-06-20,0.01099827903487749,0.0,0.0
2026-06-21,-0.015599965388407244,0.0,0.0
2026-06-22,0.01129971875635083,0.0,0.0
2026-06-23,-0.02007886883610832,0.0,0.0
2026-06-24,-0.026694424544815853,0.0,0.0
2026-06-25,-0.02087801063020267,0.0,0.0
2026-06-26,0.004935459402204856,0.0,0.0
2026-06-27,-0.0012718522519159503,0.0,0.0
2026-06-28,-0.006802755224698642,0.0,0.0
2026-06-29,0.010179997360940662,0.0,0.0
2026-06-30,-0.026264750729518727,0.0,0.0
2026-07-01,0.024674292718837698,0.0,0.0
2026-07-02,0.024690836420271145,0.0,0.0
2026-07-03,0.017221977026140145,0.0,0.0
2026-07-04,0.008699535297381988,0.0,0.0
2026-07-05,0.00728468021571449,0.0,0.0
2026-07-06,0.0070361559301554966,0.0,0.0
2026-07-07,-0.010901178582999993,0.0,0.0
2026-07-08,-0.01642753734494773,0.0,0.0
2026-07-09,0.015027476262771566,0.0,0.0
2026-07-10,0.014779959704393386,0.0,0.0
2026-07-11,-0.005069823448876076,0.0,0.0
2026-07-12,-0.0006866332556169086,0.0,0.0
2026-07-13,-0.023825911169295333,0.0,0.0
2026-07-14,0.043654089899621606,0.0,0.0
2026-07-15,-0.0037523532264722714,0.0,0.0
2026-07-16,-0.014264562998962727,0.0,0.0
2026-07-17,0.0017272445360874134,0.0,0.0
2026-07-18,0.014039877830542169,-0.0009992504996875894,1.0
2026-07-19,-0.0016327534538667088,-0.001632753453866687,1.0
2026-07-20,0.008335383349377112,0.008335383349377128,1.0
2026-07-21,0.019547709976119876,0.01954770997612,1.0
2026-07-22,-0.0060796536357160536,-0.006079653635716037,1.0
2026-07-23,-0.01597536527429344,-0.015975365274293423,1.0
2026-07-24,-0.01454868374399576,-0.01454868374399578,1.0
2026-07-25,0.003327947132145015,0.0033279471321450453,1.0
2026-07-26,0.0159922142024842,0.015992214202484114,1.0
2026-07-27,-0.024722909512739144,-0.02472290951273911,1.0
2026-07-28,0.0022983927372384194,0.0022983927372383045,1.0
2026-07-29,0.0005762314378343625,0.0005762314378344996,1.0
2026-07-30,0.012786168825862365,0.012786168825862254,1.0
2026-07-31,-0.02953346289931147,-0.029533462899311486,1.0
2026-08-01,-0.0008027825816142586,-0.0008027825816142066,1.0
2026-08-02,0.011450632055819865,0.011450632055819879,1.0
2026-08-03,-0.0003324022951387562,-0.0003324022951388688,1.0
2026-08-04,0.009376713884472476,0.009376713884472459,1.0
2026-08-05,0.008454278620180888,0.008454278620180963,1.0
2026-08-06,-0.005191945798986075,-0.005191945798986098,1.0
2026-08-07,0.009618079665306256,0.009618079665306404,1.0
2026-08-08,0.0003775589007839475,0.0003775589007840078,1.0
2026-08-09,-0.0009213630564047781,-0.0009213630564049251,1.0
2026-08-10,-0.014408241397696031,-0.014408241397695948,1.0
2026-08-11,-0.005612699871830218,-0.006606838575133192,0.0
2026-08-12,-0.0023514869742238265,0.0,0.0
2026-08-13,-4.127897545336268e-06,0.0,0.0
2026-08-14,-0.006728131109467572,0.0,0.0
2026-08-15,0.0007737372464233783,0.0,0.0
2026-08-16,-0.0032633111746420695,0.0,0.0
2026-08-17,0.02686465722418352,0.0,0.0
2026-08-18,0.002704497946874218,0.0,0.0
2026-08-19,0.07089403465170441,-0.000999250499687745,1.0
2026-08-20,0.054378195891032766,0.054378195891032696,1.0
2026-08-21,0.0726034432536855,0.07260344325368563,1.0
2026-08-22,-0.01597970819307737,-0.015979708193077386,1.0
2026-08-23,0.008715903034020478,0.008715903034020395,1.0
2026-08-24,0.01555159949979279,0.015551599499792746,1.0
2026-08-25,-0.005059335417207933,-0.005059335417207987,1.0
2026-08-26,0.005886150963618109,0.005886150963618297,1.0
2026-08-27,0.015565700592456544,0.01556570059245652,1.0
2026-08-28,-0.030243264724449048,-0.030243264724449045,1.0
2026-08-29,0.005338839705019138,0.005338839705019247,1.0
2026-08-30,-0.007390071992670499,-0.007390071992670676,1.0
2026-08-31,0.011344020373690089,0.011344020373690063,1.0
2026-09-01,-0.014577055914304693,-0.01457705591430464,1.0
2026-09-02,-0.0013326047391191143,-0.0013326047391191407,1.0
2026-09-03,0.051374400283148214,0.051374400283148325,1.0
2026-09-04,-0.019684251800695995,-0.019684251800696002,1.0
2026-09-05,0.001906548060543578,0.0019065480605435945,1.0
2026-09-06,0.006591758906694389,0.0065917589066943815,1.0
2026-09-07,-0.015360231393766743,-0.015360231393766634,1.0
2026-09-08,-0.00856052768344362,-0.008560527683443757,1.0
2026-09-09,-0.0022827375480297674,-0.002282737548029723,1.0
2026-09-10,-0.021612685117496144,-0.02161268511749611,1.0
2026-09-11,0.007910235166395996,0.007910235166395907,1.0
2026-09-12,0.001252651533480753,0.0012526515334808108,1.0
2026-09-13,-0.005594795877305936,-0.005594795877306082,1.0
2026-09-14,0.017246985445463547,0.017246985445463513,1.0
2026-09-15,-0.032635166342775745,-0.03263516634277572,1.0
2026-09-16,0.007112745173505353,0.007112745173505342,1.0
2026-09-17,0.003328326446427221,0.003328326446427248,1.0
2026-09-18,0.05886734774532054,0.05886734774532056,1.0
2026-09-19,0.004106461689939778,0.004106461689939709,1.0
2026-09-20,-0.0011210905729045484,-0.0011210905729044428,1.0
2026-09-21,0.06729269282264805,0.0672926928226481,1.0
2026-09-22,-0.004972497948385612,-0.004972497948385571,1.0
2026-09-23,-0.020763909363255895,-0.020763909363255974,1.0
2026-09-24,-4.675482188032376e-05,-4.67548218803995e-05,1.0
2026-09-25,-0.004078507331128467,-0.004078507331128513,1.0
2026-09-26,0.004421153036265668,0.004421153036265691,1.0
2026-09-27,0.0006117164101604455,0.0006117164101604611,1.0
2026-09-28,-0.011313026478093069,-0.011313026478093109,1.0
2026-09-29,0.0014349289608652782,0.0014349289608650401,1.0
2026-09-30,-0.000820092471078393,-0.0008200924710782206,1.0
2026-10-01,0.015549851690895844,0.015549851690895667,1.0
2026-10-02,-0.0041941970116184946,-0.004194197011618492,1.0
2026-10-03,0.003152378457757843,0.003152378457758011,1.0
2026-10-04,0.020253115789524045,0.020253115789524018,1.0
2026-10-05,-0.00802160607558855,-0.008021606075588526,1.0
2026-10-06,-0.002669779041087006,-0.002669779041086939,1.0
2026-10-08,-0.035270205512224595,-0.035270205512224664,1.0
