Date,ETH-USD_BnH,ETH-USD_Strategy,ETH-USD_Position
2018-01-01,,0.0,0.0
2018-01-02,0.14470236473009224,0.0,0.0
2018-01-03,0.08850306368278194,0.0,0.0
2018-01-04,0.018906875229661724,0.0,0.0
2018-01-05,0.017124678295504125,0.0,0.0
2018-01-06,0.04406054233517298,0.0,0.0
2018-01-07,0.10702901513492269,0.0,0.0
2018-01-08,-0.004023703765806075,0.0,0.0
2018-01-09,0.13165520890217386,0.0,0.0
2018-01-10,-0.033791407724088396,0.0,0.0
2018-01-11,-0.08033786441778834,0.0,0.0
2018-01-12,0.10240438118388306,0.0,0.0
2018-01-13,0.09677984409284934,0.0,0.0
2018-01-14,-0.021232883717632767,0.0,0.0
2018-01-15,-0.05476413333357155,0.0,0.0
2018-01-16,-0.1844000359430501,0.0,0.0
2018-01-17,-0.037430310242511755,0.0,0.0
2018-01-18,0.02172051200086278,0.0,0.0
2018-01-19,0.002721220335564878,0.0,0.0
2018-01-20,0.11168323698851568,0.0,0.0
2018-01-21,-0.09139078572320014,0.0,0.0
2018-01-22,-0.04413188916371513,0.0,0.0
2018-01-23,-0.01697566502561354,0.0,0.0
2018-01-24,0.07356407599377568,0.0,0.0
2018-01-25,-0.002597328929434206,0.0,0.0
2018-01-26,-0.0008143569100351744,0.0,0.0
2018-01-27,0.04918629242893857,0.0,0.0
2018-01-28,0.1255025158458094,0.0,0.0
2018-01-29,-0.051083076311750575,0.0,0.0
2018-01-30,-0.09407454738556376,0.0,0.0
2018-01-31,0.04404699102430554,0.0,0.0
2018-02-01,-0.07289572234891606,0.0,0.0
2018-02-02,-0.11671125431276863,0.0,0.0
2018-02-03,0.052669578780531134,0.0,0.0
2018-02-04,-0.13416434481221196,0.0,0.0
2018-02-05,-0.16381210682223524,0.0,0.0
2018-02-06,0.13635774150215973,0.0,0.0
2018-02-07,-0.04545834775929625,0.0,0.0
2018-02-08,0.08022927163784144,0.0,0.0
2018-02-09,0.08077453830337444,0.0,0.0
2018-02-10,-0.02653121513593726,0.0,0.0
2018-02-11,-0.0531778340118092,0.0,0.0
2018-02-12,0.06634301285442423,0.0,0.0
2018-02-13,-0.026992962429639222,0.0,0.0
2018-02-14,0.0926379625188114,0.0,0.0
2018-02-15,0.01452534206013456,0.0,0.0
2018-02-16,0.007720591228886686,0.0,0.0
2018-02-17,0.03167194539964835,0.0,0.0
2018-02-18,-0.05152776646470214,0.0,0.0
2018-02-19,0.02158622791762088,0.0,0.0
2018-02-20,-0.051378130406813494,0.0,0.0
2018-02-21,-0.05070519909053717,0.0,0.0
2018-02-22,-0.043679181095690245,0.0,0.0
2018-02-23,0.06316586437308924,0.0,0.0
2018-02-24,-0.02739448259759092,0.0,0.0
2018-02-25,0.0051099419228730625,0.0,0.0
2018-02-26,0.029006528040185664,0.0,0.0
2018-02-27,0.010295476532552472,0.0,0.0
2018-02-28,-0.02626318896272517,0.0,0.0
2018-03-01,0.019879628136155958,0.0,0.0
2018-03-02,-0.017595717322276716,0.0,0.0
2018-03-03,0.0004340863955869523,0.0,0.0
2018-03-04,0.01102744693506641,0.0,0.0
2018-03-05,-0.014992832218705066,0.0,0.0
2018-03-06,-0.04302883891829412,0.0,0.0
2018-03-07,-0.07848695454027577,0.0,0.0
2018-03-08,-0.06407146591767099,0.0,0.0
2018-03-09,0.03451624340431536,0.0,0.0
2018-03-10,-0.057655477552551515,0.0,0.0
2018-03-11,0.05306377124732298,0.0,0.0
2018-03-12,-0.03249927897511695,0.0,0.0
2018-03-13,-0.012865916723930004,0.0,0.0
2018-03-14,-0.11078896427179907,0.0,0.0
2018-03-15,-0.004862515380726684,0.0,0.0
2018-03-16,-0.015766296694008974,0.0,0.0
2018-03-17,-0.08125275926545106,0.0,0.0
2018-03-18,-0.025570815783310774,0.0,0.0
2018-03-19,0.033569541026134075,0.0,0.0
2018-03-20,0.0008064552378423961,0.0,0.0
2018-03-21,0.008178771365865423,0.0,0.0
2018-03-22,-0.03921793394779349,0.0,0.0
2018-03-23,-0.00015380304027901026,0.0,0.0
2018-03-24,-0.024424625935317246,0.0,0.0
2018-03-25,-0.004087916108852063,0.0,0.0
2018-03-26,-0.06549084636197922,0.0,0.0
2018-03-27,-0.08130403319548385,0.0,0.0
2018-03-28,-0.008524481773869996,0.0,0.0
2018-03-29,-0.1351419308559343,0.0,0.0
2018-03-30,0.022481144146713428,0.0,0.0
2018-03-31,0.004591498103849512,0.0,0.0
2018-04-01,-0.04250147196893139,0.0,0.0
2018-04-02,0.017960662634068703,0.0,0.0
2018-04-03,0.07884587834793066,0.0,0.0
2018-04-04,-0.08719265047673075,0.0,0.0
2018-04-05,0.007066206359080507,0.0,0.0
2018-04-06,-0.03378369016223137,0.0,0.0
2018-04-07,0.040587632635895154,0.0,0.0
2018-04-08,0.0394327754170789,0.0,0.0
2018-04-09,-0.004948701775378983,-0.0009992504996874777,1.0
2018-04-10,0.03943785464319349,0.03943785464319353,1.0
2018-04-11,0.03934163430373627,0.03934163430373622,1.0
2018-04-12,0.1449365906491631,0.14493659064916314,1.0
2018-04-13,-0.0004179489349483978,-0.0004179489349483848,1.0
2018-04-14,0.01774384148584729,0.017743841485847147,1.0
2018-04-15,0.060269901635369605,0.06026990163536984,1.0
2018-04-16,-0.038658914531133126,-0.038658914531133196,1.0
2018-04-17,-0.016146021929917542,-0.01614602192991753,1.0
2018-04-18,0.04353797911999946,0.04353797911999941,1.0
2018-04-19,0.08212819907740543,0.08212819907740551,1.0
2018-04-20,0.08422251964765093,0.0842225196476509,1.0
2018-04-21,-0.01676578848135657,-0.01676578848135662,1.0
2018-04-22,0.027197061900279706,0.027197061900279814,1.0
2018-04-23,0.03326792006009871,0.033267920060098786,1.0
2018-04-24,0.10210917951507215,0.10210917951507228,1.0
2018-04-25,-0.13096230187716207,-0.13096230187716212,1.0
2018-04-26,0.07700970427778464,0.07700970427778461,1.0
2018-04-27,-0.023803294877472347,-0.023803294877472236,1.0
2018-04-28,0.056637070638428266,0.05663707063842821,1.0
2018-04-29,0.007610312300805777,0.007610312300805818,1.0
2018-04-30,-0.027518498442315686,-0.027518498442315766,1.0
2018-05-01,0.0055065422076368,0.005506542207637012,1.0
2018-05-02,0.020094640725412782,0.020094640725412838,1.0
2018-05-03,0.13445998574023377,0.13445998574023357,1.0
2018-05-04,0.007800715829656912,0.007800715829656812,1.0
2018-05-05,0.03881751419241519,0.038817514192415276,1.0
2018-05-06,-0.02917343177295273,-0.029173431772952726,1.0
2018-05-07,-0.04870057312781695,-0.04870057312781693,1.0
2018-05-08,-0.001151588424354033,-0.0011515884243539626,1.0
2018-05-09,-0.0007730156178340497,-0.0007730156178340673,1.0
2018-05-10,-0.033229930628722704,-0.033229930628722704,1.0
2018-05-11,-0.06557471290412842,-0.0655747129041285,1.0
2018-05-12,0.009508693692314107,0.009508693692314205,1.0
2018-05-13,0.06916134129166629,0.0680924472407101,0.0
2018-05-14,-0.004017691388911504,-0.0009992504996875922,1.0
2018-05-15,-0.029673627939443503,-0.02967362793944343,1.0
2018-05-16,-0.002568850974957959,-0.002568850974957906,1.0
2018-05-17,-0.04864296155134695,-0.048642961551346994,1.0
2018-05-18,0.032275026558841624,0.031243009601039255,0.0
2018-05-19,0.0031151032359750808,0.0,0.0
2018-05-20,0.027046916091801432,-0.000999250499687483,1.0
2018-05-21,-0.022571614471128876,-0.022571614471129,1.0
2018-05-22,-0.07362605602470584,-0.07362605602470593,1.0
2018-05-23,-0.09904576536413501,-0.09994649436021204,0.0
2018-05-24,0.03113510838358624,0.0,0.0
2018-05-25,-0.02496197949641521,0.0,0.0
2018-05-26,0.0009306099520962618,0.0,0.0
2018-05-27,-0.024880804357017006,0.0,0.0
2018-05-28,-0.09889153243671556,0.0,0.0
2018-05-29,0.0956367166607488,0.0,0.0
2018-05-30,-0.010254857952070484,0.0,0.0
2018-05-31,0.032264679156700726,0.0,0.0
2018-06-01,0.004151356235793768,0.0,0.0
2018-06-02,0.02028289800782357,0.0,0.0
2018-06-03,0.04481351525786126,0.0,0.0
2018-06-04,-0.040987880208104066,0.0,0.0
2018-06-05,0.027518391809512766,0.0,0.0
2018-06-06,-0.0035761438150743174,0.0,0.0
2018-06-07,-0.0031904712117678535,0.0,0.0
2018-06-08,-0.006791264967650257,0.0,0.0
2018-06-09,-0.005847860580667441,0.0,0.0
2018-06-10,-0.11895503130804119,0.0,0.0
2018-06-11,0.012925477797388174,0.0,0.0
2018-06-12,-0.06833321411301518,0.0,0.0
2018-06-13,-0.03894389078109206,0.0,0.0
2018-06-14,0.08847863515747245,0.0,0.0
2018-06-15,-0.05529283057519074,0.0,0.0
2018-06-16,0.017592525777665236,0.0,0.0
2018-06-17,0.001613154535880179,0.0,0.0
2018-06-18,0.036852966214353744,0.0,0.0
2018-06-19,0.03674370788248216,0.0,0.0
2018-06-20,-0.003139590965938188,0.0,0.0
2018-06-21,-0.01659804591624492,0.0,0.0
2018-06-22,-0.11671192508756267,0.0,0.0
2018-06-23,0.018683309517868008,0.0,0.0
2018-06-24,-0.035505336621075356,0.0,0.0
2018-06-25,0.0057639543279199845,0.0,0.0
2018-06-26,-0.05982488872894898,0.0,0.0
2018-06-27,0.022166376267860777,0.0,0.0
2018-06-28,-0.045211534460273484,0.0,0.0
2018-06-29,0.03230384327924685,0.0,0.0
2018-06-30,0.04396925263504392,0.0,0.0
2018-07-01,-0.002772515111625351,0.0,0.0
2018-07-02,0.04720893560132011,0.0,0.0
2018-07-03,-0.023460709532574398,0.0,0.0
2018-07-04,0.006727745431485133,0.0,0.0
2018-07-05,0.015180228975550047,0.0,0.0
2018-07-06,-0.0008431361499883216,0.0,0.0
2018-07-07,0.037231147100340145,0.0,0.0
2018-07-08,-0.005168237412181864,0.0,0.0
2018-07-09,-0.025427312178337047,0.0,0.0
2018-07-10,-0.08865028467502645,-0.000999250499687451,1.0
2018-07-11,0.027839147533235575,0.027839147533235502,1.0
2018-07-12,-0.03682718288252296,-0.03682718288252302,1.0
2018-07-13,0.009191448175345007,0.009191448175345217,1.0
2018-07-14,0.004743922475550111,0.004743922475550015,1.0
2018-07-15,0.03156259915382198,0.0315625991538221,1.0
2018-07-16,0.06848501273855323,0.06848501273855323,1.0
2018-07-17,0.042325364609632654,0.042325364609632585,1.0
2018-07-18,-0.040896070460357925,-0.040896070460357946,1.0
2018-07-19,-0.022671628946775102,-0.022671628946775227,1.0
2018-07-20,-0.040290087224367555,-0.040290087224367506,1.0
2018-07-21,0.02604406197201725,0.025018274421060454,0.0
2018-07-22,-0.006009462220378237,0.0,0.0
2018-07-23,-0.01915344673407804,0.0,0.0
2018-07-24,0.06325784505025234,0.0,0.0
2018-07-25,-0.0143520276871274,0.0,0.0
2018-07-26,-0.017896612149947755,0.0,0.0
2018-07-27,0.012130493811344234,0.0,0.0
2018-07-28,-0.005893496530055331,0.0,0.0
2018-07-29,-0.0004990419831896187,0.0,0.0
2018-07-30,-0.02053724774107535,0.0,0.0
2018-07-31,-0.0507874743868022,0.0,0.0
2018-08-01,-0.03023967018532947,0.0,0.0
2018-08-02,-0.019313285420697324,0.0,0.0
2018-08-03,0.013671119940328769,0.0,0.0
2018-08-04,-0.026323164479593708,0.0,0.0
2018-08-05,0.008014636974877254,0.0,0.0
2018-08-06,-0.009397932824989463,0.0,0.0
2018-08-07,-0.06502514114243285,0.0,0.0
2018-08-08,-0.062075378334417564,0.0,0.0
2018-08-09,0.0251673549130782,0.0,0.0
2018-08-10,-0.08592190315727055,0.0,0.0
2018-08-11,-0.036100724008949925,0.0,0.0
2018-08-12,-0.007891640768904473,0.0,0.0
2018-08-13,-0.10349848686981156,0.0,0.0
2018-08-14,-0.026398326009696715,0.0,0.0
2018-08-15,0.0123040983172511,0.0,0.0
2018-08-16,0.020122877007132445,0.0,0.0
2018-08-17,0.09610622913707001,0.0,0.0
2018-08-18,-0.06308255478934077,0.0,0.0
2018-08-19,0.016977008961363227,0.0,0.0
2018-08-20,-0.0881516422291585,0.0,0.0
2018-08-21,0.027811084828887278,0.0,0.0
2018-08-22,-0.037606747499469906,0.0,0.0
2018-08-23,0.021238959153563775,0.0,0.0
2018-08-24,0.021158144628543374,0.0,0.0
2018-08-25,-0.011736401350997072,0.0,0.0
2018-08-26,-0.01590941829705872,0.0,0.0
2018-08-27,0.03781293473746783,0.0,0.0
2018-08-28,0.03815084650663403,0.0,0.0
2018-08-29,-0.024239479299388078,0.0,0.0
2018-08-30,-0.01799787261333541,0.0,0.0
2018-08-31,-0.003875374037829782,0.0,0.0
2018-09-01,0.043593043600160586,0.0,0.0
2018-09-02,-0.0032843432150542196,0.0,0.0
2018-09-03,-0.017365839276156203,0.0,0.0
2018-09-04,-0.012224375764827933,0.0,0.0
2018-09-05,-0.18686629986571002,0.0,0.0
2018-09-06,-0.009107684175876596,0.0,0.0
2018-09-07,-0.056521050388503746,0.0,0.0
2018-09-08,-0.08863597022919345,-0.000999250499687577,1.0
2018-09-09,-0.005188193218225279,-0.006182756322055252,0.0
2018-09-10,0.0007870995026890704,0.0,0.0
2018-09-11,-0.06095525554846948,0.0,0.0
2018-09-12,-0.0093750373603958,0.0,0.0
2018-09-13,0.1528547339193893,0.0,0.0
2018-09-14,0.0018688503949377822,0.0,0.0
2018-09-15,0.05348319276925251,0.0,0.0
2018-09-16,-0.011139803622288169,0.0,0.0
2018-09-17,-0.10296979473830525,0.0,0.0
2018-09-18,0.06114974657493688,0.0,0.0
2018-09-19,-2.86318024329546e-05,0.0,0.0
2018-09-20,0.069638897577186,0.0,0.0
2018-09-21,0.09792465361976621,0.0,0.0
2018-09-22,-0.024754257840392202,-0.0009992504996875786,1.0
2018-09-23,0.01600967303691081,0.016009673036911025,1.0
2018-09-24,-0.06384809882784048,-0.0638480988278405,1.0
2018-09-25,-0.04470332285104606,-0.044703322851046216,1.0
2018-09-26,-0.012164502877944239,-0.012164502877944159,1.0
2018-09-27,0.05859244356732196,0.058592443567322045,1.0
2018-09-28,-0.026661577153767824,-0.026661577153767817,1.0
2018-09-29,0.04151492346283314,0.041514923462833024,1.0
2018-09-30,0.005236741960751967,0.005236741960752024,1.0
2018-10-01,-0.008932873663157093,-0.008932873663157192,1.0
2018-10-02,-0.015543773537697203,-0.015543773537697241,1.0
2018-10-03,-0.029456694661811555,-0.029456694661811406,1.0
2018-10-04,0.007841678807986252,0.00784167880798606,1.0
2018-10-05,0.0242239402266482,0.02422394022664829,1.0
2018-10-06,-0.010900667528869423,-0.010900667528869484,1.0
2018-10-07,0.004437669688962531,0.004437669688962613,1.0
2018-10-08,0.013868810410464727,0.01386881041046455,1.0
2018-10-09,-0.005552813359764874,-0.005552813359764919,1.0
2018-10-10,-0.009706895670097082,-0.009706895670096988,1.0
2018-10-11,-0.16065095174052824,-0.1606509517405283,1.0
2018-10-12,0.038142746690033036,0.03814274669003302,1.0
2018-10-13,0.015829033807578385,0.01582903380757841,1.0
2018-10-14,-0.020646448974480758,-0.020646448974480664,1.0
2018-10-15,0.07147637470219581,0.07147637470219567,1.0
2018-10-16,0.00198375031770337,0.0019837503177034714,1.0
2018-10-17,-0.014453658071821196,-0.014453658071821189,1.0
2018-10-18,-0.018016870930916418,-0.01801687093091633,1.0
2018-10-19,0.0018440929559115915,0.0018440929559115742,1.0
2018-10-20,0.008359165103603239,0.008359165103603329,1.0
2018-10-21,-0.0014019101155309244,-0.0014019101155309242,1.0
2018-10-22,-0.005352350822876106,-0.005352350822876194,1.0
2018-10-23,0.001431025555352461,0.001431025555352544,1.0
2018-10-24,-0.002368616072268681,-0.0023686160722686607,1.0
2018-10-25,-0.005558006967999574,-0.005558006967999512,1.0
2018-10-26,0.003009094500184828,0.0030090945001848344,1.0
2018-10-27,0.004332938172293854,0.004332938172293753,1.0
2018-10-28,0.0056607931177714566,0.0056607931177714895,1.0
2018-10-29,-0.03953431143455921,-0.039534311434559107,1.0
2018-10-30,0.0015665928844301735,0.0015665928844299877,1.0
2018-10-31,-0.0008858402274498633,-0.0008858402274498676,1.0
2018-11-01,0.007553905083822698,0.007553905083822814,1.0
2018-11-02,0.00886500131394441,0.008865001313944515,1.0
2018-11-03,-0.0022378442468009574,-0.0022378442468009496,1.0
2018-11-04,0.036466024716088175,0.0364660247160882,1.0
2018-11-05,0.007735514901599627,0.007735514901599511,1.0
2018-11-06,0.04476994360646014,0.0447699436064602,1.0
2018-11-07,-0.005809043709797179,-0.00580904370979727,1.0
2018-11-08,-0.022801028995022565,-0.022801028995022548,1.0
2018-11-09,-0.010163442909513765,-0.010163442909513683,1.0
2018-11-10,0.01170539702093576,0.011705397020935735,1.0
2018-11-11,-0.005613285448039407,-0.005613285448039452,1.0
2018-11-12,-0.004362624615732558,-0.0043626246157325455,1.0
2018-11-13,-0.017070760352065006,-0.01707076035206498,1.0
2018-11-14,-0.12294876059690363,-0.12294876059690366,1.0
2018-11-15,-0.0032580660519645477,-0.004254558800429052,0.0
2018-11-16,-0.031132804278260484,0.0,0.0
2018-11-17,-0.006713180725410273,0.0,0.0
2018-11-18,0.01762055469761914,0.0,0.0
2018-11-19,-0.15752228297479987,0.0,0.0
2018-11-20,-0.12626779386504117,0.0,0.0
2018-11-21,0.048811171569968614,0.0,0.0
2018-11-22,-0.07311579616863217,0.0,0.0
2018-11-23,-0.026912724161557544,0.0,0.0
2018-11-24,-0.07949969595906803,0.0,0.0
2018-11-25,0.02604537302853749,0.0,0.0
2018-11-26,-0.06968654423732068,0.0,0.0
2018-11-27,0.015461328895676196,0.0,0.0
2018-11-28,0.11297155860808394,0.0,0.0
2018-11-29,-0.03998231825961229,0.0,0.0
2018-11-30,-0.03718846854097768,0.0,0.0
2018-12-01,0.048281995393701926,0.0,0.0
2018-12-02,-0.01893747829554082,0.0,0.0
2018-12-03,-0.06412881638845347,0.0,0.0
2018-12-04,0.011835383014102474,0.0,0.0
2018-12-05,-0.0702144829909247,0.0,0.0
2018-12-06,-0.1045566465420994,0.0,0.0
2018-12-07,0.01671197329742613,0.0,0.0
2018-12-08,-0.01216497298685304,0.0,0.0
2018-12-09,0.03236147577707382,0.0,0.0
2018-12-10,-0.03632889243861093,0.0,0.0
2018-12-11,-0.02988852351194793,0.0,0.0
2018-12-12,0.018528184230911737,0.0,0.0
2018-12-13,-0.044749287217839995,0.0,0.0
2018-12-14,-0.02578039917724606,0.0,0.0
2018-12-15,0.001571790198360068,0.0,0.0
2018-12-16,0.009726210007277025,0.0,0.0
2018-12-17,0.11578095032031754,0.0,0.0
2018-12-18,0.06284441866039692,0.0,0.0
2018-12-19,0.0015440263692509948,0.0,0.0
2018-12-20,0.14761040345501075,0.0,0.0
2018-12-21,-0.057828453877552755,-0.0009992504996875864,1.0
2018-12-22,0.06633349335871452,0.0663334933587144,1.0
2018-12-23,0.11995392547298889,0.11995392547298898,1.0
2018-12-24,0.07244085998418637,0.07244085998418634,1.0
2018-12-25,-0.07411444123900868,-0.07411444123900872,1.0
2018-12-26,0.015566992996868478,0.015566992996868556,1.0
2018-12-27,-0.11594923180496619,-0.11594923180496612,1.0
2018-12-28,0.18075008386869018,0.18075008386869015,1.0
2018-12-29,0.0026976438433914396,0.0026976438433914283,1.0
2018-12-30,0.01333960555744107,0.01333960555744123,1.0
2018-12-31,-0.04641227760194955,-0.046412277601949506,1.0
2019-01-01,0.0558690415634393,0.05586904156343936,1.0
2019-01-02,0.10103913415708599,0.10103913415708596,1.0
2019-01-03,-0.0381345519552061,-0.03813455195520616,1.0
2019-01-04,0.03652348258266658,0.03652348258266662,1.0
2019-01-05,0.006835571386013317,0.006835571386013304,1.0
2019-01-06,0.013541660232799568,0.013541660232799672,1.0
2019-01-07,-0.03833361304423322,-0.03833361304423311,1.0
2019-01-08,-0.0088305290009012,-0.00883052900090136,1.0
2019-01-09,0.0029494714261837363,0.0029494714261836612,1.0
2019-01-10,-0.1470654808093831,-0.14706548080938306,1.0
2019-01-11,-0.008372065986680277,-0.009363446013709911,0.0
2019-01-12,-0.012401532861499032,0.0,0.0
2019-01-13,-0.07199313656580575,0.0,0.0
2019-01-14,0.10411591049723246,0.0,0.0
2019-01-15,-0.054513676417318746,0.0,0.0
2019-01-16,0.01240938459045382,0.0,0.0
2019-01-17,0.0015771700863078664,0.0,0.0
2019-01-18,-0.02207545288730861,0.0,0.0
2019-01-19,0.02899554550494332,0.0,0.0
2019-01-20,-0.04050938924721137,0.0,0.0
2019-01-21,-0.019393025647509665,0.0,0.0
2019-01-22,0.013568862539051318,0.0,0.0
2019-01-23,-0.010905022905039141,0.0,0.0
2019-01-24,-0.0007638968822354375,0.0,0.0
2019-01-25,-0.0083888773754488,0.0,0.0
2019-01-26,0.0009486072518172239,0.0,0.0
2019-01-27,-0.026469943305171495,0.0,0.0
2019-01-28,-0.0600969789410275,0.0,0.0
2019-01-29,-0.009304442264207902,0.0,0.0
2019-01-30,0.031338846290313915,0.0,0.0
2019-01-31,-0.016954997884723433,0.0,0.0
2019-02-01,0.005125812913707728,0.0,0.0
2019-02-02,0.026210187718501032,0.0,0.0
2019-02-03,-0.026601327938489683,0.0,0.0
2019-02-04,0.003060057225071633,0.0,0.0
2019-02-05,-0.0035065540563441466,0.0,0.0
2019-02-06,-0.023493561702091714,0.0,0.0
2019-02-07,-0.003659836353758772,0.0,0.0
2019-02-08,0.14093272409288482,0.0,0.0
2019-02-09,0.0013678412544197993,-0.0009992504996874628,1.0
2019-02-10,0.04501015552210297,0.045010155522103024,1.0
2019-02-11,-0.02810827259681059,-0.0281082725968106,1.0
2019-02-12,0.010502161071923366,0.010502161071923389,1.0
2019-02-13,-0.00015243565600087106,-0.00015243565600072927,1.0
2019-02-14,-0.009492978611056468,-0.009492978611056635,1.0
2019-02-15,0.005850407680742853,0.005850407680742905,1.0
2019-02-16,0.009498972190726596,0.009498972190726521,1.0
2019-02-17,0.08387670855646312,0.08387670855646302,1.0
2019-02-18,0.09355989170737233,0.09355989170737215,1.0
2019-02-19,-0.0051484625684995455,-0.005148462568499394,1.0
2019-02-20,0.02895256560138937,0.028952565601389414,1.0
2019-02-21,-0.02289129496786768,-0.022891294967867716,1.0
2019-02-22,0.02026682939272928,0.02026682939272918,1.0
2019-02-23,0.06508023858135004,0.06508023858135009,1.0
2019-02-24,-0.14448000767189428,-0.14448000767189442,1.0
2019-02-25,0.029224304859803762,0.029224304859804016,1.0
2019-02-26,-0.012395575412746607,-0.012395575412746667,1.0
2019-02-27,-0.014220575048522921,-0.014220575048523016,1.0
2019-02-28,0.004556699017873367,0.004556699017873475,1.0
2019-03-01,-0.002213059382476845,-0.002213059382476888,1.0
2019-03-02,-0.016392586465016845,-0.016392586465016817,1.0
2019-03-03,-0.014585941471364494,-0.014585941471364402,1.0
2019-03-04,-0.033839815818397345,-0.033839815818397484,1.0
2019-03-05,0.07864083293078838,0.07756246175806583,0.0
2019-03-06,0.007016020675954193,-0.0009992504996873177,1.0
2019-03-07,-0.005438834332578524,-0.0054388343325784865,1.0
2019-03-08,-0.021063030794378546,-0.021063030794378653,1.0
2019-03-09,0.02100435336023576,0.019983604257964048,0.0
2019-03-10,-0.008746036141891955,0.0,0.0
2019-03-11,-0.021385494883916167,0.0,0.0
2019-03-12,0.004549337716896584,0.0,0.0
2019-03-13,-0.008775544785752154,0.0,0.0
2019-03-14,0.0033656497848693068,0.0,0.0
2019-03-15,0.029767008109052195,0.0,0.0
2019-03-16,0.0341806178770756,0.0,0.0
2019-03-17,-0.016837496210703407,-0.000999250499687555,1.0
2019-03-18,-0.004471025635101045,-0.004471025635100942,1.0
2019-03-19,0.008212344704771946,0.008212344704771855,1.0
2019-03-20,0.0011895886075743434,0.001189588607574307,1.0
2019-03-21,-0.028789522279829893,-0.028789522279830077,1.0
2019-03-22,0.00399147654144838,0.003991476541448528,1.0
2019-03-23,0.007715518118759368,0.007715518118759356,1.0
2019-03-24,-0.00906355715561069,-0.009063557155610637,1.0
2019-03-25,-0.014278020512220713,-0.014278020512220727,1.0
2019-03-26,0.0031795401108301036,0.002176611365604659,0.0
2019-03-27,0.04080752191206338,0.0,0.0
2019-03-28,-0.011147643888395842,-0.0009992504996875508,1.0
2019-03-29,0.022098879716942355,0.022098879716942504,1.0
2019-03-30,-0.002840327749729088,-0.002840327749729089,1.0
2019-03-31,-0.004071868839389592,-0.0040718688393895685,1.0
2019-04-01,0.002234569887348492,0.00223456988734837,1.0
2019-04-02,0.15604155441984235,0.15604155441984258,1.0
2019-04-03,-0.015265420160837206,-0.015265420160837354,1.0
2019-04-04,-0.02109680755713539,-0.021096807557135246,1.0
2019-04-05,0.04721411613736115,0.04721411613736104,1.0
2019-04-06,0.0026121994276668836,0.0026121994276668875,1.0
2019-04-07,0.05172995929572455,0.051729959295724486,1.0
2019-04-08,0.03281452366327087,0.032814523663270846,1.0
2019-04-09,-0.022990505222779234,-0.02299050522277927,1.0
2019-04-10,0.006943777186402933,0.006943777186403074,1.0
2019-04-11,-0.0667679172644201,-0.06676791726442009,1.0
2019-04-12,-0.004596435574989677,-0.0045964355749896985,1.0
2019-04-13,-0.00135353681308914,-0.0013535368130890802,1.0
2019-04-14,0.020212127257804413,0.020212127257804555,1.0
2019-04-15,-0.03732363346762779,-0.037323633467627806,1.0
2019-04-16,0.03743958900454958,0.037439589004549585,1.0
2019-04-17,-0.004013064648710096,-0.004013064648710053,1.0
2019-04-18,0.04110952232758769,0.041109522327587654,1.0
2019-04-19,-0.000607493093716549,-0.000607493093716493,1.0
2019-04-20,0.00024657076027412295,0.00024657076027412154,1.0
2019-04-21,-0.02132210318062855,-0.02132210318062859,1.0
2019-04-22,0.010750824040805629,0.0107508240408056,1.0
2019-04-23,-0.002483580845062061,-0.0024835808450620047,1.0
2019-04-24,-0.03278959608679355,-0.03278959608679345,1.0
2019-04-25,-0.06854590152967832,-0.06854590152967832,1.0
2019-04-26,0.012221304478441386,0.011209336229289098,0.0
2019-04-27,0.013353909089498295,0.0,0.0
2019-04-28,-0.007194512053711466,-0.0009992504996875775,1.0
2019-04-29,-0.013306701563468581,-0.013306701563468606,1.0
2019-04-30,0.04487078272452005,0.043826173159491284,0.0
2019-05-01,-0.008310536801285462,-0.0009992504996875267,1.0
2019-05-02,0.008111284608380176,0.008111284608380162,1.0
2019-05-03,0.03595805655763229,0.03595805655763223,1.0
2019-05-04,-0.023374639738295788,-0.023374639738295757,1.0
2019-05-05,-0.003510906312635731,-0.0035109063126358237,1.0
2019-05-06,0.05630147018667553,0.05630147018667557,1.0
2019-05-07,-0.016533449709814407,-0.016533449709814397,1.0
2019-05-08,0.0067698155765787416,0.006769815576578643,1.0
2019-05-09,-0.0038541463693734235,-0.003854146369373416,1.0
2019-05-10,0.0167564211009239,0.016756421100924002,1.0
2019-05-11,0.12222048609321012,0.12222048609321016,1.0
2019-05-12,-0.03591797943902464,-0.035917979439024666,1.0
2019-05-13,0.050825834485122456,0.05082583448512245,1.0
2019-05-14,0.10313779648228083,0.10313779648228084,1.0
2019-05-15,0.13817491598827325,0.13817491598827317,1.0
2019-05-16,0.06820449154164843,0.06820449154164844,1.0
2019-05-17,-0.07668429837661883,-0.07668429837661898,1.0
2019-05-18,-0.0376156249663544,-0.03761562496635435,1.0
2019-05-19,0.11380016420768158,0.11380016420768159,1.0
2019-05-20,-0.03608142608353193,-0.03608142608353184,1.0
2019-05-21,0.013306647580488828,0.013306647580488844,1.0
2019-05-22,-0.0412081243451744,-0.04120812434517437,1.0
2019-05-23,0.005176786982368009,0.005176786982368095,1.0
2019-05-24,0.014308166092893426,0.014308166092893258,1.0
2019-05-25,0.00911833263935824,0.00911833263935823,1.0
2019-05-26,0.060810996321972954,0.06081099632197288,1.0
2019-05-27,0.02169096885527666,0.021690968855276778,1.0
2019-05-28,-0.00400909814528605,-0.004009098145285946,1.0
2019-05-29,-0.00851098282071261,-0.008510982820712621,1.0
2019-05-30,-0.050460024798618774,-0.05046002479861877,1.0
2019-05-31,0.04789595307053229,0.047895953070532245,1.0
2019-06-01,-0.01015349645354957,-0.010153496453549527,1.0
2019-06-02,0.018215592051875618,0.018215592051875465,1.0
2019-06-03,-0.06519591179875206,-0.06519591179875203,1.0
2019-06-04,-0.0446111676938441,-0.044611167693844093,1.0
2019-06-05,0.023668881480394477,0.022645468516134488,0.0
2019-06-06,0.009809004964876467,0.0,0.0
2019-06-07,0.005836368585068197,-0.0009992504996876655,1.0
2019-06-08,-0.020692038879725705,-0.020692038879725656,1.0
2019-06-09,-0.051483257177473485,-0.05148325717747355,1.0
2019-06-10,0.06192299207165419,0.060861334560330646,0.0
2019-06-11,-0.007022849149575072,0.0,0.0
2019-06-12,0.06152391318410899,0.0,0.0
2019-06-13,-0.018146559493496417,-0.0009992504996875157,1.0
2019-06-14,0.030911925570925147,0.03091192557092508,1.0
2019-06-15,0.018675079024750074,0.01867507902475022,1.0
2019-06-16,0.0007578933039145141,0.0007578933039145048,1.0
2019-06-17,0.01904701773063544,0.019047017730635427,1.0
2019-06-18,-0.033895454439780814,-0.03389545443978082,1.0
2019-06-19,0.016524856771026775,0.016524856771026813,1.0
2019-06-20,0.00839995192972598,0.008399951929725914,1.0
2019-06-21,0.08544607140458238,0.0854460714045824,1.0
2019-06-22,0.04906587800430895,0.049065878004308956,1.0
2019-06-23,-0.005018162764330758,-0.0050181627643308266,1.0
2019-06-24,0.008436188676779866,0.00843618867678004,1.0
2019-06-25,0.024809978297278157,0.02480997829727801,1.0
2019-06-26,0.05855177913508958,0.058551779135089715,1.0
2019-06-27,-0.1261622397942206,-0.12616223979422064,1.0
2019-06-28,0.05762939351595553,0.05762939351595564,1.0
2019-06-29,0.028380634063252197,0.028380634063252225,1.0
2019-06-30,-0.09174222350202954,-0.0917422235020295,1.0
2019-07-01,0.010131304035073674,0.010131304035073738,1.0
2019-07-02,-0.006963186154442247,-0.006963186154442269,1.0
2019-07-03,0.039450208016048594,0.03945020801604844,1.0
2019-07-04,-0.06128918906401337,-0.06128918906401338,1.0
2019-07-05,0.01221096876338379,0.012210968763383916,1.0
2019-07-06,-0.0015639333384408483,-0.0015639333384409174,1.0
2019-07-07,0.06313206140637617,0.06206919512798529,0.0
2019-07-08,0.024700125663908334,0.0,0.0
2019-07-09,-0.013951707135440583,0.0,0.0
2019-07-10,-0.061119628257438,0.0,0.0
2019-07-11,-0.07344175335343406,0.0,0.0
2019-07-12,0.028182167780781864,0.0,0.0
2019-07-13,-0.02467780142239595,0.0,0.0
2019-07-14,-0.1554253826832529,0.0,0.0
2019-07-15,0.009657947578191495,0.0,0.0
2019-07-16,-0.1331180189393436,0.0,0.0
2019-07-17,0.06173189901753706,0.0,0.0
2019-07-18,0.07131094001614291,0.0,0.0
2019-07-19,-0.023095868601261782,0.0,0.0
2019-07-20,0.03517678047076145,0.0,0.0
2019-07-21,-0.01522547581817979,0.0,0.0
2019-07-22,-0.03576974489241791,0.0,0.0
2019-07-23,-0.022207652637152187,0.0,0.0
2019-07-24,0.02029749430759198,0.0,0.0
2019-07-25,0.011848273429135636,0.0,0.0
2019-07-26,5.287334679593414e-05,0.0,0.0
2019-07-27,-0.05564503948478372,0.0,0.0
2019-07-28,0.01821645439235775,0.0,0.0
2019-07-29,0.0003859014262819205,0.0,0.0
2019-07-30,-0.0035284695286892376,0.0,0.0
2019-07-31,0.03862552565596866,0.0,0.0
2019-08-01,-0.0038677662742561125,0.0,0.0
2019-08-02,0.0002898216892548433,0.0,0.0
2019-08-03,0.021199528155439573,0.0,0.0
2019-08-04,0.0008062476926509188,0.0,0.0
2019-08-05,0.05184945291482146,0.0,0.0
2019-08-06,-0.03498657547247741,0.0,0.0
2019-08-07,0.0016386172506186458,0.0,0.0
2019-08-08,-0.02406960656709367,0.0,0.0
2019-08-09,-0.04731089420280021,0.0,0.0
2019-08-10,-0.0178411829381655,0.0,0.0
2019-08-11,0.045272428534281595,0.0,0.0
2019-08-12,-0.022234858664771595,0.0,0.0
2019-08-13,-0.012206203882075273,0.0,0.0
2019-08-14,-0.1058952814294768,0.0,0.0
2019-08-15,0.010151334577589877,0.0,0.0
2019-08-16,-0.016243754589222892,0.0,0.0
2019-08-17,0.0013352257602874396,0.0,0.0
2019-08-18,0.04742289321886317,0.0,0.0
2019-08-19,0.04420920283865293,0.0,0.0
2019-08-20,-0.03213579013350509,0.0,0.0
2019-08-21,-0.04921406126682193,0.0,0.0
2019-08-22,0.02376395417096333,0.0,0.0
2019-08-23,0.017630479279609146,0.0,0.0
2019-08-24,-0.017547674946588154,0.0,0.0
2019-08-25,-0.023248388107769413,0.0,0.0
2019-08-26,0.011169790401769575,0.0,0.0
2019-08-27,-0.007477501430339428,0.0,0.0
2019-08-28,-0.072669241958641,0.0,0.0
2019-08-29,-0.025149409185794447,0.0,0.0
2019-08-30,-0.004022431715560382,0.0,0.0
2019-08-31,0.021529428287748065,0.0,0.0
2019-09-01,-0.004872520344192388,0.0,0.0
2019-09-02,0.03914204119415654,0.0,0.0
2019-09-03,0.0064591794165931304,0.0,0.0
2019-09-04,-0.019534553338295457,0.0,0.0
2019-09-05,-0.010089935121516014,0.0,0.0
2019-09-06,-0.024457731267474303,0.0,0.0
2019-09-07,0.04887402399371976,0.0,0.0
2019-09-08,0.017350304756150958,0.0,0.0
2019-09-09,-0.0011362760569428865,0.0,0.0
2019-09-10,-0.007520251122596244,-0.0009992504996874953,1.0
2019-09-11,-0.0059051823496002465,-0.00590518234960012,1.0
2019-09-12,0.012816322850751405,0.01281632285075146,1.0
2019-09-13,0.0005172353769105076,0.0005172353769103354,1.0
2019-09-14,0.03862734890376407,0.038627348903764125,1.0
2019-09-15,0.00895034371016834,0.008950343710168396,1.0
2019-09-16,0.0385904669714312,0.03859046697143117,1.0
2019-09-17,0.05831966830182567,0.05831966830182578,1.0
2019-09-18,0.013346930592172068,0.013346930592172037,1.0
2019-09-19,0.04677456540252267,0.04677456540252269,1.0
2019-09-20,-0.014600469925861947,-0.014600469925861986,1.0
2019-09-21,-0.011620469739669237,-0.011620469739669254,1.0
2019-09-22,-0.018424717521224432,-0.018424717521224352,1.0
2019-09-23,-0.04549411209219267,-0.04549411209219267,1.0
2019-09-24,-0.1674443243333108,-0.16744432433331083,1.0
2019-09-25,0.01654842087062125,0.015532126586855939,0.0
2019-09-26,-0.024375371887484842,0.0,0.0
2019-09-27,0.047885857568697565,0.0,0.0
2019-09-28,-0.0007904900147250871,0.0,0.0
2019-09-29,-0.023310676718752976,0.0,0.0
2019-09-30,0.054947433873068885,0.0,0.0
2019-10-01,-0.014075459965787518,0.0,0.0
2019-10-02,0.019003488329472074,0.0,0.0
2019-10-03,-0.03049722689538259,0.0,0.0
2019-10-04,0.010192160436667708,0.0,0.0
2019-10-05,-0.0035793083285821092,0.0,0.0
2019-10-06,-0.01866938100898885,0.0,0.0
2019-10-07,0.046961964110191046,0.0,0.0
2019-10-08,0.004609731260002858,0.0,0.0
2019-10-09,0.06192507061593355,0.0,0.0
2019-10-10,-0.00845135888084203,-0.000999250499687531,1.0
2019-10-11,-0.047427720059411094,-0.04742772005941112,1.0
2019-10-12,-0.009547269439318606,-0.010537474556696302,0.0
2019-10-13,0.006904428489395764,0.0,0.0
2019-10-14,0.02683374122573201,0.0,0.0
2019-10-15,-0.02971123844843615,-0.0009992504996876965,1.0
2019-10-16,-0.029726474745445763,-0.029726474745445763,1.0
2019-10-17,0.01144711488405803,0.011447114884058194,1.0
2019-10-18,-0.024754556894477253,-0.024754556894477225,1.0
2019-10-19,-0.004079642496059188,-0.004079642496059243,1.0
2019-10-20,0.01515995195211306,0.015159951952113072,1.0
2019-10-21,-0.003494404163625231,-0.0034944041636252353,1.0
2019-10-22,-0.014978948189324437,-0.0149789481893245,1.0
2019-10-23,-0.057446442404025744,-0.057446442404025785,1.0
2019-10-24,-0.0014423254446559453,-0.0014423254446558613,1.0
2019-10-25,0.11934903656214346,0.11934903656214346,1.0
2019-10-26,-0.009297592823990342,-0.009297592823990395,1.0
2019-10-27,0.02450427628469698,0.024504276284696983,1.0
2019-10-28,-0.008572447483945034,-0.008572447483945167,1.0
2019-10-29,0.04204338989507139,0.042043389895071344,1.0
2019-10-30,-0.029685454668325395,-0.0296854546683255,1.0
2019-10-31,-0.003926805599411609,-0.0039268055994116195,1.0
2019-11-01,1.617390715802358e-05,1.617390715824652e-05,1.0
2019-11-02,-0.0002401164303420522,-0.00024011643034205926,1.0
2019-11-03,-0.008159282467639084,-0.00815928246763923,1.0
2019-11-04,0.02154406132255149,0.02154406132255146,1.0
2019-11-05,0.01582448304565287,0.015824483045653082,1.0
2019-11-06,0.012095205653800845,0.01209520565380082,1.0
2019-11-07,-0.018880013481685,-0.018880013481684842,1.0
2019-11-08,-0.02002949697103662,-0.020029496971036672,1.0
2019-11-09,0.0044364527164793,0.0044364527164793,1.0
2019-11-10,0.024042552384364146,0.024042552384364247,1.0
2019-11-11,-0.021045480428840246,-0.021045480428840316,1.0
2019-11-12,0.0072983862044944114,0.007298386204494369,1.0
2019-11-13,0.0075749471007278135,0.007574947100727893,1.0
2019-11-14,-0.012000024315665936,-0.012000024315665903,1.0
2019-11-15,-0.029454114926144026,-0.02945411492614401,1.0
2019-11-16,0.01566120367493351,0.015661203674933462,1.0
2019-11-17,0.009658521304822587,0.00965852130482254,1.0
2019-11-18,-0.02463078143754671,-0.02463078143754692,1.0
2019-11-19,-0.017191274617063157,-0.0171912746170632,1.0
2019-11-20,-0.0099022100862729,-0.01089206035173901,0.0
2019-11-21,-0.08102310751242314,0.0,0.0
2019-11-22,-0.06933209949590902,0.0,0.0
2019-11-23,0.020959943541692505,0.0,0.0
2019-11-24,-0.06898212004549653,0.0,0.0
2019-11-25,0.025496818386005815,0.0,0.0
2019-11-26,0.016989347137961408,0.0,0.0
2019-11-27,0.027157281762240082,0.0,0.0
2019-11-28,-0.008450292689250793,0.0,0.0
2019-11-29,0.023639834524175507,0.0,0.0
2019-11-30,-0.017800330968333444,0.0,0.0
2019-12-01,-0.008876103961241388,0.0,0.0
2019-12-02,-0.014065954872514497,0.0,0.0
2019-12-03,-0.007397985062762902,0.0,0.0
2019-12-04,-0.008169156781971831,0.0,0.0
2019-12-05,0.01704456362830986,0.0,0.0
2019-12-06,-0.0003654977486361455,0.0,0.0
2019-12-07,-0.0028572430861661946,0.0,0.0
2019-12-08,0.016781593633425462,0.0,0.0
2019-12-09,-0.020094247265159848,0.0,0.0
2019-12-10,-0.013210508246530694,0.0,0.0
2019-12-11,-0.018179367576290573,0.0,0.0
2019-12-12,0.013898962268902304,0.0,0.0
2019-12-13,-0.004527732505692494,0.0,0.0
2019-12-14,-0.014319358078066169,0.0,0.0
2019-12-15,0.001720160827454409,0.0,0.0
2019-12-16,-0.06638690530007729,0.0,0.0
2019-12-17,-0.08240257069896073,0.0,0.0
2019-12-18,0.08554625945328853,0.0,0.0
2019-12-19,-0.028334172176471162,0.0,0.0
2019-12-20,-0.0019724631542183957,0.0,0.0
2019-12-21,-0.007245161153792146,0.0,0.0
2019-12-22,0.0331033357587478,0.0,0.0
2019-12-23,-0.028392774085564954,0.0,0.0
2019-12-24,0.003497272997879941,0.0,0.0
2019-12-25,-0.020216754345508625,0.0,0.0
2019-12-26,-0.0007387179298136148,0.0,0.0
2019-12-27,0.006753542870370666,0.0,0.0
2019-12-28,0.008710484708988497,0.0,0.0
2019-12-29,0.05014913034942636,0.0,0.0
2019-12-30,-0.0157652738227112,0.0,0.0
2019-12-31,-0.02278933415306572,0.0,0.0
2020-01-01,0.009190178165583207,0.0,0.0
2020-01-02,-0.025930970201487602,0.0,0.0
2020-01-03,0.053068978168561154,0.0,0.0
2020-01-04,0.0066903769863495555,-0.000999250499687613,1.0
2020-01-05,0.008939204731726713,0.008939204731726689,1.0
2020-01-06,0.05890493095145177,0.05890493095145191,1.0
2020-01-07,-0.005267778753292318,-0.005267778753292513,1.0
2020-01-08,-0.015924443349786155,-0.01592444334978617,1.0
2020-01-09,-0.016133093484380745,-0.016133093484380596,1.0
2020-01-10,0.03586560638444225,0.03586560638444225,1.0
2020-01-11,-0.007200886928300676,-0.007200886928300751,1.0
2020-01-12,0.0206176641057616,0.02061766410576181,1.0
2020-01-13,-0.01129289411687917,-0.011292894116879278,1.0
2020-01-14,0.15065709666300386,0.15065709666300417,1.0
2020-01-15,0.0016590582058744197,0.0016590582058742898,1.0
2020-01-16,-0.01106700566380281,-0.011067005663802754,1.0
2020-01-17,0.038864331269726105,0.03886433126972595,1.0
2020-01-18,0.02685165206055795,0.02685165206055807,1.0
2020-01-19,-0.047876120324395366,-0.04787612032439532,1.0
2020-01-20,0.0009023502412968121,0.0009023502412969104,1.0
2020-01-21,0.01541788519604359,0.0154178851960435,1.0
2020-01-22,-0.008267668638293424,-0.008267668638293514,1.0
2020-01-23,-0.03188227458323378,-0.03188227458323382,1.0
2020-01-24,0.0007525975197246737,0.000752597519724898,1.0
2020-01-25,-0.01083857506306074,-0.010838575063060765,1.0
2020-01-26,0.04211930401638453,0.04211930401638456,1.0
2020-01-27,0.016979054481661038,0.0169790544816612,1.0
2020-01-28,0.03182234945202822,0.03182234945202815,1.0
2020-01-29,-0.007484121137455557,-0.0074841211374556856,1.0
2020-01-30,0.05507065446349446,0.05507065446349448,1.0
2020-01-31,-0.02452916937757532,-0.02452916937757531,1.0
2020-02-01,0.019503637552609865,0.01950363755260972,1.0
2020-02-02,0.026915021164291897,0.026915021164291956,1.0
2020-02-03,0.006614061907548319,0.006614061907548248,1.0
2020-02-04,-0.00323635857181348,-0.00323635857181361,1.0
2020-02-05,0.07915243155799523,0.07915243155799535,1.0
2020-02-06,0.03970440884570903,0.039704408845709,1.0
2020-02-07,0.04891694034731886,0.04891694034731899,1.0
2020-02-08,0.0018877716176568526,0.0018877716176568958,1.0
2020-02-09,0.02434298655714895,0.024342986557149074,1.0
2020-02-10,-0.02211870728715548,-0.022118707287155488,1.0
2020-02-11,0.055155431331365135,0.05515543133136511,1.0
2020-02-12,0.12531177329455678,0.1253117732945567,1.0
2020-02-13,0.010147147902660691,0.010147147902660582,1.0
2020-02-14,0.060120481598565645,0.06012048159856567,1.0
2020-02-15,-0.06857045116097638,-0.06857045116097636,1.0
2020-02-16,-0.018259692118138604,-0.018259692118138576,1.0
2020-02-17,0.02488976929932618,0.02488976929932609,1.0
2020-02-18,0.05849581534422277,0.05849581534422276,1.0
2020-02-19,-0.07867008126631714,-0.07867008126631704,1.0
2020-02-20,-0.006985241682689214,-0.006985241682689283,1.0
2020-02-21,0.029661444062387243,0.029661444062387323,1.0
2020-02-22,-0.012307540639357906,-0.012307540639357899,1.0
2020-02-23,0.04354190965516169,0.043541909655161706,1.0
2020-02-24,-0.031187544424001845,-0.03118754442400188,1.0
2020-02-25,-0.06560239946277657,-0.06560239946277656,1.0
2020-02-26,-0.08932912521133274,-0.0893291252113328,1.0
2020-02-27,0.0047550462867866905,0.003750542429261608,0.0
2020-02-28,3.135827774425337e-05,0.0,0.0
2020-02-29,-0.030481443479889903,0.0,0.0
2020-03-01,-0.003993269846346403,0.0,0.0
2020-03-02,0.05297141408109862,0.0,0.0
2020-03-03,-0.026413474337024234,0.0,0.0
2020-03-04,0.00017081878207236834,0.0,0.0
2020-03-05,0.02115738673549905,0.0,0.0
2020-03-06,0.06218529788383864,0.0,0.0
2020-03-07,-0.023292079775564356,-0.0009992504996875963,1.0
2020-03-08,-0.15624784288366522,-0.15624784288366508,1.0
2020-03-09,0.006464088036532978,0.0054578755645185465,0.0
2020-03-10,-0.0060354861869905685,0.0,0.0
2020-03-11,-0.029380849618490856,0.0,0.0
2020-03-12,-0.42347221465293294,0.0,0.0
2020-03-13,0.18562727860573336,0.0,0.0
2020-03-14,-0.07429170741922175,0.0,0.0
2020-03-15,0.015475962795865161,0.0,0.0
2020-03-16,-0.1166674150987117,0.0,0.0
2020-03-17,0.030169066268947553,0.0,0.0
2020-03-18,0.007894498612091683,0.0,0.0
2020-03-19,0.1894040141620661,0.0,0.0
2020-03-20,-0.02823472111521519,0.0,0.0
2020-03-21,0.0006143190364296114,0.0,0.0
2020-03-22,-0.07150768570449428,0.0,0.0
2020-03-23,0.09398593784316334,0.0,0.0
2020-03-24,0.028536004986446484,0.0,0.0
2020-03-25,-0.01848893815284358,0.0,0.0
2020-03-26,0.015901101242766114,0.0,0.0
2020-03-27,-0.031971413141401506,0.0,0.0
2020-03-28,-0.022035925578709925,0.0,0.0
2020-03-29,-0.04124672033266197,0.0,0.0
2020-03-30,0.05829424129056493,0.0,0.0
2020-03-31,0.005184366716448396,0.0,0.0
2020-04-01,0.01527757028175758,0.0,0.0
2020-04-02,0.047145747088574996,0.0,0.0
2020-04-03,0.0004376869758151436,0.0,0.0
2020-04-04,0.02201459263306571,0.0,0.0
2020-04-05,-0.011518742372937596,0.0,0.0
2020-04-06,0.17826423737809294,0.0,0.0
2020-04-07,-0.023850264996428838,-0.0009992504996876122,1.0
2020-04-08,0.045667511481618295,0.04566751148161841,1.0
2020-04-09,-0.010626600139346465,-0.010626600139346493,1.0
2020-04-10,-0.07256546063848213,-0.07256546063848204,1.0
2020-04-11,-0.0012399681825301379,-0.0012399681825301387,1.0
2020-04-12,0.01849627417518529,0.01849627417518536,1.0
2020-04-13,-0.030177461003746964,-0.030177461003746995,1.0
2020-04-14,0.008426140484949274,0.00741796645099944,0.0
2020-04-15,-0.02734513160377705,-0.000999250499687546,1.0
2020-04-16,0.12310565300359055,0.12198282812700033,0.0
2020-04-17,-0.003013514905287895,-0.000999250499687511,1.0
2020-04-18,0.08899759665861406,0.08899759665861412,1.0
2020-04-19,-0.02835015946648367,-0.02835015946648359,1.0
2020-04-20,-0.05130521634525309,-0.05130521634525315,1.0
2020-04-21,0.0025568412529346496,0.0025568412529346305,1.0
2020-04-22,0.05709163292415953,0.05709163292415962,1.0
2020-04-23,0.013302836854422573,0.013302836854422635,1.0
2020-04-24,0.022743865494742277,0.02274386549474224,1.0
2020-04-25,0.0331772757444222,0.033177275744422384,1.0
2020-04-26,0.009217850433584918,0.009217850433584853,1.0
2020-04-27,-0.00047040529712094603,-0.00047040529712086894,1.0
2020-04-28,0.006037143067803674,0.006037143067803531,1.0
2020-04-29,0.09350505112105334,0.09350505112105338,1.0
2020-04-30,-0.04316844161041067,-0.04316844161041068,1.0
2020-05-01,0.03187372256679111,0.03187372256679113,1.0
2020-05-02,0.005164233538947682,0.005164233538947727,1.0
2020-05-03,-0.020398093365129433,-0.02039809336512952,1.0
2020-05-04,-0.013080637151445917,-0.013080637151445862,1.0
2020-05-05,-0.006723281251511781,-0.006723281251511809,1.0
2020-05-06,-0.013147723734789785,-0.013147723734789772,1.0
2020-05-07,0.04034988409481799,0.04034988409481794,1.0
2020-05-08,0.00330757754176636,0.0033075775417661874,1.0
2020-05-09,-0.006532882629624592,-0.006532882629624546,1.0
2020-05-10,-0.10869825445616221,-0.10869825445616221,1.0
2020-05-11,-0.014245641667949727,-0.015231149587692065,0.0
2020-05-12,0.018286301098228597,0.0,0.0
2020-05-13,0.05219297764835762,0.0,0.0
2020-05-14,0.018855121721672363,-0.0009992504996875716,1.0
2020-05-15,-0.03609984668213273,-0.0360998466821328,1.0
2020-05-16,0.025837796493022314,0.02583779649302248,1.0
2020-05-17,0.03229848650838507,0.03229848650838499,1.0
2020-05-18,0.035559036772175645,0.03555903677217555,1.0
2020-05-19,-0.005006147613569434,-0.00500614761356937,1.0
2020-05-20,-0.015714933991157976,-0.015714933991158,1.0
2020-05-21,-0.04861158117206166,-0.048611581172061755,1.0
2020-05-22,0.036449129788362455,0.03541293977085673,0.0
2020-05-23,0.007362134898328376,0.0,0.0
2020-05-24,-0.03030292616887509,0.0,0.0
2020-05-25,0.014574278854364575,0.0,0.0
2020-05-26,-0.016644452016541522,0.0,0.0
2020-05-27,0.034477666422055187,0.0,0.0
2020-05-28,0.05255582341240994,0.0,0.0
2020-05-29,0.0037968519368642983,-0.0009992504996877132,1.0
2020-05-30,0.0982007880562834,0.09820078805628349,1.0
2020-05-31,-0.046916009527802616,-0.04691600952780257,1.0
2020-06-01,0.06934085140049451,0.0693408514004945,1.0
2020-06-02,-0.03956692752858926,-0.03956692752858915,1.0
2020-06-03,0.02934109196296908,0.029341091962969093,1.0
2020-06-04,0.0010118396234197746,0.0010118396234196686,1.0
2020-06-05,-0.01310990485636565,-0.013109904856365658,1.0
2020-06-06,0.0029405915366731428,0.0029405915366731337,1.0
2020-06-07,0.013375413294720584,0.013375413294720478,1.0
2020-06-08,0.00466071390672762,0.004660713906727614,1.0
2020-06-09,-0.005677614763718863,-0.005677614763718812,1.0
2020-06-10,0.01034452659686913,0.010344526596869122,1.0
2020-06-11,-0.06361931932262788,-0.06361931932262783,1.0
2020-06-12,0.02499126432857568,0.02499126432857552,1.0
2020-06-13,0.005960735282637852,0.005960735282637759,1.0
2020-06-14,-0.020066832171668714,-0.02006683217166869,1.0
2020-06-15,-0.017879231889114333,-0.01787923188911436,1.0
2020-06-16,0.01951585350776286,0.01849659253321849,0.0
2020-06-17,-0.005920639720965681,0.0,0.0
2020-06-18,-0.003978524779853165,0.0,0.0
2020-06-19,-0.021382380177690008,0.0,0.0
2020-06-20,0.009403835282570938,0.0,0.0
2020-06-21,-0.0012406062725255351,0.0,0.0
2020-06-22,0.05914396254513776,0.0,0.0
2020-06-23,0.0066339911121064965,-0.0009992504996876512,1.0
2020-06-24,-0.03428203573727662,-0.034282035737276687,1.0
2020-06-25,-0.01199449842812228,-0.012982256928318758,0.0
2020-06-26,-0.014065340211250277,0.0,0.0
2020-06-27,-0.029208468909296514,0.0,0.0
2020-06-28,0.01070764753067932,0.0,0.0
2020-06-29,0.012636955023823893,0.0,0.0
2020-06-30,-0.008237992176384878,0.0,0.0
2020-07-01,0.021202377597294486,0.0,0.0
2020-07-02,-0.00744752050491182,0.0,0.0
2020-07-03,-0.017459734949675898,0.0,0.0
2020-07-04,0.016358712330749814,0.0,0.0
2020-07-05,-0.006153097654430395,0.0,0.0
2020-07-06,0.06081589777420948,0.0,0.0
2020-07-07,-0.01008111519525301,-0.0009992504996876432,1.0
2020-07-08,0.03176603807977685,0.03176603807977695,1.0
2020-07-09,-0.014813526312331904,-0.014813526312331961,1.0
2020-07-10,-0.008357374289335584,-0.008357374289335535,1.0
2020-07-11,-0.006335704650459517,-0.006335704650459593,1.0
2020-07-12,0.011164884814891307,0.011164884814891349,1.0
2020-07-13,-0.010436943542246335,-0.010436943542246394,1.0
2020-07-14,0.0025329360010484248,0.0025329360010485687,1.0
2020-07-15,-0.007443290455772633,-0.007443290455772662,1.0
2020-07-16,-0.020059424047782937,-0.020059424047782902,1.0
2020-07-17,-0.0037142380015947607,-0.0037142380015947065,1.0
2020-07-18,0.01164534919888971,0.01164534919888982,1.0
2020-07-19,0.01275547512299724,0.012755475122997188,1.0
2020-07-20,-0.009788145738083509,-0.009788145738083554,1.0
2020-07-21,0.037533080727248036,0.03753308072724816,1.0
2020-07-22,0.07009284681918926,0.07009284681918931,1.0
2020-07-23,0.047669180441096026,0.04766918044109591,1.0
2020-07-24,0.01647814895460087,0.016478148954600827,1.0
2020-07-25,0.08896836282346765,0.08896836282346773,1.0
2020-07-26,0.018374375158832335,0.018374375158832418,1.0
2020-07-27,0.03833595396673628,0.03833595396673619,1.0
2020-07-28,-0.015106155699835644,-0.015106155699835649,1.0
2020-07-29,0.004843187189946141,0.00484318718994608,1.0
2020-07-30,0.05152803741320544,0.051528037413205434,1.0
2020-07-31,0.032780799608892464,0.0327807996088924,1.0
2020-08-01,0.11472873899322056,0.11472873899322059,1.0
2020-08-02,-0.037715461237258996,-0.03771546123725908,1.0
2020-08-03,0.042149003171452204,0.04214900317145219,1.0
2020-08-04,0.009268358966418422,0.009268358966418418,1.0
2020-08-05,0.030048280137513927,0.030048280137513803,1.0
2020-08-06,-0.016505944076137702,-0.016505944076137546,1.0
2020-08-07,-0.03911540565284821,-0.03911540565284829,1.0
2020-08-08,0.038139730716217235,0.03813973071621735,1.0
2020-08-09,-0.007276661870967205,-0.007276661870967244,1.0
2020-08-10,0.01218836889304864,0.012188368893048581,1.0
2020-08-11,-0.039161394722536436,-0.039161394722536484,1.0
2020-08-12,0.027972008335723553,0.02797200833572344,1.0
2020-08-13,0.09645854080361627,0.09645854080361635,1.0
2020-08-14,0.020189392691058572,0.02018939269105835,1.0
2020-08-15,-0.009243090532024323,-0.00924309053202438,1.0
2020-08-16,0.0009961849763249209,0.000996184976325004,1.0
2020-08-17,-0.009809825584340293,-0.00980982558434025,1.0
2020-08-18,-0.013647292197162653,-0.013647292197162595,1.0
2020-08-19,-0.04061076745635395,-0.040610767456353954,1.0
2020-08-20,0.024543424978067163,0.024543424978067056,1.0
2020-08-21,-0.06558798361324525,-0.0655879836132453,1.0
2020-08-22,0.017240676181713432,0.017240676181713512,1.0
2020-08-23,-0.011243703706330654,-0.011243703706330713,1.0
2020-08-24,0.04282158587440188,0.04282158587440184,1.0
2020-08-25,-0.05915350070348824,-0.05915350070348818,1.0
2020-08-26,0.006419482369232066,0.005413314491733438,0.0
2020-08-27,-0.00991935862142268,0.0,0.0
2020-08-28,0.034607699121382396,0.0,0.0
2020-08-29,0.010222462637086371,0.0,0.0
2020-08-30,0.07119958469630605,-0.0009992504996875662,1.0
2020-08-31,0.015602445733341463,0.015602445733341344,1.0
2020-09-01,0.09647005795804109,0.09647005795804126,1.0
2020-09-02,-0.07758361882075893,-0.07758361882075893,1.0
2020-09-03,-0.123553539238214,-0.12355353923821398,1.0
2020-09-04,0.006661656260499305,0.0066616562604992526,1.0
2020-09-05,-0.13646435756459385,-0.13732767732311843,0.0
2020-09-06,0.053994510368928994,0.0,0.0
2020-09-07,-0.0019492226211732522,0.0,0.0
2020-09-08,-0.04273465666874776,0.0,0.0
2020-09-09,0.04001131385125989,0.0,0.0
2020-09-10,0.04839475251697656,0.0,0.0
2020-09-11,0.01791267308646205,0.0,0.0
2020-09-12,0.03332710268956118,0.0,0.0
2020-09-13,-0.05582138745017029,-0.0009992504996876894,1.0
2020-09-14,0.03200167493140915,0.030969931256896545,0.0
2020-09-15,-0.0329464164811436,0.0,0.0
2020-09-16,0.002667157170638479,0.0,0.0
2020-09-17,0.06343947582272258,0.0,0.0
2020-09-18,-0.011965201952840232,-0.0009992504996874476,1.0
2020-09-19,0.003069586260487034,0.0030695862604872715,1.0
2020-09-20,-0.03758723421298804,-0.03758723421298818,1.0
2020-09-21,-0.07887489895061617,-0.0797957937703901,0.0
2020-09-22,0.00794971555350954,0.0,0.0
2020-09-23,-0.06788579355602253,0.0,0.0
2020-09-24,0.08794099866959249,0.0,0.0
2020-09-25,0.008093951580075087,0.0,0.0
2020-09-26,0.009383864826871147,0.0,0.0
2020-09-27,0.005486566064312859,0.0,0.0
2020-09-28,-0.006376154798124589,0.0,0.0
2020-09-29,0.012946190125610713,0.0,0.0
2020-09-30,0.0005016740848944323,0.0,0.0
2020-10-01,-0.01870312835433363,0.0,0.0
2020-10-02,-0.01972498177140869,0.0,0.0
2020-10-03,0.0008178531913418663,0.0,0.0
2020-10-04,0.017479160421163265,0.0,0.0
2020-10-05,0.003907711634822508,0.0,0.0
2020-10-06,-0.03712580364145024,0.0,0.0
2020-10-07,0.0029130036979352347,0.0,0.0
2020-10-08,0.02620615039517382,0.0,0.0
2020-10-09,0.042262747082040475,0.0,0.0
2020-10-10,0.014708002366342399,-0.0009992504996876902,1.0
2020-10-11,0.011252921017721018,0.011252921017720975,1.0
2020-10-12,0.033558494889834645,0.03355849488983459,1.0
2020-10-13,-0.01686863418993423,-0.01686863418993421,1.0
2020-10-14,-0.0044773541995790644,-0.004477354199579075,1.0
2020-10-15,-0.005381532815657342,-0.005381532815657312,1.0
2020-10-16,-0.02970743726519065,-0.0297074372651906,1.0
2020-10-17,0.0071728961371237965,0.007172896137123813,1.0
2020-10-18,0.025369682024107387,0.025369682024107398,1.0
2020-10-19,0.004552780347713448,0.004552780347713501,1.0
2020-10-20,-0.02842246378033897,-0.028422463780338962,1.0
2020-10-21,0.06245127472350509,0.06245127472350495,1.0
2020-10-22,0.055032023655851914,0.05503202365585195,1.0
2020-10-23,-0.009682330208334755,-0.00968233020833482,1.0
2020-10-24,0.006566951423729428,0.0065669514237294115,1.0
2020-10-25,-0.015128433756102622,-0.015128433756102448,1.0
2020-10-26,-0.030351866854822607,-0.030351866854822617,1.0
2020-10-27,0.025663961040470307,0.02566396104047031,1.0
2020-10-28,-0.037986127241859236,-0.03798612724185931,1.0
2020-10-29,-0.004941851425972588,-0.004941851425972564,1.0
2020-10-30,-0.010110735385608915,-0.010110735385608926,1.0
2020-10-31,0.009848898837674147,0.008839302401061257,0.0
2020-11-01,0.02526667630791546,0.0,0.0
2020-11-02,-0.033306859903456054,-0.0009992504996874211,1.0
2020-11-03,0.011602130737028649,0.011602130737028482,1.0
2020-11-04,0.03751223924387381,0.03751223924387376,1.0
2020-11-05,0.02965458483467409,0.0296545848346741,1.0
2020-11-06,0.0981771366329065,0.0981771366329064,1.0
2020-11-07,-0.04179757617359503,-0.04179757617359504,1.0
2020-11-08,0.040948144234179695,0.04094814423417982,1.0
2020-11-09,-0.02070692244149086,-0.020706922441490895,1.0
2020-11-10,0.01242014836129579,0.012420148361295642,1.0
2020-11-11,0.029534169495399443,0.029534169495399516,1.0
2020-11-12,-0.004223386354289427,-0.0042233863542893565,1.0
2020-11-13,0.029546635124694687,0.02954663512469458,1.0
2020-11-14,-0.030501025586850417,-0.030501025586850274,1.0
2020-11-15,-0.027362302769762148,-0.027362302769762117,1.0
2020-11-16,0.027663890831452376,0.02766389083145227,1.0
2020-11-17,0.044396563964784974,0.044396563964785,1.0
2020-11-18,-0.001823646722940775,-0.0018236467229408825,1.0
2020-11-19,-0.016379350617824917,-0.016379350617824816,1.0
2020-11-20,0.08081356321758748,0.08081356321758751,1.0
2020-11-21,0.07796466688339021,0.07796466688339014,1.0
2020-11-22,0.015617271492200935,0.015617271492200987,1.0
2020-11-23,0.09028633587462331,0.09028633587462329,1.0
2020-11-24,-0.007488280314670304,-0.0074882803146703175,1.0
2020-11-25,-0.05499460748003315,-0.05499460748003315,1.0
2020-11-26,-0.09091766638538712,-0.09091766638538706,1.0
2020-11-27,-0.0025201063807008817,-0.002520106380700935,1.0
2020-11-28,0.04007021428140933,0.04007021428140934,1.0
2020-11-29,0.06972534679646114,0.0697253467964611,1.0
2020-11-30,0.06788350107386454,0.06788350107386443,1.0
2020-12-01,-0.04475677961558855,-0.0447567796155884,1.0
2020-12-02,0.018777021338771238,0.018777021338771203,1.0
2020-12-03,0.030678218435329363,0.03067821843532936,1.0
2020-12-04,-0.07678592848328947,-0.0767859284832895,1.0
2020-12-05,0.047845914887590935,0.04784591488759109,1.0
2020-12-06,0.008906433191264718,0.008906433191264742,1.0
2020-12-07,-0.01672281499383932,-0.016722814993839374,1.0
2020-12-08,-0.06254293959158741,-0.0625429395915873,1.0
2020-12-09,0.033616499701109914,0.03361649970110994,1.0
2020-12-10,-0.024064691319026776,-0.024064691319026846,1.0
2020-12-11,-0.024802031631535493,-0.02480203163153544,1.0
2020-12-12,0.041718703731370654,0.04171870373137066,1.0
2020-12-13,0.037103585490145585,0.03606674118055172,0.0
2020-12-14,-0.006193431308962327,0.0,0.0
2020-12-15,0.005707094951707736,0.0,0.0
2020-12-16,0.07945327683237835,0.0,0.0
2020-12-17,0.010511356250089365,0.0,0.0
2020-12-18,0.018577647939548747,0.0,0.0
2020-12-19,0.006850763657229253,0.0,0.0
2020-12-20,-0.03186280386564,0.0,0.0
2020-12-21,-0.04460813155249255,0.0,0.0
2020-12-22,0.04105539884074627,0.0,0.0
2020-12-23,-0.0805532804990381,0.0,0.0
2020-12-24,0.04778461622112218,0.0,0.0
2020-12-25,0.02420430689984565,0.0,0.0
2020-12-26,0.015046214535492375,-0.0009992504996875092,1.0
2020-12-27,0.07361415859069909,0.07361415859069914,1.0
2020-12-28,0.06995611391998069,0.06995611391998072,1.0
2020-12-29,0.0015372492130329984,0.0015372492130330062,1.0
2020-12-30,0.027475410142453693,0.02747541014245379,1.0
2020-12-31,-0.018381058140691575,-0.018381058140691586,1.0
2021-01-01,-0.010078365039673964,-0.010078365039673935,1.0
2021-01-02,0.06047286631119175,0.060472866311191774,1.0
2021-01-03,0.2594753293956862,0.25947532939568635,1.0
2021-01-04,0.06635041674388553,0.06635041674388538,1.0
2021-01-05,0.057461231702209625,0.05746123170220956,1.0
2021-01-06,0.09736862255513934,0.0973686225551395,1.0
2021-01-07,0.015380441218393326,0.015380441218393135,1.0
2021-01-08,-0.0012082756724967059,-0.0012082756724966523,1.0
2021-01-09,0.04646320835871487,0.04646320835871485,1.0
2021-01-10,-0.014699009060386903,-0.014699009060386962,1.0
2021-01-11,-0.13634523092842832,-0.13634523092842823,1.0
2021-01-12,-0.0428482439504031,-0.042848243950403084,1.0
2021-01-13,0.08367061246989871,0.08367061246989876,1.0
2021-01-14,0.07757191852287426,0.07757191852287434,1.0
2021-01-15,-0.03826032525754719,-0.03826032525754721,1.0
2021-01-16,0.052655044668727724,0.05265504466872765,1.0
2021-01-17,-0.0027282155417935883,-0.002728215541793615,1.0
2021-01-18,0.02203536943575002,0.022035369435749946,1.0
2021-01-19,0.09545717838129009,0.09545717838129014,1.0
2021-01-20,0.00361443711529974,0.0036144371152996516,1.0
2021-01-21,-0.18860451399286926,-0.18860451399286926,1.0
2021-01-22,0.1024824037765284,0.10248240377652842,1.0
2021-01-23,-0.004465468609136769,-0.0044654686091366936,1.0
2021-01-24,0.13047928581876245,0.1304792858187623,1.0
2021-01-25,-0.04828551839708972,-0.04828551839708974,1.0
2021-01-26,0.0246473466409749,0.024647346640974854,1.0
2021-01-27,-0.07654128534445381,-0.07654128534445385,1.0
2021-01-28,0.06328269064744974,0.06328269064744985,1.0
2021-01-29,0.03754666640282833,0.03754666640282838,1.0
2021-01-30,-0.004634533699547028,-0.004634533699547058,1.0
2021-01-31,-0.04442161534791822,-0.04442161534791825,1.0
2021-02-01,0.041106378941601296,0.041106378941601227,1.0
2021-02-02,0.10675593258422955,0.1067559325842296,1.0
2021-02-03,0.09616976222373852,0.09616976222373848,1.0
2021-02-04,-0.03982567909810919,-0.039825679098109246,1.0
2021-02-05,0.07768440029221635,0.0776844002922162,1.0
2021-02-06,-0.023741923184774527,-0.023741923184774437,1.0
2021-02-07,-0.03791706041817189,-0.037917060418172055,1.0
2021-02-08,0.08201385173983122,0.08201385173983133,1.0
2021-02-09,0.012262685569933707,0.012262685569933634,1.0
2021-02-10,-0.01345653537210656,-0.013456535372106332,1.0
2021-02-11,0.022677205052725746,0.022677205052725732,1.0
2021-02-12,0.03348732312940794,0.03348732312940789,1.0
2021-02-13,-0.015959972504702824,-0.01595997250470291,1.0
2021-02-14,-0.004975308838028325,-0.004975308838028152,1.0
2021-02-15,-0.014012139783403876,-0.01401213978340392,1.0
2021-02-16,0.0007172130023165302,0.0007172130023164278,1.0
2021-02-17,0.03783727842182305,0.0378372784218231,1.0
2021-02-18,0.04814334686912458,0.048143346869124505,1.0
2021-02-19,0.0117244756414987,0.011724475641498621,1.0
2021-02-20,-0.02072822520328288,-0.020728225203282893,1.0
2021-02-21,0.00837026909619265,0.008370269096192762,1.0
2021-02-22,-0.0793594074434344,-0.07935940744343437,1.0
2021-02-23,-0.11884948478862234,-0.11973041501620475,0.0
2021-02-24,0.03590087965500732,0.0,0.0
2021-02-25,-0.09275433646521236,0.0,0.0
2021-02-26,-0.02010569143015961,0.0,0.0
2021-02-27,0.009639784472410318,0.0,0.0
2021-02-28,-0.03008561801322729,0.0,0.0
2021-03-01,0.10498132242232572,0.0,0.0
2021-03-02,-0.046078177824534605,0.0,0.0
2021-03-03,0.055771067902868676,0.0,0.0
2021-03-04,-0.02153680549869552,0.0,0.0
2021-03-05,-0.005602958730816177,0.0,0.0
2021-03-06,0.07922032955620151,0.0,0.0
2021-03-07,0.04134315133557287,0.0,0.0
2021-03-08,0.06474993475523938,-0.000999250499687608,1.0
2021-03-09,0.01816123402047265,0.018161234020472632,1.0
2021-03-10,-0.03687407273423038,-0.03687407273423032,1.0
2021-03-11,0.015022895397648561,0.015022895397648497,1.0
2021-03-12,-0.02962034771084776,-0.02962034771084769,1.0
2021-03-13,0.08610281570039335,0.0861028157003934,1.0
2021-03-14,-0.036432495849089586,-0.03643249584908962,1.0
2021-03-15,-0.03389586410902523,-0.03389586410902524,1.0
2021-03-16,0.008522359714190797,0.008522359714190846,1.0
2021-03-17,0.009118868953279069,0.008110002364042978,0.0
2021-03-18,-0.022262334013067764,-0.0009992504996877045,1.0
2021-03-19,0.019501889367920855,0.01848264235402529,0.0
2021-03-20,-0.00274506804140795,0.0,0.0
2021-03-21,-0.013470780019506856,-0.0009992504996875588,1.0
2021-03-22,-0.0541785781135381,-0.0551241630800691,0.0
2021-03-23,-0.0074993100167096705,0.0,0.0
2021-03-24,-0.050776926040515424,0.0,0.0
2021-03-25,0.0012211524752892,0.0,0.0
2021-03-26,0.06737215325548651,0.0,0.0
2021-03-27,0.008017530435460829,0.0,0.0
2021-03-28,-0.014645354230451879,0.0,0.0
2021-03-29,0.07587343099405097,0.0,0.0
2021-03-30,0.014479844479645232,-0.0009992504996876024,1.0
2021-03-31,0.039180416629085224,0.03918041662908522,1.0
2021-04-01,0.03071098836529318,0.030710988365293245,1.0
2021-04-02,0.08392791834374091,0.08392791834374097,1.0
2021-04-03,-0.053565570203716883,-0.05356557020371696,1.0
2021-04-04,0.031896864607867226,0.031896864607867295,1.0
2021-04-05,0.007053768788714887,0.0070537687887148315,1.0
2021-04-06,0.004977353239657756,0.0049773532396577055,1.0
2021-04-07,-0.06953507481952037,-0.06953507481952037,1.0
2021-04-08,0.059610275923209555,0.05961027592320954,1.0
2021-04-09,-0.007883295432574822,-0.007883295432574803,1.0
2021-04-10,0.030805935133171092,0.030805935133171026,1.0
2021-04-11,0.010166400745060589,0.010166400745060434,1.0
2021-04-12,-0.008483142170705449,-0.008483142170705397,1.0
2021-04-13,0.07471158447120319,0.07471158447120331,1.0
2021-04-14,0.05911532743444026,0.05911532743444022,1.0
2021-04-15,0.03450004461515177,0.03450004461515182,1.0
2021-04-16,-0.034603277671709454,-0.034603277671709544,1.0
2021-04-17,-0.03579499486660964,-0.03579499486660958,1.0
2021-04-18,-0.04595432023313606,-0.04595432023313626,1.0
2021-04-19,-0.03171385720426667,-0.0317138572042665,1.0
2021-04-20,0.07571926454479683,0.0757192645447969,1.0
2021-04-21,0.014823023499079602,0.014823023499079538,1.0
2021-04-22,0.016400642451499525,0.016400642451499525,1.0
2021-04-23,-0.01662092376951263,-0.016620923769512654,1.0
2021-04-24,-0.06429232426518516,-0.06429232426518529,1.0
2021-04-25,0.047220393740067035,0.047220393740067035,1.0
2021-04-26,0.09430764300727978,0.09430764300727988,1.0
2021-04-27,0.050654753378619466,0.05065475337861952,1.0
2021-04-28,0.03136279354284577,0.03136279354284582,1.0
2021-04-29,0.003822058741562495,0.0038220587415625793,1.0
2021-04-30,0.005923397526498064,0.0059233975264980036,1.0
2021-05-01,0.062269347030246225,0.06226934703024617,1.0
2021-05-02,0.0020921772956372653,0.0020921772956372965,1.0
2021-05-03,0.16226995848861292,0.1622699584886131,1.0
2021-05-04,-0.051720294307653125,-0.05172029430765326,1.0
2021-05-05,0.08272417536125909,0.0827241753612591,1.0
2021-05-06,-0.00905614401787469,-0.009056144017874787,1.0
2021-05-07,-0.0017621248893077146,-0.0017621248893076318,1.0
2021-05-08,0.11992860871057798,0.11992860871057802,1.0
2021-05-09,0.006712627801450655,0.006712627801450628,1.0
2021-05-10,0.005968476837850734,0.005968476837850675,1.0
2021-05-11,0.05475484100041772,0.05475484100041784,1.0
2021-05-12,-0.09183976573938502,-0.09183976573938515,1.0
2021-05-13,-0.0186748605582725,-0.018674860558272426,1.0
2021-05-14,0.09795273100628976,0.09795273100628975,1.0
2021-05-15,-0.10809735250304064,-0.10809735250304073,1.0
2021-05-16,-0.013912663131868785,-0.013912663131868765,1.0
2021-05-17,-0.08504749250140786,-0.08504749250140779,1.0
2021-05-18,0.029756407375664207,0.029756407375664203,1.0
2021-05-19,-0.2720034941722024,-0.27200349417220243,1.0
2021-05-20,0.13151449824793127,0.13038326662830768,0.0
2021-05-21,-0.12702423935739582,0.0,0.0
2021-05-22,-0.05550670085100928,0.0,0.0
2021-05-23,-0.08107561141354924,0.0,0.0
2021-05-24,0.2531362984543515,0.0,0.0
2021-05-25,0.023845534449147276,0.0,0.0
2021-05-26,0.06726811488576234,0.0,0.0
2021-05-27,-0.052691616288219056,0.0,0.0
2021-05-28,-0.115689239130076,0.0,0.0
2021-05-29,-0.05801550776760467,0.0,0.0
2021-05-30,0.048603014494119634,0.0,0.0
2021-05-31,0.1358152351044477,0.0,0.0
2021-06-01,-0.0299921333878157,0.0,0.0
2021-06-02,0.027570223894910928,0.0,0.0
2021-06-03,0.05506082122730849,0.0,0.0
2021-06-04,-0.05846725128986907,0.0,0.0
2021-06-05,-0.021433773441770665,0.0,0.0
2021-06-06,0.032128263957071024,0.0,0.0
2021-06-07,-0.04597617844406354,0.0,0.0
2021-06-08,-0.028114696356679736,0.0,0.0
2021-06-09,0.03607967431090309,0.0,0.0
2021-06-10,-0.05242888494385056,0.0,0.0
2021-06-11,-0.04764267524354615,0.0,0.0
2021-06-12,0.007951323078627226,0.0,0.0
2021-06-13,0.05728477202826676,0.0,0.0
2021-06-14,0.011760329487777943,0.0,0.0
2021-06-15,0.028782028478138377,0.0,0.0
2021-06-16,-0.09317467829181958,0.0,0.0
2021-06-17,0.0018323460112703582,0.0,0.0
2021-06-18,-0.05913519533292433,0.0,0.0
2021-06-19,-0.023853268817950024,0.0,0.0
2021-06-20,0.03115240254206708,0.0,0.0
2021-06-21,-0.1593316631723415,0.0,0.0
2021-06-22,-0.0071473718245484985,0.0,0.0
2021-06-23,0.06122096610515215,0.0,0.0
2021-06-24,-0.0006433160408149119,0.0,0.0
2021-06-25,-0.08812816946248714,0.0,0.0
2021-06-26,0.008836212177885328,0.0,0.0
2021-06-27,0.0818129147779052,0.0,0.0
2021-06-28,0.05091873749506903,0.0,0.0
2021-06-29,0.03900201883549914,0.0,0.0
2021-06-30,0.052656870391718735,0.0,0.0
2021-07-01,-0.07075786769497328,0.0,0.0
2021-07-02,0.017238228700587443,0.0,0.0
2021-07-03,0.035382581063104546,0.0,0.0
2021-07-04,0.0429492165308718,0.0,0.0
2021-07-05,-0.05303886040710504,-0.000999250499687552,1.0
2021-07-06,0.057353737104673064,0.05629664770600274,0.0
2021-07-07,-0.004094146464876158,-0.000999250499687476,1.0
2021-07-08,-0.08428589852706492,-0.08428589852706496,1.0
2021-07-09,0.012578152818153887,0.0115658278098739,0.0
2021-07-10,-0.016438693611583566,0.0,0.0
2021-07-11,0.013385044405790802,0.0,0.0
2021-07-12,-0.04811208084100682,0.0,0.0
2021-07-13,-0.04744738315710828,0.0,0.0
2021-07-14,0.02796132275201524,0.0,0.0
2021-07-15,-0.04169600090882597,0.0,0.0
2021-07-16,-0.016111927996504405,0.0,0.0
2021-07-17,0.009807715440898646,0.0,0.0
2021-07-18,-0.001723734916274866,0.0,0.0
2021-07-19,-0.04128374639361532,0.0,0.0
2021-07-20,-0.01639021839697663,0.0,0.0
2021-07-21,0.1138231386284283,0.0,0.0
2021-07-22,0.01719358875607435,0.0,0.0
2021-07-23,0.04916734984036908,0.0,0.0
2021-07-24,0.03032890061397775,-0.0009992504996875293,1.0
2021-07-25,0.0009843828063664795,0.0009843828063663895,1.0
2021-07-26,0.01916282850447759,0.019162828504477553,1.0
2021-07-27,0.029089175950248514,0.029089175950248656,1.0
2021-07-28,-0.0007779923760146135,-0.0007779923760147629,1.0
2021-07-29,0.03675580573317805,0.03675580573317824,1.0
2021-07-30,0.03612188139554173,0.03612188139554164,1.0
2021-07-31,0.028070376144742504,0.028070376144742535,1.0
2021-08-01,0.010110397103823221,0.010110397103823174,1.0
2021-08-02,0.01885404331468732,0.018854043314687242,1.0
2021-08-03,-0.04130167760589376,-0.04130167760589376,1.0
2021-08-04,0.0888246242008488,0.08882462420084884,1.0
2021-08-05,0.03769662894668069,0.03769662894668059,1.0
2021-08-06,0.02249925501300054,0.02249925501300037,1.0
2021-08-07,0.09211431822037741,0.0921143182203774,1.0
2021-08-08,-0.045453041087839874,-0.04545304108783986,1.0
2021-08-09,0.0511404136452529,0.0511404136452529,1.0
2021-08-10,-0.008259541279942217,-0.008259541279942214,1.0
2021-08-11,0.007178921769949609,0.007178921769949572,1.0
2021-08-12,-0.03818629912409377,-0.03818629912409375,1.0
2021-08-13,0.09160677291715547,0.09160677291715547,1.0
2021-08-14,-0.017087505609842735,-0.017087505609842735,1.0
2021-08-15,0.013799287280931383,0.01379928728093132,1.0
2021-08-16,-0.04651697201106941,-0.046516972011069524,1.0
2021-08-17,-0.04487981843695865,-0.04487981843695861,1.0
2021-08-18,0.0017393580222999638,0.0017393580222999719,1.0
2021-08-19,0.05384353217968729,0.05384353217968734,1.0
2021-08-20,0.03274989283808627,0.032749892838086284,1.0
2021-08-21,-0.01851308673728791,-0.01851308673728787,1.0
2021-08-22,0.004969335646024975,0.004969335646024966,1.0
2021-08-23,0.023793676139643116,0.02379367613964311,1.0
2021-08-24,-0.04422706980850821,-0.04422706980850823,1.0
2021-08-25,0.01653576265002532,0.016535762650025456,1.0
2021-08-26,-0.03863352454525626,-0.0386335245452563,1.0
2021-08-27,0.05492177964873113,0.054921779648731094,1.0
2021-08-28,-0.008009999118418598,-0.00800999911841858,1.0
2021-08-29,-0.005363277326429605,-0.0053632773264296095,1.0
2021-08-30,-0.0008145075244350153,-0.0008145075244350036,1.0
2021-08-31,0.0649299309148601,0.06492993091485989,1.0
2021-09-01,0.11681033382537342,0.11681033382537355,1.0
2021-09-02,-0.011431577462321041,-0.011431577462321022,1.0
2021-09-03,0.039468517786860335,0.03946851778686027,1.0
2021-09-04,-0.013395467548673934,-0.013395467548673932,1.0
2021-09-05,0.016540127206146282,0.016540127206146275,1.0
2021-09-06,-0.0060104624807395535,-0.006010462480739521,1.0
2021-09-07,-0.1277842736169259,-0.1277842736169259,1.0
2021-09-08,0.02069840552335589,0.019677962292434077,0.0
2021-09-09,-0.020008233157088995,0.0,0.0
2021-09-10,-0.06297426662682348,0.0,0.0
2021-09-11,0.01830051675767863,0.0,0.0
2021-09-12,0.04276591838826538,0.0,0.0
2021-09-13,-0.036544834800279036,0.0,0.0
2021-09-14,0.043724683179346746,0.0,0.0
2021-09-15,0.054273499009923176,0.0,0.0
2021-09-16,-0.012167179288121388,0.0,0.0
2021-09-17,-0.04837351921216426,0.0,0.0
2021-09-18,0.009851143087328929,0.0,0.0
2021-09-19,-0.029886295240556526,0.0,0.0
2021-09-20,-0.11126606874805267,0.0,0.0
2021-09-21,-0.06575285207462656,0.0,0.0
2021-09-22,0.11338201253895797,0.0,0.0
2021-09-23,0.0252303749670717,0.0,0.0
2021-09-24,-0.07094052042452526,0.0,0.0
2021-09-25,-0.002081925084507441,0.0,0.0
2021-09-26,0.046725906122755845,0.0,0.0
2021-09-27,-0.04184041841853481,0.0,0.0
2021-09-28,-0.04322981589722885,0.0,0.0
2021-09-29,0.01633125590773976,0.0,0.0
2021-09-30,0.0520603518169509,0.0,0.0
2021-10-01,0.10188869721917504,0.0,0.0
2021-10-02,0.02545058580916182,0.0,0.0
2021-10-03,0.00786164789618482,-0.0009992504996875384,1.0
2021-10-04,-0.01119529436534994,-0.011195294365350092,1.0
2021-10-05,0.040954376881792376,0.0399136827435051,0.0
2021-10-06,0.01763340339603814,-0.0009992504996874714,1.0
2021-10-07,0.0020703011908782543,0.002070301190878265,1.0
2021-10-08,-0.00674909305681104,-0.006749093056811099,1.0
2021-10-09,0.003355310670748457,0.003355310670748479,1.0
2021-10-10,-0.041911600438504726,-0.04191160043850477,1.0
2021-10-11,0.03488218212091221,0.03488218212091204,1.0
2021-10-12,-0.014887303682677766,-0.01587217010082086,0.0
2021-10-13,0.03253429780547168,0.0,0.0
2021-10-14,0.049862020193349066,-0.000999250499687771,1.0
2021-10-15,0.020237802139014605,0.020237802139014684,1.0
2021-10-16,-0.008349918515181298,-0.00834991851518122,1.0
2021-10-17,0.004365729517258554,0.004365729517258497,1.0
2021-10-18,-0.02556318355297138,-0.025563183552971457,1.0
2021-10-19,0.03438220005285597,0.034382200052856075,1.0
2021-10-20,0.0717809099596558,0.07178090995965587,1.0
2021-10-21,-0.02446333607159845,-0.024463336071598483,1.0
2021-10-22,-0.02075337220243678,-0.02075337220243671,1.0
2021-10-23,0.050748730234816186,0.0507487302348162,1.0
2021-10-24,-0.02007844030485162,-0.0200784403048517,1.0
2021-10-25,0.031794755044642464,0.03179475504464242,1.0
2021-10-26,-0.02057312323429894,-0.02057312323429886,1.0
2021-10-27,-0.04861771122902114,-0.04861771122902116,1.0
2021-10-28,0.09084940093801008,0.09084940093800994,1.0
2021-10-29,0.029722010166018054,0.02972201016601816,1.0
2021-10-30,-0.020181496208386274,-0.020181496208386208,1.0
2021-10-31,-0.008686825906328188,-0.008686825906328218,1.0
2021-11-01,0.008524277451908313,0.008524277451908176,1.0
2021-11-02,0.0601605358843722,0.060160535884372396,1.0
2021-11-03,0.004884624248695513,0.004884624248695483,1.0
2021-11-04,-0.015165333002385761,-0.015165333002385826,1.0
2021-11-05,-0.011257968843489952,-0.01125796884348991,1.0
2021-11-06,0.007876944992210255,0.007876944992210257,1.0
2021-11-07,0.021889164788917004,0.02188916478891715,1.0
2021-11-08,0.04145232072718552,0.041452320727185285,1.0
2021-11-09,-0.01600522772092372,-0.016005227720923703,1.0
2021-11-10,-0.020885552973311183,-0.02088555297331109,1.0
2021-11-11,0.020320625262970626,0.02032062526297056,1.0
2021-11-12,-0.013375032398906361,-0.013375032398906465,1.0
2021-11-13,-0.0033542744008004943,-0.003354274400800395,1.0
2021-11-14,-0.005396490580547919,-0.005396490580547865,1.0
2021-11-15,-0.01488319046462594,-0.014883190464625941,1.0
2021-11-16,-0.07485208546001998,-0.07485208546002013,1.0
2021-11-17,0.016893345729229292,0.01587670660683663,0.0
2021-11-18,-0.06692398763146579,0.0,0.0
2021-11-19,0.07440183378363852,0.0,0.0
2021-11-20,0.02596941564469657,0.0,0.0
2021-11-21,-0.031791480942506056,0.0,0.0
2021-11-22,-0.04245585152485365,0.0,0.0
2021-11-23,0.06171175606728707,0.0,0.0
2021-11-24,-0.023217625786793206,0.0,0.0
2021-11-25,0.008198554450852713,0.0,0.0
2021-11-26,-0.05704067335916796,0.0,0.0
2021-11-27,0.016374265676426303,0.0,0.0
2021-11-28,0.048217169085520206,0.0,0.0
2021-11-29,0.03508045044929298,0.0,0.0
2021-11-30,0.041927923919998555,0.0,0.0
2021-12-01,-0.009605737064494413,-0.0009992504996874328,1.0
2021-12-02,-0.016500577593133392,-0.016500577593133472,1.0
2021-12-03,-0.0644151456839035,-0.0644151456839035,1.0
2021-12-04,-0.023957757548988323,-0.02493355578087858,0.0
2021-12-05,0.019112436240023678,0.0,0.0
2021-12-06,0.03820919928845279,0.0,0.0
2021-12-07,-0.01002028298494384,0.0,0.0
2021-12-08,0.028805240908762686,0.0,0.0
2021-12-09,-0.07197932643737959,0.0,0.0
2021-12-10,-0.05129351127002291,0.0,0.0
2021-12-11,0.0450189266171952,0.0,0.0
2021-12-12,0.01224172241858712,0.0,0.0
2021-12-13,-0.08470922459893049,0.0,0.0
2021-12-14,-0.010249485280602655,0.0,0.0
2021-12-15,0.07287480532970947,0.0,0.0
2021-12-16,-0.013915763227156375,0.0,0.0
2021-12-17,-0.020942280956898096,0.0,0.0
2021-12-18,0.020975336205050432,0.0,0.0
2021-12-19,-0.009661431377819718,0.0,0.0
2021-12-20,0.0028684990961875823,0.0,0.0
2021-12-21,0.021967194618366825,0.0,0.0
2021-12-22,-0.009492022978098258,0.0,0.0
2021-12-23,0.03162050877094025,0.0,0.0
2021-12-24,-0.01461355562486455,0.0,0.0
2021-12-25,0.011190288276532456,0.0,0.0
2021-12-26,-0.0063403613927860425,0.0,0.0
2021-12-27,-0.007321887161027885,0.0,0.0
2021-12-28,-0.058613436676413055,0.0,0.0
2021-12-29,-0.045347586768066606,0.0,0.0
2021-12-30,0.02351372914831229,0.0,0.0
2021-12-31,-0.008406161003285728,0.0,0.0
2022-01-01,0.023641838167751006,0.0,0.0
2022-01-02,0.01588136117589123,0.0,0.0
2022-01-03,-0.017804782359288618,0.0,0.0
2022-01-04,0.008687307931515731,0.0,0.0
2022-01-05,-0.06422404850925867,0.0,0.0
2022-01-06,-0.0371730634280415,0.0,0.0
2022-01-07,-0.06587795854818668,0.0,0.0
2022-01-08,-0.031704077942472875,0.0,0.0
2022-01-09,0.021274058960640163,0.0,0.0
2022-01-10,-0.02364136800640171,0.0,0.0
2022-01-11,0.05027854349203764,0.0,0.0
2022-01-12,0.04142745718356022,0.0,0.0
2022-01-13,-0.03676163434271329,0.0,0.0
2022-01-14,0.018998586244709736,0.0,0.0
2022-01-15,0.006202201749167191,0.0,0.0
2022-01-16,0.006122481592311324,0.0,0.0
2022-01-17,-0.04136680845756069,0.0,0.0
2022-01-18,-0.015029639521672689,0.0,0.0
2022-01-19,-0.021554575451392277,0.0,0.0
2022-01-20,-0.030591452089873683,0.0,0.0
2022-01-21,-0.14767435465989753,0.0,0.0
2022-01-22,-0.05971640752836038,0.0,0.0
2022-01-23,0.053990906269038685,0.0,0.0
2022-01-24,-0.03735120652726631,0.0,0.0
2022-01-25,0.006385456601614825,0.0,0.0
2022-01-26,0.0049248919678990255,0.0,0.0
2022-01-27,-0.018244935331225953,0.0,0.0
2022-01-28,0.05121368460412512,0.0,0.0
2022-01-29,0.019627353458854913,0.0,0.0
2022-01-30,0.0024573075711489256,0.0,0.0
2022-01-31,0.03257666428258821,0.0,0.0
2022-02-01,0.03862634283851252,0.0,0.0
2022-02-02,-0.039132735575322264,0.0,0.0
2022-02-03,-0.0013759251322007504,0.0,0.0
2022-02-04,0.11362666703116964,0.0,0.0
2022-02-05,0.010410717097086852,-0.0009992504996877364,1.0
2022-02-06,0.014206593311191451,0.014206593311191609,1.0
2022-02-07,0.027798951436755814,0.02779895143675595,1.0
2022-02-08,-0.00632052369720526,-0.006320523697205421,1.0
2022-02-09,0.037420119536786256,0.037420119536786194,1.0
2022-02-10,-0.05000061799033162,-0.05000061799033155,1.0
2022-02-11,-0.04877319319619966,-0.04877319319619969,1.0
2022-02-12,-0.0034231086563658586,-0.0034231086563658456,1.0
2022-02-13,-0.011619882910758439,-0.012608015932818227,0.0
2022-02-14,0.01734567720397817,0.0,0.0
2022-02-15,0.08399521286202116,0.0,0.0
2022-02-16,-0.01636765067071777,-0.0009992504996877867,1.0
2022-02-17,-0.07876007915331673,-0.0787600791533167,1.0
2022-02-18,-0.03323095432766643,-0.03419748168107737,0.0
2022-02-19,-0.00790686342387692,0.0,0.0
2022-02-20,-0.048866619788482835,0.0,0.0
2022-02-21,-0.02085949365019457,0.0,0.0
2022-02-22,0.02544204798341476,0.0,0.0
2022-02-23,-0.01854268553832039,0.0,0.0
2022-02-24,0.002975463126547284,0.0,0.0
2022-02-25,0.0640739815309288,0.0,0.0
2022-02-26,0.005996005841990337,0.0,0.0
2022-02-27,-0.05728286710874153,0.0,0.0
2022-02-28,0.1134332194172587,0.0,0.0
2022-03-01,0.018252916606172453,0.0,0.0
2022-03-02,-0.0075245790678323266,0.0,0.0
2022-03-03,-0.03920161771843611,0.0,0.0
2022-03-04,-0.07666797157791327,0.0,0.0
2022-03-05,0.018216357267732075,0.0,0.0
2022-03-06,-0.04120099883208184,0.0,0.0
2022-03-07,-0.02241302390450539,0.0,0.0
2022-03-08,0.031618715552175436,0.0,0.0
2022-03-09,0.0593911064983772,0.0,0.0
2022-03-10,-0.04459506244101141,0.0,0.0
2022-03-11,-0.018590756322895086,0.0,0.0
2022-03-12,0.005935060859578956,0.0,0.0
2022-03-13,-0.021675689037740864,0.0,0.0
2022-03-14,0.02848473341224711,0.0,0.0
2022-03-15,0.011368996119395458,0.0,0.0
2022-03-16,0.057976079871540964,0.0,0.0
2022-03-17,0.015439382650158429,0.0,0.0
2022-03-18,0.04635711215367966,0.0,0.0
2022-03-19,0.00031034161201071164,-0.0009992504996874795,1.0
2022-03-20,-0.029120965764543816,-0.029120965764543844,1.0
2022-03-21,0.013115842942408973,0.013115842942408928,1.0
2022-03-22,0.025933453702879916,0.025933453702879916,1.0
2022-03-23,0.019486538985025836,0.01948653898502577,1.0
2022-03-24,0.02540190286930155,0.02540190286930163,1.0
2022-03-25,-0.0004474251140281771,-0.00044742511402817204,1.0
2022-03-26,0.011751345351635134,0.011751345351635096,1.0
2022-03-27,0.047212927981994834,0.04721292798199459,1.0
2022-03-28,0.013688537758611341,0.013688537758611409,1.0
2022-03-29,0.0195865837458582,0.01958658374585814,1.0
2022-03-30,-0.004947058898670642,-0.0049470588986707175,1.0
2022-03-31,-0.030579115649246424,-0.03057911564924635,1.0
2022-04-01,0.051166270347545506,0.05116627034754542,1.0
2022-04-02,-0.0013024646682661123,-0.0013024646682661108,1.0
2022-04-03,0.022575567663241758,0.022575567663241775,1.0
2022-04-04,-0.0004519898990444915,-0.0004519898990444747,1.0
2022-04-05,-0.031082429152761826,-0.03108242915276194,1.0
2022-04-06,-0.07037373677091652,-0.07037373677091645,1.0
2022-04-07,0.019416376407197067,0.019416376407197226,1.0
2022-04-08,-0.012742710703286475,-0.012742710703286506,1.0
2022-04-09,0.02187990808226714,0.02187990808226701,1.0
2022-04-10,-0.015343531967263346,-0.01534353196726338,1.0
2022-04-11,-0.07186309437345806,-0.071863094373458,1.0
2022-04-12,0.016545908853034197,0.015529617080658479,0.0
2022-04-13,0.0290286617712483,0.0,0.0
2022-04-14,-0.03156637206525337,0.0,0.0
2022-04-15,0.0069561954118133595,0.0,0.0
2022-04-16,0.007035312808044258,0.0,0.0
2022-04-17,-0.022501632953508044,0.0,0.0
2022-04-18,0.021448285536718847,0.0,0.0
2022-04-19,0.015207893160284813,0.0,0.0
2022-04-20,-0.00849216873439762,0.0,0.0
2022-04-21,-0.029328327006015287,0.0,0.0
2022-04-22,-0.007579971791462747,0.0,0.0
2022-04-23,-0.00901287034129783,0.0,0.0
2022-04-24,-0.005235109183876596,0.0,0.0
2022-04-25,0.029650638144067543,0.0,0.0
2022-04-26,-0.06682250466394446,0.0,0.0
2022-04-27,0.028711816872254436,0.0,0.0
2022-04-28,0.01661903738138304,0.0,0.0
2022-04-29,-0.041314794787239206,0.0,0.0
2022-04-30,-0.030336334797430475,0.0,0.0
2022-05-01,0.03573723860073175,0.0,0.0
2022-05-02,0.010486865128902734,0.0,0.0
2022-05-03,-0.02587450581867512,0.0,0.0
2022-05-04,0.05646480841047263,0.0,0.0
2022-05-05,-0.0650985260875554,0.0,0.0
2022-05-06,-0.01972688030319758,0.0,0.0
2022-05-07,-0.02185052375578611,0.0,0.0
2022-05-08,-0.04500336515045189,0.0,0.0
2022-05-09,-0.10805714698013369,0.0,0.0
2022-05-10,0.04368007377831029,0.0,0.0
2022-05-11,-0.11581014355526464,0.0,0.0
2022-05-12,-0.053282488294059016,0.0,0.0
2022-05-13,0.026872933410718503,0.0,0.0
2022-05-14,0.020778065161833226,0.0,0.0
2022-05-15,0.04349267877534668,0.0,0.0
2022-05-16,-0.057314837096923754,0.0,0.0
2022-05-17,0.033461392764142284,0.0,0.0
2022-05-18,-0.08311915841461581,0.0,0.0
2022-05-19,0.053050754503766395,0.0,0.0
2022-05-20,-0.02825124393605738,0.0,0.0
2022-05-21,0.006731520527228918,0.0,0.0
2022-05-22,0.03476891305694485,0.0,0.0
2022-05-23,-0.03474418451813721,0.0,0.0
2022-05-24,0.0034484158752532412,0.0,0.0
2022-05-25,-0.017258819749310206,0.0,0.0
2022-05-26,-0.07245605236746355,0.0,0.0
2022-05-27,-0.04378840002928741,0.0,0.0
2022-05-28,0.019142259532667127,0.0,0.0
2022-05-29,0.030768501122035552,0.0,0.0
2022-05-30,0.10176993535099799,0.0,0.0
2022-05-31,-0.02710486988964189,0.0,0.0
2022-06-01,-0.061142436711543735,0.0,0.0
2022-06-02,0.00580245376432198,0.0,0.0
2022-06-03,-0.03220668042518249,0.0,0.0
2022-06-04,0.014946314822654516,0.0,0.0
2022-06-05,0.0019956927348694364,0.0,0.0
2022-06-06,0.029960430041737984,0.0,0.0
2022-06-07,-0.024332589842456676,0.0,0.0
2022-06-08,-0.01128750197501005,0.0,0.0
2022-06-09,-0.0020886896458599535,0.0,0.0
2022-06-10,-0.06971840279684127,0.0,0.0
2022-06-11,-0.08130651657115606,0.0,0.0
2022-06-12,-0.05520619538595595,0.0,0.0
2022-06-13,-0.16650362093294369,0.0,0.0
2022-06-14,0.0058776186564533095,0.0,0.0
2022-06-15,0.017780176430609806,0.0,0.0
2022-06-16,-0.13418330070586004,0.0,0.0
2022-06-17,0.01759673482453694,0.0,0.0
2022-06-18,-0.08548629410097963,0.0,0.0
2022-06-19,0.13487797259723666,0.0,0.0
2022-06-20,-1.2448902667161477e-05,0.0,0.0
2022-06-21,-0.0024989047535589615,0.0,0.0
2022-06-22,-0.06525702846678672,0.0,0.0
2022-06-23,0.0874671204172921,0.0,0.0
2022-06-24,0.07299193391343572,0.0,0.0
2022-06-25,0.013532415710079349,0.0,0.0
2022-06-26,-0.035076073128295526,0.0,0.0
2022-06-27,-0.005126553295592751,-0.0009992504996875651,1.0
2022-06-28,-0.04113448588718749,-0.041134485887187454,1.0
2022-06-29,-0.03987087571947978,-0.03987087571947982,1.0
2022-06-30,-0.0287958475755975,-0.028795847575597378,1.0
2022-07-01,-0.007056593656957433,-0.0070565936569575785,1.0
2022-07-02,0.006365060690327828,0.006365060690327982,1.0
2022-07-03,0.0068017470323764595,0.006801747032376391,1.0
2022-07-04,0.0719822052433643,0.07198220524336428,1.0
2022-07-05,-0.014350320208673328,-0.014350320208673311,1.0
2022-07-06,0.046215150158809504,0.046215150158809414,1.0
2022-07-07,0.04264574018240608,0.042645740182406106,1.0
2022-07-08,-0.012190723060375164,-0.012190723060375216,1.0
2022-07-09,-0.00452182081846908,-0.0045218208184690184,1.0
2022-07-10,-0.03991579906928,-0.039915799069280014,1.0
2022-07-11,-0.06090802885970559,-0.06090802885970556,1.0
2022-07-12,-0.05381238956798651,-0.05381238956798657,1.0
2022-07-13,0.07262195547819328,0.07262195547819333,1.0
2022-07-14,0.0699892112978604,0.06998921129786048,1.0
2022-07-15,0.034915643229785465,0.03491564322978539,1.0
2022-07-16,0.09690575753178088,0.09690575753178093,1.0
2022-07-17,-0.010343374922703541,-0.01034337492270361,1.0
2022-07-18,0.17934838115706353,0.17934838115706367,1.0
2022-07-19,-0.02264031837667424,-0.022640318376674226,1.0
2022-07-20,-0.014760143806359038,-0.01476014380635896,1.0
2022-07-21,0.037198265160175215,0.03719826516017523,1.0
2022-07-22,-0.02495282862569259,-0.024952828625692678,1.0
2022-07-23,0.00773532856566761,0.007735328565667575,1.0
2022-07-24,0.03238835646038862,0.032388356460388575,1.0
2022-07-25,-0.09633979863866915,-0.09633979863866918,1.0
2022-07-26,-0.0024745407341075776,-0.0024745407341075385,1.0
2022-07-27,0.13484879413164408,0.13484879413164405,1.0
2022-07-28,0.054537154456223425,0.05453715445622364,1.0
2022-07-29,0.0011236618798609044,0.0011236618798607847,1.0
2022-07-30,-0.018199243328242076,-0.018199243328241924,1.0
2022-07-31,-0.008521467271251915,-0.008521467271251953,1.0
2022-08-01,-0.027547461014490793,-0.02754746101449066,1.0
2022-08-02,-0.0013762059625289647,-0.0013762059625289972,1.0
2022-08-03,-0.008616897144064772,-0.008616897144064778,1.0
2022-08-04,-0.006590196519029812,-0.006590196519029822,1.0
2022-08-05,0.07713492098552788,0.07713492098552788,1.0
2022-08-06,-0.023435675512644583,-0.02343567551264468,1.0
2022-08-07,0.00454746092581626,0.004547460925816282,1.0
2022-08-08,0.044820223025767714,0.04482022302576775,1.0
2022-08-09,-0.04082817853633558,-0.04082817853633567,1.0
2022-08-10,0.08732558197044393,0.08732558197044404,1.0
2022-08-11,0.015920919087778707,0.015920919087778623,1.0
2022-08-12,0.040411101481618195,0.040411101481618084,1.0
2022-08-13,0.012308152490466462,0.012308152490466576,1.0
2022-08-14,-0.02247702236489202,-0.022477022364891974,1.0
2022-08-15,-0.016818369924346488,-0.01681836992434647,1.0
2022-08-16,-0.01370043034245405,-0.013700430342454134,1.0
2022-08-17,-0.02403430246154259,-0.024034302461542558,1.0
2022-08-18,0.007642215771740624,0.007642215771740594,1.0
2022-08-19,-0.12670250024321428,-0.12670250024321433,1.0
2022-08-20,-0.022308619790894157,-0.023286066748258054,0.0
2022-08-21,0.02683264680235764,0.0,0.0
2022-08-22,0.0019680431761850414,0.0,0.0
2022-08-23,0.024815958508431768,0.0,0.0
2022-08-24,-0.0034344459615821554,0.0,0.0
2022-08-25,0.023775751072091955,0.0,0.0
2022-08-26,-0.11121660664574373,0.0,0.0
2022-08-27,-0.010868818096081423,0.0,0.0
2022-08-28,-0.040799154786720804,0.0,0.0
2022-08-29,0.08562456118434225,0.0,0.0
2022-08-30,-0.018800891209749815,0.0,0.0
2022-08-31,0.019586105840063928,0.0,0.0
2022-09-01,0.020912747832753542,0.0,0.0
2022-09-02,-0.005646469590486647,0.0,0.0
2022-09-03,-0.01290103625298844,0.0,0.0
2022-09-04,0.013340153730219573,0.0,0.0
2022-09-05,0.025063757153335864,0.0,0.0
2022-09-06,-0.0342785476863805,-0.000999250499687406,1.0
2022-09-07,0.04364200470163615,0.042598623607435805,0.0
2022-09-08,0.0033384029125402837,-0.0009992504996875545,1.0
2022-09-09,0.05120488762662756,0.05120488762662753,1.0
2022-09-10,0.03322597265817717,0.033225972658177234,1.0
2022-09-11,-0.008109253593359123,-0.008109253593359147,1.0
2022-09-12,-0.02726460932443109,-0.02726460932443103,1.0
2022-09-13,-0.07759364606085906,-0.07759364606085906,1.0
2022-09-14,0.03413932940354747,0.033105448608976296,0.0
2022-09-15,-0.09974676508128455,0.0,0.0
2022-09-16,-0.026667052639602784,0.0,0.0
2022-09-17,0.026035117309375133,0.0,0.0
2022-09-18,-0.09145321094699688,0.0,0.0
2022-09-19,0.031611892696747024,0.0,0.0
2022-09-20,-0.03858555462874502,0.0,0.0
2022-09-21,-0.054198909652784066,0.0,0.0
2022-09-22,0.05993287636350053,0.0,0.0
2022-09-23,0.00043635938360231386,0.0,0.0
2022-09-24,-0.0077290884691642026,0.0,0.0
2022-09-25,-0.018039916825051683,0.0,0.0
2022-09-26,0.031759279939756135,0.0,0.0
2022-09-27,-0.003888584116399585,0.0,0.0
2022-09-28,0.005475566897929385,0.0,0.0
2022-09-29,-0.0013148875463555587,0.0,0.0
2022-09-30,-0.005745287005705868,0.0,0.0
2022-10-01,-0.012300068730000668,0.0,0.0
2022-10-02,-0.027104071096941795,0.0,0.0
2022-10-03,0.037102064157215064,0.0,0.0
2022-10-04,0.02923245561039156,0.0,0.0
2022-10-05,-0.006819798394790189,0.0,0.0
2022-10-06,-0.0008335707960394068,0.0,0.0
2022-10-07,-0.01419869082155445,0.0,0.0
2022-10-08,-0.012770178469562854,0.0,0.0
2022-10-09,0.005400043427506773,0.0,0.0
2022-10-10,-0.023640179296771646,0.0,0.0
2022-10-11,-0.009108355915005362,0.0,0.0
2022-10-12,0.011981072064065401,0.0,0.0
2022-10-13,-0.005237807805579919,0.0,0.0
2022-10-14,0.007218418789969316,0.0,0.0
2022-10-15,-0.017380939253601735,0.0,0.0
2022-10-16,0.024649481713894028,0.0,0.0
2022-10-17,0.019457289858260562,0.0,0.0
2022-10-18,-0.01596935046278447,0.0,0.0
2022-10-19,-0.01885063522910002,0.0,0.0
2022-10-20,-0.001978103293734268,0.0,0.0
2022-10-21,0.013049775009127629,-0.000999250499687638,1.0
2022-10-22,0.011041057600688076,0.011041057600688116,1.0
2022-10-23,0.03739470233280473,0.037394702332804744,1.0
2022-10-24,-0.013530768733529763,-0.01353076873352969,1.0
2022-10-25,0.0867412618435559,0.08674126184355585,1.0
2022-10-26,0.07176830260791678,0.07176830260791683,1.0
2022-10-27,-0.03331602421634816,-0.03331602421634808,1.0
2022-10-28,0.027141910462713303,0.027141910462713272,1.0
2022-10-29,0.04128672020153079,0.04128672020153078,1.0
2022-10-30,-0.017852187537918507,-0.01785218753791855,1.0
2022-10-31,-0.011358459301194612,-0.01135845930119473,1.0
2022-11-01,0.004444616238050703,0.004444616238050749,1.0
2022-11-02,-0.03797722576567086,-0.03797722576567077,1.0
2022-11-03,0.007784341818641627,0.007784341818641478,1.0
2022-11-04,0.074142044046136,0.07414204404613597,1.0
2022-11-05,-0.010409966011469485,-0.01040996601146942,1.0
2022-11-06,-0.034234871794410315,-0.034234871794410475,1.0
2022-11-07,-0.002317359184151657,-0.0023173591841516377,1.0
2022-11-08,-0.1502977455077471,-0.1502977455077471,1.0
2022-11-09,-0.17456449729905577,-0.1753897264428809,0.0
2022-11-10,0.18114912792558768,0.0,0.0
2022-11-11,-0.009421980619647496,0.0,0.0
2022-11-12,-0.02482305452438449,0.0,0.0
2022-11-13,-0.026646969734394843,0.0,0.0
2022-11-14,0.016193094653558227,0.0,0.0
2022-11-15,0.008160376403149927,0.0,0.0
2022-11-16,-0.028866838569826303,0.0,0.0
2022-11-17,-0.012170051342529575,0.0,0.0
2022-11-18,0.009569967502366605,0.0,0.0
2022-11-19,0.005053586870582327,0.0,0.0
2022-11-20,-0.062342756772829966,0.0,0.0
2022-11-21,-0.0298596433605115,0.0,0.0
2022-11-22,0.024198458350936924,0.0,0.0
2022-11-23,0.04230729897957275,0.0,0.0
2022-11-24,0.01756556510001106,0.0,0.0
2022-11-25,-0.004200433335394882,0.0,0.0
2022-11-26,0.005815243360018485,0.0,0.0
2022-11-27,-0.008931930020055212,0.0,0.0
2022-11-28,-0.02095239457105269,0.0,0.0
2022-11-29,0.040009927654150346,0.0,0.0
2022-11-30,0.06474424595402373,0.0,0.0
2022-12-01,-0.014984057799110495,0.0,0.0
2022-12-02,0.014126606037395906,0.0,0.0
2022-12-03,-0.03937910387625765,0.0,0.0
2022-12-04,0.029695743878074943,0.0,0.0
2022-12-05,-0.016074772913678648,0.0,0.0
2022-12-06,0.009508035062938625,0.0,0.0
2022-12-07,-0.030838824473082838,-0.0009992504996876612,1.0
2022-12-08,0.0394980134958669,0.03949801349586685,1.0
2022-12-09,-0.013138184671514397,-0.013138184671514277,1.0
2022-12-10,0.0016605160885547754,0.0016605160885547238,1.0
2022-12-11,-0.0019864627881867047,-0.0019864627881866744,1.0
2022-12-12,0.00850601785212901,0.008506017852128957,1.0
2022-12-13,0.03603443469196854,0.036034434691968674,1.0
2022-12-14,-0.008496812562910572,-0.00849681256291062,1.0
2022-12-15,-0.03282205022719986,-0.032822050227199785,1.0
2022-12-16,-0.07746214058242495,-0.07838444780737748,0.0
2022-12-17,0.017025445486444024,0.0,0.0
2022-12-18,-0.0028904831146532306,0.0,0.0
2022-12-19,-0.014438361671959554,0.0,0.0
2022-12-20,0.04290281503722926,0.0,0.0
2022-12-21,-0.0033699807166168716,0.0,0.0
2022-12-22,0.003775670247603724,0.0,0.0
2022-12-23,0.0016231521337866095,0.0,0.0
2022-12-24,0.0008106610684399662,0.0,0.0
2022-12-25,-0.0017905466295349282,0.0,0.0
2022-12-26,0.006573075177125132,0.0,0.0
2022-12-27,-0.011559116196452335,0.0,0.0
2022-12-28,-0.018804171717317075,0.0,0.0
2022-12-29,0.009755788816300015,0.0,0.0
2022-12-30,-0.001966176761464933,0.0,0.0
2022-12-31,-0.002052602193683639,0.0,0.0
2023-01-01,0.003504097838116227,0.0,0.0
2023-01-02,0.011400643850810077,0.0,0.0
2023-01-03,0.00010059829352737637,0.0,0.0
2023-01-04,0.03436658792451519,0.0,0.0
2023-01-05,-0.004845112423745301,-0.0009992504996874153,1.0
2023-01-06,0.015147028977039678,0.015147028977039637,1.0
2023-01-07,-0.00402452101708739,-0.004024521017087544,1.0
2023-01-08,0.018262795354943462,0.018262795354943576,1.0
2023-01-09,0.026550037838815266,0.026550037838815228,1.0
2023-01-10,0.011386058087499595,0.011386058087499595,1.0
2023-01-11,0.03841629150614301,0.038416291506142924,1.0
2023-01-12,0.021619013988194213,0.021619013988194203,1.0
2023-01-13,0.02375024880007759,0.023750248800077655,1.0
2023-01-14,0.0682633136301174,0.06826331363011758,1.0
2023-01-15,0.0011430806152468165,0.001143080615246799,1.0
2023-01-16,0.015687166258109064,0.015687166258108922,1.0
2023-01-17,-0.0056996675806778585,-0.0056996675806778455,1.0
2023-01-18,-0.033382812478710555,-0.03338281247871057,1.0
2023-01-19,0.024446974889233086,0.024446974889233152,1.0
2023-01-20,0.0690458804911851,0.06904588049118507,1.0
2023-01-21,-0.019663144882297257,-0.019663144882297225,1.0
2023-01-22,0.0007767819470894111,0.0007767819470894744,1.0
2023-01-23,-8.043655534839544e-05,-8.043655534844071e-05,1.0
2023-01-24,-0.04400233517182761,-0.0440023351718276,1.0
2023-01-25,0.035401940854640435,0.03540194085464045,1.0
2023-01-26,-0.005339109940311948,-0.005339109940311895,1.0
2023-01-27,-0.0030874209336673175,-0.003087420933667229,1.0
2023-01-28,-0.01609444108957936,-0.01609444108957941,1.0
2023-01-29,0.046883068812149764,0.04688306881214979,1.0
2023-01-30,-0.04788678522483769,-0.04788678522483765,1.0
2023-01-31,0.012255813857491304,0.012255813857491303,1.0
2023-02-01,0.034828926102213,0.03482892610221299,1.0
2023-02-02,0.0008824820072261819,0.0008824820072260198,1.0
2023-02-03,0.013086346292204398,0.013086346292204466,1.0
2023-02-04,0.0013897610693263118,0.0013897610693261728,1.0
2023-02-05,-0.02124299484445158,-0.021242994844451527,1.0
2023-02-06,-0.009437589342205732,-0.009437589342205595,1.0
2023-02-07,0.03449749159686455,0.034497491596864466,1.0
2023-02-08,-0.01273127876485547,-0.01273127876485539,1.0
2023-02-09,-0.0631716867790626,-0.06317168677906268,1.0
2023-02-10,-0.02041406577709526,-0.020414065777095123,1.0
2023-02-11,0.01654111006391079,0.015524823089124494,0.0
2023-02-12,-0.016165097645040705,0.0,0.0
2023-02-13,-0.005193150420476522,0.0,0.0
2023-02-14,0.03298192238041198,0.0,0.0
2023-02-15,0.0750675811775845,0.0,0.0
2023-02-16,-0.020121538929091298,-0.0009992504996876694,1.0
2023-02-17,0.03336185492779764,0.03336185492779777,1.0
2023-02-18,-0.0017488177653378623,-0.0017488177653380169,1.0
2023-02-19,-0.006137357465717308,-0.006137357465717236,1.0
2023-02-20,0.0126314719596059,0.012631471959606096,1.0
2023-02-21,-0.026216858452078218,-0.026216858452078308,1.0
2023-02-22,-0.008929048666112882,-0.008929048666112977,1.0
2023-02-23,0.004772402538407272,0.004772402538407482,1.0
2023-02-24,-0.025862370437327087,-0.02586237043732718,1.0
2023-02-25,-0.00836761779727413,-0.00836761779727414,1.0
2023-02-26,0.028780357616977614,0.027751834454450328,0.0
2023-02-27,-0.003955786725572508,0.0,0.0
2023-02-28,-0.01739632556596371,0.0,0.0
2023-03-01,0.035829596047825873,0.0,0.0
2023-03-02,-0.009687419299942324,0.0,0.0
2023-03-03,-0.04744176292568125,0.0,0.0
2023-03-04,-0.0014298360099453955,0.0,0.0
2023-03-05,-0.001566891740346743,0.0,0.0
2023-03-06,0.0018727965263767299,0.0,0.0
2023-03-07,-0.0034870363462051746,0.0,0.0
2023-03-08,-0.017827171045494916,0.0,0.0
2023-03-09,-0.0622046937711358,0.0,0.0
2023-03-10,-0.0066052302026157195,0.0,0.0
2023-03-11,0.0374056718236595,0.0,0.0
2023-03-12,0.07262583079496476,0.0,0.0
2023-03-13,0.05660340137307651,-0.0009992504996877722,1.0
2023-03-14,0.013805865867504874,0.013805865867505047,1.0
2023-03-15,-0.027781826468116,-0.027781826468116038,1.0
2023-03-16,0.012700856927151394,0.012700856927151475,1.0
2023-03-17,0.06872680134113085,0.06872680134113072,1.0
2023-03-18,-0.017197040759496796,-0.01719704075949668,1.0
2023-03-19,0.013576328363562151,0.013576328363562023,1.0
2023-03-20,-0.028145110529571027,-0.028145110529571013,1.0
2023-03-21,0.04116785380048826,0.041167853800488284,1.0
2023-03-22,-0.03821408090164813,-0.038214080901648066,1.0
2023-03-23,0.04528246457522944,0.045282464575229386,1.0
2023-03-24,-0.035432817130064076,-0.03543281713006414,1.0
2023-03-25,-0.0047259232742210555,-0.004725923274221123,1.0
2023-03-26,0.01830062623377482,0.018300626233774757,1.0
2023-03-27,-0.03391154505901961,-0.03391154505901963,1.0
2023-03-28,0.033416577391890856,0.0334165773918909,1.0
2023-03-29,0.011403627159211949,0.011403627159212032,1.0
2023-03-30,-0.00014760076254038967,-0.00014760076254054471,1.0
2023-03-31,0.016335306922469428,0.016335306922469636,1.0
2023-04-01,-0.004479363366151845,-0.004479363366151932,1.0
2023-04-02,-0.010007641085160612,-0.010007641085160614,1.0
2023-04-03,0.008124365544173617,0.008124365544173739,1.0
2023-04-04,0.03353483092395293,0.03353483092395285,1.0
2023-04-05,0.020368135912491647,0.02036813591249178,1.0
2023-04-06,-0.018957173846517184,-0.018957173846517288,1.0
2023-04-07,-0.00389044320067633,-0.003890443200676297,1.0
2023-04-08,-0.008650100295806706,-0.008650100295806783,1.0
2023-04-09,0.005347206395527104,0.005347206395527029,1.0
2023-04-10,0.02786922752961596,0.027869227529615948,1.0
2023-04-11,-0.009950684094362172,-0.009950684094362219,1.0
2023-04-12,0.015057915008098277,0.015057915008098343,1.0
2023-04-13,0.04787492592582243,0.04787492592582241,1.0
2023-04-14,0.044221068526871576,0.04422106852687148,1.0
2023-04-15,-0.004362650507376609,-0.004362650507376748,1.0
2023-04-16,0.013161051129283452,0.013161051129283589,1.0
2023-04-17,-0.020642838914618267,-0.02064283891461821,1.0
2023-04-18,0.013627708647316883,0.01362770864731688,1.0
2023-04-19,-0.07989115082796949,-0.07989115082796941,1.0
2023-04-20,0.0034570346864029045,0.003457034686402961,1.0
2023-04-21,-0.04791204292839435,-0.0479120429283944,1.0
2023-04-22,0.013096627764505042,0.012083784410897629,0.0
2023-04-23,-0.006491537762182253,0.0,0.0
2023-04-24,-0.010367305335802768,0.0,0.0
2023-04-25,0.013021906854120191,0.0,0.0
2023-04-26,-0.00010148801571707722,0.0,0.0
2023-04-27,0.022620260136523074,-0.0009992504996874387,1.0
2023-04-28,-0.00852560546680392,-0.008525605466804,1.0
2023-04-29,0.008667933265241068,0.008667933265241094,1.0
2023-04-30,-0.016759595054255505,-0.016759595054255606,1.0
2023-05-01,-0.023959134648528724,-0.023959134648528654,1.0
2023-05-02,0.02119837887694409,0.02017743579766195,0.0
2023-05-03,0.018100674783592785,0.0,0.0
2023-05-04,-0.014148388236346676,-0.0009992504996877189,1.0
2023-05-05,0.06250016252602375,0.06250016252602379,1.0
2023-05-06,-0.04753695022846638,-0.047536950228466435,1.0
2023-05-07,-0.014285377484394957,-0.014285377484394996,1.0
2023-05-08,-0.012831132355707098,-0.012831132355707058,1.0
2023-05-09,-0.0002377312267921594,-0.00023773122679216952,1.0
2023-05-10,-0.0033547817757508813,-0.003354781775750958,1.0
2023-05-11,-0.02491904665707234,-0.025893883840177042,0.0
2023-05-12,0.006417609310578776,0.0,0.0
2023-05-13,-0.006584500561665818,0.0,0.0
2023-05-14,0.0024419977119396474,0.0,0.0
2023-05-15,0.009469003581360047,0.0,0.0
2023-05-16,0.003615599828306948,0.0,0.0
2023-05-17,-0.0012399617404649232,0.0,0.0
2023-05-18,-0.011049755592651422,0.0,0.0
2023-05-19,0.0060280790473556944,0.0,0.0
2023-05-20,0.004352088491321071,0.0,0.0
2023-05-21,-0.00875959777262747,0.0,0.0
2023-05-22,0.0072059805498594365,0.0,0.0
2023-05-23,0.020272418111193735,0.0,0.0
2023-05-24,-0.02927157413235626,0.0,0.0
2023-05-25,0.0032519081412238915,0.0,0.0
2023-05-26,0.012589448704585227,0.0,0.0
2023-05-27,0.001328048640957924,0.0,0.0
2023-05-28,0.04357768640169235,0.0,0.0
2023-05-29,-0.009333783648857619,0.0,0.0
2023-05-30,0.004198710144688311,0.0,0.0
2023-05-31,-0.014148207081263298,0.0,0.0
2023-06-01,-0.006365126223573547,0.0,0.0
2023-06-02,0.024194577124557304,0.0,0.0
2023-06-03,-0.007782967574883282,0.0,0.0
2023-06-04,-0.0010034418002142775,0.0,0.0
2023-06-05,-0.041621061468822385,0.0,0.0
2023-06-06,0.040106725970251,0.0,0.0
2023-06-07,-0.027646069882318547,0.0,0.0
2023-06-08,0.0075889075389308225,0.0,0.0
2023-06-09,-0.003291260341800495,0.0,0.0
2023-06-10,-0.04773353454780638,0.0,0.0
2023-06-11,0.0005880658165602348,0.0,0.0
2023-06-12,-0.006208795362955821,0.0,0.0
2023-06-13,-0.0020034613456795247,0.0,0.0
2023-06-14,-0.050900745714856144,0.0,0.0
2023-06-15,0.00908834473998854,0.0,0.0
2023-06-16,0.030710561716126294,0.0,0.0
2023-06-17,0.006137047622508218,0.0,0.0
2023-06-18,-0.003836597486115201,0.0,0.0
2023-06-19,0.009928009075009792,0.0,0.0
2023-06-20,0.03134133797581806,0.0,0.0
2023-06-21,0.05517889834423939,0.0,0.0
2023-06-22,-0.00955269179506646,-0.000999250499687463,1.0
2023-06-23,0.010635170133588723,0.010635170133588546,1.0
2023-06-24,-0.008876699741769856,-0.00887669974176992,1.0
2023-06-25,0.01303072137420247,0.013030721374202503,1.0
2023-06-26,-0.021611739163331922,-0.021611739163331943,1.0
2023-06-27,0.016279430380120807,0.016279430380120776,1.0
2023-06-28,-0.03266765501002877,-0.032667655010028655,1.0
2023-06-29,0.013269412357076016,0.013269412357075868,1.0
2023-06-30,0.04371043993566137,0.04371043993566128,1.0
2023-07-01,-0.004460529742211228,-0.004460529742211172,1.0
2023-07-02,0.0066884882472737495,0.006688488247273813,1.0
2023-07-03,0.009265226747700916,0.009265226747700802,1.0
2023-07-04,-0.009591755757138554,-0.009591755757138576,1.0
2023-07-05,-0.013448869712526457,-0.013448869712526448,1.0
2023-07-06,-0.0324253777759973,-0.03242537777599737,1.0
2023-07-07,0.01188230609685803,0.010870676761337838,0.0
2023-07-08,-0.0027066082588487195,0.0,0.0
2023-07-09,-0.0013560608539179286,0.0,0.0
2023-07-10,0.009418432035694924,0.0,0.0
2023-07-11,-0.0011806808443571848,0.0,0.0
2023-07-12,-0.0033126606963430616,0.0,0.0
2023-07-13,0.07178928293005193,0.0,0.0
2023-07-14,-0.03347323429785665,0.0,0.0
2023-07-15,-0.004063477540406812,0.0,0.0
2023-07-16,-0.0040304440984128,0.0,0.0
2023-07-17,-0.0062566304215256885,0.0,0.0
2023-07-18,-0.007348051957174251,0.0,0.0
2023-07-19,-0.004527462068031229,0.0,0.0
2023-07-20,0.0010382072011101418,0.0,0.0
2023-07-21,0.0005875092853386832,0.0,0.0
2023-07-22,-0.014358654754347167,0.0,0.0
2023-07-23,0.013019001578937539,0.0,0.0
2023-07-24,-0.020744097184215993,0.0,0.0
2023-07-25,0.00418370782813593,0.0,0.0
2023-07-26,0.007761018047494739,0.0,0.0
2023-07-27,-0.006304340937255626,0.0,0.0
2023-07-28,0.007733834924120275,0.0,0.0
2023-07-29,0.0033732454481110175,0.0,0.0
2023-07-30,-0.010326601736203367,0.0,0.0
2023-07-31,-0.002944411447533879,0.0,0.0
2023-08-01,0.008420470716144157,0.0,0.0
2023-08-02,-0.017471166978973995,0.0,0.0
2023-08-03,-0.0021495672689105794,0.0,0.0
2023-08-04,-0.00404524899760117,0.0,0.0
2023-08-05,0.0039803978247232585,0.0,0.0
2023-08-06,-0.004101323417211589,0.0,0.0
2023-08-07,-0.00028629506333388566,0.0,0.0
2023-08-08,0.015801585470487156,0.0,0.0
2023-08-09,-0.000813535740253668,0.0,0.0
2023-08-10,-0.0019113379853046286,0.0,0.0
2023-08-11,-0.0019608383726750223,0.0,0.0
2023-08-12,0.0009558116061818556,0.0,0.0
2023-08-13,-0.005197573554549306,0.0,0.0
2023-08-14,0.0026671519533285615,0.0,0.0
2023-08-15,-0.009355376145865901,0.0,0.0
2023-08-16,-0.011644479943617059,0.0,0.0
2023-08-17,-0.06685956876976196,0.0,0.0
2023-08-18,-0.014237003254733094,0.0,0.0
2023-08-19,0.005133737190461396,0.0,0.0
2023-08-20,0.009212569995102449,0.0,0.0
2023-08-21,-0.010435935786971329,0.0,0.0
2023-08-22,-0.020018643652328416,0.0,0.0
2023-08-23,0.027775287399602888,0.0,0.0
2023-08-24,-0.011510825045927042,0.0,0.0
2023-08-25,-0.004222744282248891,0.0,0.0
2023-08-26,-0.004010015919243992,0.0,0.0
2023-08-27,0.006806932390764242,0.0,0.0
2023-08-28,-0.0030501503607176517,0.0,0.0
2023-08-29,0.046759638502996026,0.0,0.0
2023-08-30,-0.014229727451396501,0.0,0.0
2023-08-31,-0.03487924317662894,0.0,0.0
2023-09-01,-0.01042023648557433,0.0,0.0
2023-09-02,0.0052405439035725365,0.0,0.0
2023-09-03,-0.0005544903878390572,0.0,0.0
2023-09-04,-0.003949839574139524,0.0,0.0
2023-09-05,0.0024386268424532176,0.0,0.0
2023-09-06,-0.0008429544668591138,0.0,0.0
2023-09-07,0.009401700388986578,0.0,0.0
2023-09-08,-0.006955851709160243,0.0,0.0
2023-09-09,-0.0005961990834902897,0.0,0.0
2023-09-10,-0.011212034116571123,0.0,0.0
2023-09-11,-0.04032038506124014,0.0,0.0
2023-09-12,0.02628947992827646,0.0,0.0
2023-09-13,0.009770657090104162,0.0,0.0
2023-09-14,0.011807198586281986,0.0,0.0
2023-09-15,0.009014288078772026,0.0,0.0
2023-09-16,-0.003909931338625383,0.0,0.0
2023-09-17,-0.007537174515831024,0.0,0.0
2023-09-18,0.008904027674040194,-0.0009992504996876026,1.0
2023-09-19,0.0037851668963293505,0.003785166896329298,1.0
2023-09-20,-0.012566772911124402,-0.01256677291112428,1.0
2023-09-21,-0.02377462631781635,-0.023774626317816534,1.0
2023-09-22,0.005656292418244391,0.005656292418244407,1.0
2023-09-23,0.00036998008129596194,0.00036998008129596503,1.0
2023-09-24,-0.008159068286052618,-0.008159068286052593,1.0
2023-09-25,0.0047249684583838825,0.004724968458383801,1.0
2023-09-26,0.0032073833529786544,0.003207383352978803,1.0
2023-09-27,0.0025567531946391053,0.002556753194639204,1.0
2023-09-28,0.03467404334555346,0.03467404334555326,1.0
2023-09-29,0.009112054541902781,0.009112054541902937,1.0
2023-09-30,0.001929332083119517,0.0019293320831196064,1.0
2023-10-01,0.037488026069531166,0.037488026069531,1.0
2023-10-02,-0.04047897066718298,-0.04047897066718288,1.0
2023-10-03,-0.00417274556135816,-0.004172745561358267,1.0
2023-10-04,-0.005340502634588518,-0.0053405026345886165,1.0
2023-10-05,-0.022066302247040315,-0.022066302247040204,1.0
2023-10-06,0.021319022529365572,0.020297958836592026,0.0
2023-10-07,-0.006878172039150754,-0.0009992504996874994,1.0
2023-10-08,-0.0005889506700414993,-0.0005889506700415857,1.0
2023-10-09,-0.032898895010697204,-0.03386575434041004,0.0
2023-10-10,-0.007655131722261288,0.0,0.0
2023-10-11,-0.000930177871406368,0.0,0.0
2023-10-12,-0.01701021740023334,0.0,0.0
2023-10-13,0.008104020573232784,0.0,0.0
2023-10-14,0.002040706057397923,0.0,0.0
2023-10-15,0.0018086969407560272,0.0,0.0
2023-10-16,0.027254540765113022,0.0,0.0
2023-10-17,-0.02192688186935865,-0.0009992504996877173,1.0
2023-10-18,-0.0010793755903444335,-0.0010793755903443626,1.0
2023-10-19,0.0023706817647977108,0.0023706817647976405,1.0
2023-10-20,0.023738984945261166,0.022715501895062086,0.0
2023-10-21,0.015353699699918621,-0.0009992504996876096,1.0
2023-10-22,0.020944819993793384,0.020944819993793416,1.0
2023-10-23,0.061290684296216424,0.06129068429621653,1.0
2023-10-24,0.010793585817743923,0.010793585817744008,1.0
2023-10-25,0.0016588325496480483,0.0016588325496479186,1.0
2023-10-26,0.009310588640725426,0.009310588640725443,1.0
2023-10-27,-0.013300163952285393,-0.013300163952285367,1.0
2023-10-28,-0.0019253015900076997,-0.0019253015900077342,1.0
2023-10-29,0.01065386858481232,0.010653868584812445,1.0
2023-10-30,0.008099264721129096,0.008099264721128928,1.0
2023-10-31,0.0035193643267046326,0.003519364326704662,1.0
2023-11-01,0.01686288408831138,0.016862884088311297,1.0
2023-11-02,-0.02515781959835861,-0.02515781959835861,1.0
2023-11-03,0.01786838809609348,0.01786838809609343,1.0
2023-11-04,0.013587684453004512,0.013587684453004702,1.0
2023-11-05,0.019625953467631962,0.019625953467632,1.0
2023-11-06,0.002998529349214518,0.002998529349214529,1.0
2023-11-07,-0.006165335386688842,-0.006165335386688887,1.0
2023-11-08,0.0006345557534326307,0.0006345557534325297,1.0
2023-11-09,0.12239237144858772,0.12239237144858792,1.0
2023-11-10,-0.019933988946118864,-0.019933988946118936,1.0
2023-11-11,-0.012306237463546976,-0.012306237463546948,1.0
2023-11-12,-0.003666782589169526,-0.003666782589169518,1.0
2023-11-13,0.004927847225156823,0.004927847225156777,1.0
2023-11-14,-0.03708171667973137,-0.03708171667973131,1.0
2023-11-15,0.04110847506282078,0.0411084750628207,1.0
2023-11-16,-0.04830442993030459,-0.04830442993030453,1.0
2023-11-17,0.0002035665608492998,0.00020356656084942563,1.0
2023-11-18,0.0010219202166552588,0.0010219202166552143,1.0
2023-11-19,0.025426483024461932,0.025426483024461956,1.0
2023-11-20,0.004487705105652884,0.00448770510565288,1.0
2023-11-21,-0.04211784935612506,-0.04211784935612505,1.0
2023-11-22,0.06574813130783852,0.06574813130783849,1.0
2023-11-23,-0.0010727438851469984,-0.001072743885146997,1.0
2023-11-24,0.009185000500188556,0.009185000500188509,1.0
2023-11-25,0.0015669139841998359,0.0015669139841999334,1.0
2023-11-26,-0.010135684364837805,-0.010135684364837746,1.0
2023-11-27,-0.017384294811873313,-0.017384294811873438,1.0
2023-11-28,0.010812167645888104,0.010812167645888123,1.0
2023-11-29,-0.009470831200383945,-0.009470831200383938,1.0
2023-11-30,0.011146671092621574,0.01114667109262154,1.0
2023-12-01,0.016849107974407973,0.016849107974407855,1.0
2023-12-02,0.03764204271297267,0.037642042712972695,1.0
2023-12-03,0.012923071442646705,0.01292307144264661,1.0
2023-12-04,0.022575720663866372,0.022575720663866476,1.0
2023-12-05,0.02256848231190145,0.022568482311901374,1.0
2023-12-06,-0.027107545082919904,-0.02710754508291994,1.0
2023-12-07,0.05642353010676748,0.05642353010676757,1.0
2023-12-08,0.0004887825441670657,0.0004887825441670497,1.0
2023-12-09,-0.007443253883560597,-0.007443253883560514,1.0
2023-12-10,0.004821233826242777,0.004821233826242754,1.0
2023-12-11,-0.054361666168691425,-0.054361666168691425,1.0
2023-12-12,-0.010132601687358522,-0.010132601687358554,1.0
2023-12-13,0.02661652224701272,0.026616522247012855,1.0
2023-12-14,0.02474087211166509,0.02474087211166507,1.0
2023-12-15,-0.041976420815141524,-0.04197642081514148,1.0
2023-12-16,0.0034195392373013167,0.0034195392373014147,1.0
2023-12-17,-0.013671449108484612,-0.014657531077238398,0.0
2023-12-18,0.009466157195896718,0.0,0.0
2023-12-19,-0.017769968394459656,0.0,0.0
2023-12-20,0.011037752537226941,-0.0009992504996876182,1.0
2023-12-21,0.017090198956007274,0.01709019895600735,1.0
2023-12-22,0.03883937127050796,0.03883937127050793,1.0
2023-12-23,-0.007512713750621014,-0.007512713750620982,1.0
2023-12-24,-0.018775823775668332,-0.018775823775668363,1.0
2023-12-25,0.003032022219169095,0.0030320222191691903,1.0
2023-12-26,-0.0180837485401647,-0.018083748540164764,1.0
2023-12-27,0.06599907965814755,0.06493334707825926,0.0
2023-12-28,-0.013105185204343561,-0.0009992504996874597,1.0
2023-12-29,-0.019967696347748753,-0.0199676963477487,1.0
2023-12-30,-0.003748980355657072,-0.0037489803556571325,1.0
2023-12-31,-0.004622136062972015,-0.004622136062971912,1.0
2024-01-01,0.031057455259582145,0.030026655568686316,0.0
2024-01-02,0.001491520357524756,0.0,0.0
2024-01-03,-0.06158087263741796,-0.0009992504996875888,1.0
2024-01-04,0.02636019798833411,0.025334094380395262,0.0
2024-01-05,-0.00017226204489362296,0.0,0.0
2024-01-06,-0.011911266210730354,0.0,0.0
2024-01-07,-0.008368389496710593,0.0,0.0
2024-01-08,0.04956067963271038,0.0,0.0
2024-01-09,0.005055408575588727,-0.000999250499687698,1.0
2024-01-10,0.10119141078079541,0.10119141078079541,1.0
2024-01-11,0.014529094117638142,0.014529094117638156,1.0
2024-01-12,-0.036325484903951155,-0.03632548490395127,1.0
2024-01-13,0.020653007406344237,0.020653007406344303,1.0
2024-01-14,-0.04050173658734413,-0.040501736587344066,1.0
2024-01-15,0.01582473361444947,0.01582473361444948,1.0
2024-01-16,0.030392806292802277,0.030392806292802214,1.0
2024-01-17,-0.022924597112815248,-0.02292459711281521,1.0
2024-01-18,-0.024264882460276693,-0.02426488246027662,1.0
2024-01-19,0.009112105809166549,0.009112105809166505,1.0
2024-01-20,-0.007997363142403069,-0.00799736314240305,1.0
2024-01-21,-0.006347624922185768,-0.006347624922185695,1.0
2024-01-22,-0.05830959162402838,-0.05830959162402847,1.0
2024-01-23,-0.030352942295125973,-0.03132234694106628,0.0
2024-01-24,-0.0031795028247356694,0.0,0.0
2024-01-25,-0.007096988643921831,0.0,0.0
2024-01-26,0.022315585616102362,0.0,0.0
2024-01-27,0.0003026990938410634,0.0,0.0
2024-01-28,-0.004708017139361198,0.0,0.0
2024-01-29,0.02651747163790663,0.0,0.0
2024-01-30,0.011838016077853064,0.0,0.0
2024-01-31,-0.02642328277923489,0.0,0.0
2024-02-01,0.009323048929214206,0.0,0.0
2024-02-02,0.0018288626271742991,0.0,0.0
2024-02-03,-0.005199115184661651,0.0,0.0
2024-02-04,-0.002827560592065126,0.0,0.0
2024-02-05,0.0040806224708709316,0.0,0.0
2024-02-06,0.03189061801573012,0.0,0.0
2024-02-07,0.021728004179265792,-0.0009992504996877104,1.0
2024-02-08,-0.0015837568973957605,-0.0015837568973957512,1.0
2024-02-09,0.02793873689875137,0.02793873689875152,1.0
2024-02-10,0.005512587075457986,0.005512587075458018,1.0
2024-02-11,0.002535668266889557,0.0025356682668896354,1.0
2024-02-12,0.060036360595147054,0.06003636059514703,1.0
2024-02-13,-0.005993216346274366,-0.005993216346274396,1.0
2024-02-14,0.05136545149773286,0.05136545149773282,1.0
2024-02-15,0.016730812227639058,0.016730812227639048,1.0
2024-02-16,-0.007324619212465078,-0.0073246192124650925,1.0
2024-02-17,-0.006070139812886177,-0.006070139812886158,1.0
2024-02-18,0.03313106792926823,0.03313106792926809,1.0
2024-02-19,0.022430254937596983,0.022430254937596948,1.0
2024-02-20,0.02375647368863687,0.023756473688636908,1.0
2024-02-21,-0.014318281375232278,-0.0143182813752322,1.0
2024-02-22,0.0002194536901753974,0.0002194536901754227,1.0
2024-02-23,-0.01661023205546175,-0.016610232055461745,1.0
2024-02-24,0.02420809632265497,0.024208096322654922,1.0
2024-02-25,0.04020580227502868,0.040205802275028624,1.0
2024-02-26,0.021298694046122835,0.02129869404612281,1.0
2024-02-27,0.0206120684504405,0.020612068450440446,1.0
2024-02-28,0.04351478842287437,0.04351478842287452,1.0
2024-02-29,-0.012932076026531347,-0.01293207602653142,1.0
2024-03-01,0.02786849665007196,0.027868496650072072,1.0
2024-03-02,-0.003785719397915277,-0.0037857193979153616,1.0
2024-03-03,0.020146944548209422,0.02014694454820941,1.0
2024-03-04,0.039942835603055116,0.0399428356030551,1.0
2024-03-05,-0.02078793930730316,-0.02078793930730324,1.0
2024-03-06,0.07433596350833915,0.07433596350833918,1.0
2024-03-07,0.01443259270225794,0.014432592702257883,1.0
2024-03-08,0.0045719642318817755,0.004571964231881837,1.0
2024-03-09,0.006001424424042279,0.006001424424042317,1.0
2024-03-10,-0.00874129449649308,-0.00874129449649313,1.0
2024-03-11,0.047730671374699885,0.04773067137469992,1.0
2024-03-12,-0.021190960052674845,-0.021190960052674724,1.0
2024-03-13,0.006578402189656218,0.0065784021896560865,1.0
2024-03-14,-0.030779476587110888,-0.03077947658711085,1.0
2024-03-15,-0.03809292261097419,-0.03809292261097414,1.0
2024-03-16,-0.05685343706857138,-0.056853437068571384,1.0
2024-03-17,0.03393634003909307,0.03290266218313915,0.0
2024-03-18,-0.0341608641249429,0.0,0.0
2024-03-19,-0.10243560798455653,0.0,0.0
2024-03-20,0.11267192037115104,0.0,0.0
2024-03-21,-0.0058068810073729216,0.0,0.0
2024-03-22,-0.04560653406668436,0.0,0.0
2024-03-23,0.0008717090110383907,0.0,0.0
2024-03-24,0.035378137308897495,0.0,0.0
2024-03-25,0.039438972943898865,0.0,0.0
2024-03-26,-0.0009409678643157449,0.0,0.0
2024-03-27,-0.024359450730277232,0.0,0.0
2024-03-28,0.017479056214108946,0.0,0.0
2024-03-29,-0.013896014686989755,0.0,0.0
2024-03-30,-0.0010996667352133338,0.0,0.0
2024-03-31,0.03988435846648297,0.0,0.0
2024-04-01,-0.03915351882861429,0.0,0.0
2024-04-02,-0.0649910010049034,0.0,0.0
2024-04-03,0.010437847565395009,0.0,0.0
2024-04-04,0.00561647566373269,0.0,0.0
2024-04-05,-0.0033498911937862585,0.0,0.0
2024-04-06,0.010635674717235144,0.0,0.0
2024-04-07,0.02960803456678729,0.0,0.0
2024-04-08,0.07001548335394525,0.0,0.0
2024-04-09,-0.051451781685670994,-0.000999250499687683,1.0
2024-04-10,0.011004831112360725,0.011004831112360837,1.0
2024-04-11,-0.010861205883757163,-0.01086120588375715,1.0
2024-04-12,-0.07480580700184813,-0.07480580700184816,1.0
2024-04-13,-0.07342952756850973,-0.07435586639832316,0.0
2024-04-14,0.050597851556279494,0.0,0.0
2024-04-15,-0.01753011445356112,0.0,0.0
2024-04-16,-0.005377925568445963,0.0,0.0
2024-04-17,-0.03247819118850337,0.0,0.0
2024-04-18,0.027238683519387852,0.0,0.0
2024-04-19,-0.0022012272375354636,0.0,0.0
2024-04-20,0.032147655318233825,0.0,0.0
2024-04-21,-0.0032741746890918577,0.0,0.0
2024-04-22,0.017273130222613897,0.0,0.0
2024-04-23,0.0057031560320381924,0.0,0.0
2024-04-24,-0.024878460883124842,0.0,0.0
2024-04-25,0.005320185415315981,0.0,0.0
2024-04-26,-0.008346157799679732,0.0,0.0
2024-04-27,0.03897667565831631,0.0,0.0
2024-04-28,0.0032613458524253236,0.0,0.0
2024-04-29,-0.01451087129353712,0.0,0.0
2024-04-30,-0.06317729070733402,0.0,0.0
2024-05-01,-0.014109611457047588,0.0,0.0
2024-05-02,0.0061902767768931,0.0,0.0
2024-05-03,0.03861011747338838,0.0,0.0
2024-05-04,0.004522066678476877,0.0,0.0
2024-05-05,0.006310224609351378,0.0,0.0
2024-05-06,-0.02375337855399917,0.0,0.0
2024-05-07,-0.01833385054066039,0.0,0.0
2024-05-08,-0.010949302229649516,0.0,0.0
2024-05-09,0.0209719132026831,0.0,0.0
2024-05-10,-0.041577205332458456,0.0,0.0
2024-05-11,0.0006223095933592937,0.0,0.0
2024-05-12,0.005873005038939505,0.0,0.0
2024-05-13,0.007053539594945368,0.0,0.0
2024-05-14,-0.023124226599441355,0.0,0.0
2024-05-15,0.05410973083044013,0.0,0.0
2024-05-16,-0.030267969283067964,0.0,0.0
2024-05-17,0.050587747570991715,0.0,0.0
2024-05-18,0.009317781735288744,-0.0009992504996875766,1.0
2024-05-19,-0.0163646468279689,-0.016364646827968836,1.0
2024-05-20,0.19272223475749883,0.19272223475749878,1.0
2024-05-21,0.03424187347472718,0.03424187347472719,1.0
2024-05-22,-0.013747867811565229,-0.013747867811565234,1.0
2024-05-23,0.010625410415868064,0.010625410415868059,1.0
2024-05-24,-0.013236335392203924,-0.0132363353922039,1.0
2024-05-25,0.005984006837891798,0.00598400683789159,1.0
2024-05-26,0.020447066274494885,0.020447066274494916,1.0
2024-05-27,0.017279442451079374,0.01727944245107928,1.0
2024-05-28,-0.013296607756030476,-0.013296607756030497,1.0
2024-05-29,-0.020066320442424512,-0.020066320442424377,1.0
2024-05-30,-0.0043438931992773044,-0.004343893199277294,1.0
2024-05-31,0.0035168216840502087,0.0035168216840500773,1.0
2024-06-01,0.014141485892959826,0.014141485892959781,1.0
2024-06-02,-0.00847135927884124,-0.008471359278841276,1.0
2024-06-03,-0.0038368778068711418,-0.0038368778068710464,1.0
2024-06-04,0.01224693121792586,0.0122469312179258,1.0
2024-06-05,0.013572433260235606,0.01357243326023554,1.0
2024-06-06,-0.0136261576231963,-0.0136261576231963,1.0
2024-06-07,-0.03488734358684775,-0.03488734358684769,1.0
2024-06-08,0.0006308874002707299,0.0006308874002706672,1.0
2024-06-09,0.006779189544245501,0.00677918954424535,1.0
2024-06-10,-0.010574014146293997,-0.010574014146293886,1.0
2024-06-11,-0.04592308012417712,-0.04592308012417718,1.0
2024-06-12,0.01751895888957078,0.016501694310421033,0.0
2024-06-13,-0.025378125970065946,0.0,0.0
2024-06-14,0.003168011430681794,0.0,0.0
2024-06-15,0.024503138996214258,0.0,0.0
2024-06-16,0.015429295002475696,0.0,0.0
2024-06-17,-0.03015678941117861,0.0,0.0
2024-06-18,-0.007887929643914382,0.0,0.0
2024-06-19,0.021720130807989513,0.0,0.0
2024-06-20,-0.013558805157003362,0.0,0.0
2024-06-21,0.0014208618736464285,0.0,0.0
2024-06-22,-0.006047141456727134,0.0,0.0
2024-06-23,-0.02180421377772701,0.0,0.0
2024-06-24,-0.019995095208515723,0.0,0.0
2024-06-25,0.013363963957398806,0.0,0.0
2024-06-26,-0.007526226555239823,0.0,0.0
2024-06-27,0.0223545777563241,0.0,0.0
2024-06-28,-0.02065854031739267,0.0,0.0
2024-06-29,-0.00019806905467367741,0.0,0.0
2024-06-30,0.017765182101838528,0.0,0.0
2024-07-01,0.0021708806286613314,0.0,0.0
2024-07-02,-0.0069722194841920215,0.0,0.0
2024-07-03,-0.03613149037734886,0.0,0.0
2024-07-04,-0.07239623520151972,0.0,0.0
2024-07-05,-0.023873895979977133,0.0,0.0
2024-07-06,0.029440346500360093,0.0,0.0
2024-07-07,-0.045608825587177826,0.0,0.0
2024-07-08,0.03049945952793487,0.0,0.0
2024-07-09,0.015006640664742665,0.0,0.0
2024-07-10,0.01246259146908213,0.0,0.0
2024-07-11,-0.0006085771524413364,0.0,0.0
2024-07-12,0.010911055279745563,0.0,0.0
2024-07-13,0.013732565354943382,0.0,0.0
2024-07-14,0.021050106325543716,0.0,0.0
2024-07-15,0.0756682020158721,0.0,0.0
2024-07-16,-0.013193469233778732,-0.0009992504996874894,1.0
2024-07-17,-0.0159026492788078,-0.015902649278807787,1.0
2024-07-18,0.011067820433664055,0.011067820433664088,1.0
2024-07-19,0.023196240831611536,0.02319624083161151,1.0
2024-07-20,0.003868103950767088,0.0038681039507670275,1.0
2024-07-21,0.0049186148294897425,0.004918614829489884,1.0
2024-07-22,-0.027197137968854812,-0.027197137968854736,1.0
2024-07-23,0.012084550339342526,0.012084550339342495,1.0
2024-07-24,-0.04183132330756956,-0.04278925244209275,0.0
2024-07-25,-0.04852986825503891,0.0,0.0
2024-07-26,0.031981885880926875,0.0,0.0
2024-07-27,-0.008651992126869734,0.0,0.0
2024-07-28,0.007345926636807887,0.0,0.0
2024-07-29,0.015000836945357587,0.0,0.0
2024-07-30,-0.012609873928464688,0.0,0.0
2024-07-31,-0.01444857310697567,0.0,0.0
2024-08-01,-0.009201015429318393,0.0,0.0
2024-08-02,-0.06732685619396284,0.0,0.0
2024-08-03,-0.02767149249716494,0.0,0.0
2024-08-04,-0.07473578631090383,0.0,0.0
2024-08-05,-0.10020575290203382,0.0,0.0
2024-08-06,0.01717585219975959,0.0,0.0
2024-08-07,-0.049673947786168404,0.0,0.0
2024-08-08,0.14840580649003665,0.0,0.0
2024-08-09,-0.03121250061300085,0.0,0.0
2024-08-10,0.004009971491242048,0.0,0.0
2024-08-11,-0.021751054706288353,0.0,0.0
2024-08-12,0.0670437834865365,0.0,0.0
2024-08-13,-0.007619940833063277,0.0,0.0
2024-08-14,-0.015074713930707695,0.0,0.0
2024-08-15,-0.03485922591835067,0.0,0.0
2024-08-16,0.008987583355268836,0.0,0.0
2024-08-17,0.008237105726658145,0.0,0.0
2024-08-18,-0.00045503000041835495,0.0,0.0
2024-08-19,0.009164158253623267,0.0,0.0
2024-08-20,-0.024342815448445854,0.0,0.0
2024-08-21,0.02265299333570292,0.0,0.0
2024-08-22,-0.003208978571182075,0.0,0.0
2024-08-23,0.05394518732020126,0.0,0.0
2024-08-24,0.0017879260896347393,0.0,0.0
2024-08-25,-0.007305556877908126,0.0,0.0
2024-08-26,-0.024668333251928187,0.0,0.0
2024-08-27,-0.08302340092495786,0.0,0.0
2024-08-28,0.02834351973360194,0.0,0.0
2024-08-29,0.00014918325787260933,0.0,0.0
2024-08-30,-0.0011747515310726042,0.0,0.0
2024-08-31,-0.004920466505769938,0.0,0.0
2024-09-01,-0.034014349489517204,0.0,0.0
2024-09-02,0.04542394894641233,0.0,0.0
2024-09-03,-0.04632577672207194,0.0,0.0
2024-09-04,0.011721576032903469,0.0,0.0
2024-09-05,-0.03317283105091118,0.0,0.0
2024-09-06,-0.06075888100671323,0.0,0.0
2024-09-07,0.022587006825558698,0.0,0.0
2024-09-08,0.010195557730363625,0.0,0.0
2024-09-09,0.026635352920471922,0.0,0.0
2024-09-10,0.013185970725884122,0.0,0.0
2024-09-11,-0.020815155801287455,0.0,0.0
2024-09-12,0.009376782595058808,0.0,0.0
2024-09-13,0.03379882152498004,0.0,0.0
2024-09-14,-0.009424724345186375,0.0,0.0
2024-09-15,-0.04039471590968735,0.0,0.0
2024-09-16,-0.011036044683605084,-0.0009992504996876996,1.0
2024-09-17,0.020225853753695455,0.02022585375369558,1.0
2024-09-18,0.011966155926492306,0.011966155926492165,1.0
2024-09-19,0.04009875947956032,0.0400987594795604,1.0
2024-09-20,0.039078907942797114,0.03907890794279697,1.0
2024-09-21,0.021391493792606076,0.02139149379260605,1.0
2024-09-22,-0.012613314361003103,-0.012613314361003136,1.0
2024-09-23,0.025430636221980274,0.02543063622198042,1.0
2024-09-24,0.0021931251720292977,0.002193125172029264,1.0
2024-09-25,-0.028242759218479185,-0.028242759218479196,1.0
2024-09-26,0.020474339471486358,0.02047433947148632,1.0
2024-09-27,0.024200548885121798,0.024200548885121593,1.0
2024-09-28,-0.006810923232421495,-0.0068109232324214015,1.0
2024-09-29,-0.006794350426726936,-0.006794350426726915,1.0
2024-09-30,-0.021164662339909768,-0.021164662339909792,1.0
2024-10-01,-0.059215476810716816,-0.05921547681071683,1.0
2024-10-02,-0.03417400898294953,-0.035139593517468905,0.0
2024-10-03,-0.006528083382423278,0.0,0.0
2024-10-04,0.027663174452933648,0.0,0.0
2024-10-05,0.0003469822452661919,0.0,0.0
2024-10-06,0.010070213255379601,0.0,0.0
2024-10-07,-0.0074432160600884645,0.0,0.0
2024-10-08,0.007450745129958358,0.0,0.0
2024-10-09,-0.029328705566008972,0.0,0.0
2024-10-10,0.0065762664129611625,0.0,0.0
2024-10-11,0.022088362462288513,0.0,0.0
2024-10-12,0.016420909144015505,0.0,0.0
2024-10-13,-0.00357202041554483,0.0,0.0
2024-10-14,0.06533387483978648,0.0,0.0
2024-10-15,-0.00870247272142377,-0.0009992504996876087,1.0
2024-10-16,0.0019493612019787498,0.0019493612019785957,1.0
2024-10-17,-0.0026152226716711358,-0.0026152226716710017,1.0
2024-10-18,0.014314475606500121,0.014314475606500081,1.0
2024-10-19,0.002689606589697968,0.002689606589697958,1.0
2024-10-20,0.03688927328017333,0.0368892732801734,1.0
2024-10-21,-0.029366775513825272,-0.029366775513825296,1.0
2024-10-22,-0.01707410468059689,-0.017074104680596926,1.0
2024-10-23,-0.04240086191916037,-0.042400861919160225,1.0
2024-10-24,0.010123020035770258,0.009113149546489396,0.0
2024-10-25,-0.03888913398757343,0.0,0.0
2024-10-26,0.017927081761059283,0.0,0.0
2024-10-27,0.01062161945285034,0.0,0.0
2024-10-28,0.02370665487957191,0.0,0.0
2024-10-29,0.02830390688093809,0.0,0.0
2024-10-30,0.007359875554762585,-0.0009992504996877256,1.0
2024-10-31,-0.05327564692788833,-0.0532756469278883,1.0
2024-11-01,-0.001555695771857435,-0.001555695771857364,1.0
2024-11-02,-0.00828735806127956,-0.009278822775057954,0.0
2024-11-03,-0.013907007819047301,0.0,0.0
2024-11-04,-0.024181043059307794,0.0,0.0
2024-11-05,0.010690023242502233,0.0,0.0
2024-11-06,0.12445812465100636,0.0,0.0
2024-11-07,0.06292423408548897,-0.0009992504996875404,1.0
2024-11-08,0.023038926949513483,0.02303892694951336,1.0
2024-11-09,0.05699898471735465,0.05699898471735488,1.0
2024-11-10,0.01922197042565066,0.01922197042565047,1.0
2024-11-11,0.05749377681988088,0.057493776819881035,1.0
2024-11-12,-0.0380926778784183,-0.038092677878418406,1.0
2024-11-13,-0.016530228997185037,-0.016530228997185054,1.0
2024-11-14,-0.041861613246530704,-0.04186161324653062,1.0
2024-11-15,0.014414035918883572,0.014414035918883588,1.0
2024-11-16,0.00974315294018413,0.00974315294018422,1.0
2024-11-17,-0.01838725437104416,-0.018387254371044236,1.0
2024-11-18,0.04298093890177013,0.04298093890177021,1.0
2024-11-19,-0.030073793436219964,-0.030073793436219853,1.0
2024-11-20,-0.012597623598885388,-0.012597623598885475,1.0
2024-11-21,0.09402613638837987,0.09402613638837976,1.0
2024-11-22,-0.008763062239896535,-0.008763062239896547,1.0
2024-11-23,0.019396849109391878,0.01939684910939193,1.0
2024-11-24,-0.009588143309746888,-0.009588143309746834,1.0
2024-11-25,0.01483028442427825,0.014830284424278216,1.0
2024-11-26,-0.0254945044570557,-0.025494504457055582,1.0
2024-11-27,0.09942287996365606,0.0994228799636561,1.0
2024-11-28,-0.021173767078749073,-0.02117376707874912,1.0
2024-11-29,0.003822229533186672,0.0038222295331866813,1.0
2024-11-30,0.03122613408711894,0.03122613408711894,1.0
2024-12-01,0.0014733272945559595,0.0014733272945558194,1.0
2024-12-02,-0.018044617264257212,-0.01804461726425724,1.0
2024-12-03,-0.0064449882448404106,-0.006444988244840413,1.0
2024-12-04,0.06093260244895049,0.060932602448950504,1.0
2024-12-05,-0.007893814272854183,-0.007893814272854129,1.0
2024-12-06,0.051115670898385535,0.05111567089838559,1.0
2024-12-07,-0.0007783493216640958,-0.0007783493216641116,1.0
2024-12-08,0.0007524841828581152,0.0007524841828581081,1.0
2024-12-09,-0.07165135464156769,-0.07165135464156767,1.0
2024-12-10,-0.02335679484361486,-0.023356794843615004,1.0
2024-12-11,0.055340716460503314,0.05534071646050346,1.0
2024-12-12,0.013118151777930187,0.013118151777930052,1.0
2024-12-13,0.007237451638409276,0.007237451638409322,1.0
2024-12-14,-0.010942930708463194,-0.010942930708463194,1.0
2024-12-15,0.02159439944037822,0.021594399440378276,1.0
2024-12-16,0.00899299697642908,0.008992996976428939,1.0
2024-12-17,-0.02525776168846805,-0.0252577616884681,1.0
2024-12-18,-0.06894545380539963,-0.06894545380539951,1.0
2024-12-19,-0.05550562793804503,-0.05644988618651393,0.0
2024-12-20,0.015982047785855658,0.0,0.0
2024-12-21,-0.038971625917780583,0.0,0.0
2024-12-22,-0.01788530954448675,0.0,0.0
2024-12-23,0.042181162840310815,0.0,0.0
2024-12-24,0.022327047913535125,0.0,0.0
2024-12-25,0.00033949884489303805,0.0,0.0
2024-12-26,-0.04637807223950974,0.0,0.0
2024-12-27,-0.000693089573747363,0.0,0.0
2024-12-28,0.02072306150150305,0.0,0.0
2024-12-29,-0.014240820106154684,0.0,0.0
2024-12-30,0.0020537760301735375,0.0,0.0
2024-12-31,-0.0071090729967826505,0.0,0.0
2025-01-01,0.006293237021109732,0.0,0.0
2025-01-02,0.029189893122086197,0.0,0.0
2025-01-03,0.04450875524089293,0.0,0.0
2025-01-04,0.014617719482165947,-0.000999250499687746,1.0
2025-01-05,-0.006452957745802013,-0.006452957745801946,1.0
2025-01-06,0.01499890260780301,0.014998902607802934,1.0
2025-01-07,-0.08323835401301194,-0.08323835401301208,1.0
2025-01-08,-0.016337951334858714,-0.017321367468011644,0.0
2025-01-09,-0.03213713091240178,0.0,0.0
2025-01-10,0.014927896012281394,0.0,0.0
2025-01-11,0.004507369034684849,0.0,0.0
2025-01-12,-0.004955978757455792,0.0,0.0
2025-01-13,-0.03994285558798849,0.0,0.0
2025-01-14,0.028124644018336253,0.0,0.0
2025-01-15,0.07037072715887938,0.0,0.0
2025-01-16,-0.041208762051769265,0.0,0.0
2025-01-17,0.05010419171097702,0.0,0.0
2025-01-18,-0.0484491750950794,0.0,0.0
2025-01-19,-0.02928958236001966,0.0,0.0
2025-01-20,0.02152440391061483,0.0,0.0
2025-01-21,0.015061109347230373,0.0,0.0
2025-01-22,-0.026201080984625813,0.0,0.0
2025-01-23,0.029161404946970837,0.0,0.0
2025-01-24,-0.007544628669076459,0.0,0.0
2025-01-25,0.0023310081774501334,0.0,0.0
2025-01-26,-0.02445844485711024,0.0,0.0
2025-01-27,-0.017679695057172262,0.0,0.0
2025-01-28,-0.0320259233300908,0.0,0.0
2025-01-29,0.011662386097330613,0.0,0.0
2025-01-30,0.0432961927853559,0.0,0.0
2025-01-31,0.015544497153892722,0.0,0.0
2025-02-01,-0.05455489961504678,0.0,0.0
2025-02-02,-0.08005434100956466,0.0,0.0
2025-02-03,0.005533453740142802,0.0,0.0
2025-02-04,-0.05183287439003281,0.0,0.0
2025-02-05,0.01927853557646908,0.0,0.0
2025-02-06,-0.035647794157377954,0.0,0.0
2025-02-07,-0.024620471517087794,0.0,0.0
2025-02-08,0.0038506311160004802,0.0,0.0
2025-02-09,-0.0013627424019899692,0.0,0.0
2025-02-10,0.0123427150611084,0.0,0.0
2025-02-11,-0.02193953673434812,0.0,0.0
2025-02-12,0.051529524214203315,0.0,0.0
2025-02-13,-0.022287794557012575,0.0,0.0
2025-02-14,0.018755901306300338,0.0,0.0
2025-02-15,-0.011933472391497446,0.0,0.0
2025-02-16,-0.011228225310643603,0.0,0.0
2025-02-17,0.029994109419593684,0.0,0.0
2025-02-18,-0.026925068435387,0.0,0.0
2025-02-19,0.017394617624989728,0.0,0.0
2025-02-20,0.009063900656951951,0.0,0.0
2025-02-21,-0.029459697666460616,0.0,0.0
2025-02-22,0.039243345090012705,0.0,0.0
2025-02-23,0.020723733255699095,0.0,0.0
2025-02-24,-0.10898801644535905,0.0,0.0
2025-02-25,-0.008047015853369976,0.0,0.0
2025-02-26,-0.06502260921668868,0.0,0.0
2025-02-27,-0.01113823258073876,0.0,0.0
2025-02-28,-0.029312322518993406,0.0,0.0
2025-03-01,-0.009500832382402846,0.0,0.0
2025-03-02,0.13671629895947635,0.0,0.0
2025-03-03,-0.14847855308604507,0.0,0.0
2025-03-04,0.011391432967872817,0.0,0.0
2025-03-05,0.03316205356610458,0.0,0.0
2025-03-06,-0.017618594251921915,0.0,0.0
2025-03-07,-0.02882630029114286,0.0,0.0
2025-03-08,0.029230046295678047,0.0,0.0
2025-03-09,-0.08448795471326165,0.0,0.0
2025-03-10,-0.07658500963990722,0.0,0.0
2025-03-11,0.031536179458804936,0.0,0.0
2025-03-12,-0.005657907202539225,0.0,0.0
2025-03-13,-0.024103446480985946,0.0,0.0
2025-03-14,0.024959035666801466,0.0,0.0
2025-03-15,0.01462560823630299,0.0,0.0
2025-03-16,-0.025786999381329778,0.0,0.0
2025-03-17,0.020963831795744126,0.0,0.0
2025-03-18,0.002875204421535882,0.0,0.0
2025-03-19,0.06478796942480636,0.0,0.0
2025-03-20,-0.03676306928602102,-0.000999250499687695,1.0
2025-03-21,-0.008704061657306195,-0.00870406165730618,1.0
2025-03-22,0.007731036303297412,0.007731036303297492,1.0
2025-03-23,0.012758015026691494,0.012758015026691548,1.0
2025-03-24,0.035994533770415726,0.0359945337704158,1.0
2025-03-25,-0.004676265671871183,-0.0046762656718712815,1.0
2025-03-26,-0.028327615997143618,-0.028327615997143604,1.0
2025-03-27,-0.003400331205273277,-0.003400331205273242,1.0
2025-03-28,-0.05336434495667708,-0.053364344956677155,1.0
2025-03-29,-0.03597072635426679,-0.03597072635426672,1.0
2025-03-30,-0.01154788485957492,-0.011547884859574906,1.0
2025-03-31,0.009556624138489678,0.009556624138489714,1.0
2025-04-01,0.044975253629213396,0.044975253629213174,1.0
2025-04-02,-0.05782142048584138,-0.057821420485841254,1.0
2025-04-03,0.011320573057860273,0.011320573057860207,1.0
2025-04-04,-0.00016633386447217902,-0.00016633386447226792,1.0
2025-04-05,-0.0051571403729591125,-0.0051571403729590804,1.0
2025-04-06,-0.12693722742042624,-0.12693722742042624,1.0
2025-04-07,-0.013627626435405826,-0.013627626435405838,1.0
2025-04-08,-0.05316723773116572,-0.05316723773116575,1.0
2025-04-09,0.1327537447707503,0.13275374477075016,1.0
2025-04-10,-0.08724085563087758,-0.08724085563087758,1.0
2025-04-11,0.02931391157840868,0.029313911578408642,1.0
2025-04-12,0.04873738626716384,0.04873738626716377,1.0
2025-04-13,-0.028501344272703122,-0.02850134427270293,1.0
2025-04-14,0.016336405441875312,0.016336405441875118,1.0
2025-04-15,-0.021036532181973544,-0.021036532181973547,1.0
2025-04-16,-0.00662651680945181,-0.006626516809451853,1.0
2025-04-17,0.002815397066748826,0.0018128323735313345,0.0
2025-04-18,0.004029161456178265,0.0,0.0
2025-04-19,0.015103402450633574,0.0,0.0
2025-04-20,-0.01575312130479345,-0.0009992504996873717,1.0
2025-04-21,-0.004900607977736393,-0.0049006079777365345,1.0
2025-04-22,0.11242216226721125,0.11242216226721123,1.0
2025-04-23,0.022063326905880754,0.022063326905880785,1.0
2025-04-24,-0.014627537926254486,-0.01462753792625457,1.0
2025-04-25,0.009494042160750782,0.009494042160750752,1.0
2025-04-26,0.019727919508667258,0.019727919508667306,1.0
2025-04-27,-0.015926458222360718,-0.015926458222360752,1.0
2025-04-28,0.0033392455309573243,0.003339245530957311,1.0
2025-04-29,0.00018003291759050022,0.00018003291759049943,1.0
2025-04-30,-0.0030015237962643937,-0.003001523796264378,1.0
2025-05-01,0.025335483600515296,0.025335483600515265,1.0
2025-05-02,0.0018955454880142941,0.0018955454880142876,1.0
2025-05-03,-0.004812571830357215,-0.0048125718303572125,1.0
2025-05-04,-0.013766461212495806,-0.013766461212495803,1.0
2025-05-05,0.006139172208646793,0.006139172208646859,1.0
2025-05-06,-0.0025333800408158247,-0.0025333800408158234,1.0
2025-05-07,-0.0019177229274721652,-0.00291555568397551,0.0
2025-05-08,0.2179876908621854,-0.0009992504996876614,1.0
2025-05-09,0.0629919569669184,0.06299195696691848,1.0
2025-05-10,0.10100811912068441,0.10100811912068428,1.0
2025-05-11,-0.027952363120453683,-0.027952363120453683,1.0
2025-05-12,-0.005513456904119418,-0.00551345690411939,1.0
2025-05-13,0.0735988233044782,0.07359882330447828,1.0
2025-05-14,-0.02614291683469505,-0.026142916834695083,1.0
2025-05-15,-0.02421638604114429,-0.024216386041144296,1.0
2025-05-16,-0.004146022508211833,-0.0041460225082117375,1.0
2025-05-17,-0.023870705359441913,-0.02387070535944182,1.0
2025-05-18,0.009079756900171487,0.009079756900171501,1.0
2025-05-19,0.01238199059589462,0.012381990595894636,1.0
2025-05-20,-0.001974425904344268,-0.0019744259043443205,1.0
2025-05-21,0.011161703733228778,0.011161703733228728,1.0
2025-05-22,0.04380666386466037,0.043806663864660325,1.0
2025-05-23,-0.051691806751355096,-0.05169180675135512,1.0
2025-05-24,0.001664137106111907,0.001664137106111798,1.0
2025-05-25,0.008344775909608915,0.008344775909608889,1.0
2025-05-26,0.004849395212889407,0.004849395212889425,1.0
2025-05-27,0.03858270497969518,0.03858270497969515,1.0
2025-05-28,0.007188345657390238,0.007188345657390279,1.0
2025-05-29,-0.01847657419064974,-0.018476574190649686,1.0
2025-05-30,-0.039014299261621144,-0.03901429926162124,1.0
2025-05-31,-0.00033842697943353706,-0.0003384269794334381,1.0
2025-06-01,0.002838555548326349,0.0028385555483262407,1.0
2025-06-02,0.027927293393387842,0.027927293393387936,1.0
2025-06-03,-0.005299816803046031,-0.005299816803045955,1.0
2025-06-04,0.005924077364914293,0.005924077364914206,1.0
2025-06-05,-0.07373849813037003,-0.07373849813036994,1.0
2025-06-06,0.02520777285804554,0.025207772858045582,1.0
2025-06-07,0.019905800865118284,0.019905800865118124,1.0
2025-06-08,-0.006221345063654238,-0.006221345063654114,1.0
2025-06-09,0.06799858890117094,0.06799858890117087,1.0
2025-06-10,0.049226047740363876,0.04922604774036387,1.0
2025-06-11,-0.01421291324458307,-0.014212913244582919,1.0
2025-06-12,-0.04389141697422694,-0.04389141697422691,1.0
2025-06-13,-0.02726797414745119,-0.027267974147451243,1.0
2025-06-14,-0.017849288846087386,-0.017849288846087406,1.0
2025-06-15,0.005286505610925474,0.004281470426941035,0.0
2025-06-16,-0.0024470263889081467,0.0,0.0
2025-06-17,-0.011746613932036243,0.0,0.0
2025-06-18,0.005392801825034654,0.0,0.0
2025-06-19,-0.0010489829382142046,0.0,0.0
2025-06-20,-0.04534697662134013,0.0,0.0
2025-06-21,-0.04436854876282892,0.0,0.0
2025-06-22,-0.031420390689421374,0.0,0.0
2025-06-23,0.0868910668308287,0.0,0.0
2025-06-24,0.01081161455453472,0.0,0.0
2025-06-25,-0.011723195789307361,0.0,0.0
2025-06-26,-0.0013076347482894324,0.0,0.0
2025-06-27,0.0031952591093227234,0.0,0.0
2025-06-28,0.00546334924732772,0.0,0.0
2025-06-29,0.02619931078698512,0.0,0.0
2025-06-30,-0.005796016607685361,-0.000999250499687524,1.0
2025-07-01,-0.032444314225516746,-0.03244431422551676,1.0
2025-07-02,0.06881005288444131,0.06774151003407027,0.0
2025-07-03,0.007650450666005781,-0.0009992504996876486,1.0
2025-07-04,-0.03183665785149692,-0.03183665785149691,1.0
2025-07-05,0.003492786444157847,0.003492786444157783,1.0
2025-07-06,0.021434461935417204,0.021434461935417398,1.0
2025-07-07,-0.010976581842489175,-0.01097658184248925,1.0
2025-07-08,0.028506606355380493,0.028506606355380437,1.0
2025-07-09,0.05936584999764771,0.059365849997647824,1.0
2025-07-10,0.06643175827521208,0.06643175827521206,1.0
2025-07-11,0.0010291624108509367,0.001029162410850879,1.0
2025-07-12,-0.005062604917237423,-0.005062604917237377,1.0
2025-07-13,0.010345966697322684,0.010345966697322646,1.0
2025-07-14,0.013450089573111779,0.013450089573111867,1.0
2025-07-15,0.04199272686615596,0.04199272686615582,1.0
2025-07-16,0.07376602792880305,0.07376602792880298,1.0
2025-07-17,0.03122567831346279,0.031225678313462835,1.0
2025-07-18,0.020775499653849394,0.02077549965384927,1.0
2025-07-19,0.013033843623181607,0.013033843623181563,1.0
2025-07-20,0.04567044638207407,0.04567044638207399,1.0
2025-07-21,0.0010373538968471152,0.001037353896847131,1.0
2025-07-22,-0.0037800761075303946,-0.003780076107530346,1.0
2025-07-23,-0.03185843128317001,-0.03185843128317,1.0
2025-07-24,0.021572560819185016,0.0215725608191849,1.0
2025-07-25,0.005194498732584263,0.005194498732584167,1.0
2025-07-26,0.0037907536475187964,0.0037907536475187543,1.0
2025-07-27,0.03577557309550983,0.03577557309550996,1.0
2025-07-28,-0.022661990384936437,-0.022661990384936395,1.0
2025-07-29,0.0015918602984175134,0.001591860298417559,1.0
2025-07-30,0.0038874395023140718,0.0038874395023139638,1.0
2025-07-31,-0.029277308933214563,-0.029277308933214542,1.0
2025-08-01,-0.05635874139752328,-0.05635874139752329,1.0
2025-08-02,-0.027412478154400954,-0.027412478154400975,1.0
2025-08-03,0.030841709681774132,0.03084170968177408,1.0
2025-08-04,0.06336371438852972,0.0633637143885297,1.0
2025-08-05,-0.028794587423448093,-0.02879458742344809,1.0
2025-08-06,0.01993999056395901,0.019939990563958895,1.0
2025-08-07,0.06254349511267532,0.06254349511267532,1.0
2025-08-08,0.02440342244929994,0.024403422449299886,1.0
2025-08-09,0.06328174749903215,0.06328174749903206,1.0
2025-08-10,-0.0022003353011864624,-0.002200335301186421,1.0
2025-08-11,-0.006405637420032861,-0.006405637420032727,1.0
2025-08-12,0.08610382463415012,0.0861038246341499,1.0
2025-08-13,0.036016942392504525,0.03601694239250468,1.0
2025-08-14,-0.04375468965602913,-0.043754689656029175,1.0
2025-08-15,-0.023784910750758614,-0.023784910750758646,1.0
2025-08-16,-0.0031100515039045318,-0.003110051503904479,1.0
2025-08-17,0.010639266076744924,0.010639266076744907,1.0
2025-08-18,-0.03593937951766457,-0.0359393795176646,1.0
2025-08-19,-0.055429681352263005,-0.05542968135226297,1.0
2025-08-20,0.06408215951312646,0.06408215951312643,1.0
2025-08-21,-0.025675513855549226,-0.025675513855549146,1.0
2025-08-22,0.14399915644733907,0.14399915644733907,1.0
2025-08-23,-0.011437448418844975,-0.011437448418844913,1.0
2025-08-24,0.0007447783980119027,0.0007447783980118076,1.0
2025-08-25,-0.08508151935728459,-0.0850815193572845,1.0
2025-08-26,0.05200997021062914,0.05200997021062907,1.0
2025-08-27,-0.021092323933093016,-0.021092323933092974,1.0
2025-08-28,0.0008404036496352241,0.0008404036496353841,1.0
2025-08-29,-0.032620169651272346,-0.032620169651272395,1.0
2025-08-30,0.0032110086092389523,0.0032110086092389744,1.0
2025-08-31,0.0036271528440883216,0.0026237765980324877,0.0
2025-09-01,-0.017209225605980594,0.0,0.0
2025-09-02,0.002525340834435452,0.0,0.0
2025-09-03,0.028904708992612438,0.0,0.0
2025-09-04,-0.03407455260068215,-0.0009992504996874324,1.0
2025-09-05,0.00191791570666755,0.0019179157066676162,1.0
2025-09-06,-0.007603126867408605,-0.007603126867408643,1.0
2025-09-07,0.007277423081211376,0.00727742308121156,1.0
2025-09-08,0.0006328430576436617,0.000632843057643502,1.0
2025-09-09,0.00022498189944109015,0.00022498189944116268,1.0
2025-09-10,0.009307056372314992,0.009307056372314796,1.0
2025-09-11,0.025772278613875654,0.025772278613875828,1.0
2025-09-12,0.05693777317310178,0.05693777317310156,1.0
2025-09-13,-0.009981749693273922,-0.009981749693273841,1.0
2025-09-14,-0.012549223717087221,-0.012549223717087298,1.0
2025-09-15,-0.0179576071325368,-0.017957607132536767,1.0
2025-09-16,-0.005137349788500112,-0.005137349788500209,1.0
2025-09-17,0.019799637873646025,0.019799637873646185,1.0
2025-09-18,-0.0006128056825500661,-0.0006128056825501017,1.0
2025-09-19,-0.025926809284188335,-0.025926809284188296,1.0
2025-09-20,0.002538323308692858,0.002538323308692691,1.0
2025-09-21,-0.006901983511407805,-0.006901983511407702,1.0
2025-09-22,-0.055815163176552995,-0.05581516317655297,1.0
2025-09-23,-0.008892368544476281,-0.009883228399024162,0.0
2025-09-24,-0.0028891265593804505,0.0,0.0
2025-09-25,-0.0686499014554498,0.0,0.0
2025-09-26,0.043314242191835106,0.0,0.0
2025-09-27,-0.004269131498844225,0.0,0.0
2025-09-28,0.03056203169493088,0.0,0.0
2025-09-29,0.018318402441761972,0.0,0.0
2025-09-30,-0.016926367551390986,0.0,0.0
2025-10-01,0.04948308905476795,0.0,0.0
2025-10-02,0.03144288491246505,0.0,0.0
2025-10-03,0.006004285806920251,-0.000999250499687391,1.0
2025-10-04,-0.005686395488865736,-0.005686395488865873,1.0
2025-10-05,0.005841932173111797,0.005841932173111801,1.0
2025-10-06,0.0381688799649984,0.03816887996499856,1.0
2025-10-07,-0.05047593076900958,-0.050475930769009796,1.0
2025-10-08,0.017185685016793073,0.017185685016793087,1.0
2025-10-09,-0.03500810935589638,-0.03500810935589635,1.0
2025-10-10,-0.12042057191289324,-0.12042057191289321,1.0
2025-10-11,-0.02404293663335999,-0.025018649707460643,0.0
2025-10-12,0.11033298280456205,0.0,0.0
2025-10-13,0.01946006611990403,0.0,0.0
2025-10-14,-0.028278547964407763,0.0,0.0
2025-10-15,-0.03343972264134598,0.0,0.0
2025-10-16,-0.023249158708877005,0.0,0.0
2025-10-17,-0.015969057439913503,0.0,0.0
2025-10-18,0.015078008181977465,0.0,0.0
2025-10-19,0.024240379173758653,0.0,0.0
2025-10-20,-0.0009760969295927735,0.0,0.0
2025-10-21,-0.02612468149719649,0.0,0.0
2025-10-22,-0.017705963754152787,0.0,0.0
2025-10-23,0.01257944172448533,0.0,0.0
2025-10-24,0.0203683813713873,0.0,0.0
2025-10-25,0.004804483597282472,0.0,0.0
2025-10-26,0.051731330083082616,0.0,0.0
2025-10-27,-0.009107091228975794,0.0,0.0
2025-10-28,-0.03346008122768285,-0.0009992504996875695,1.0
2025-10-29,-0.01981522433432381,-0.020795164063795637,0.0
2025-10-30,-0.025357117972616416,0.0,0.0
2025-10-31,0.01122525392067275,0.0,0.0
2025-11-01,0.007046295825625215,0.0,0.0
2025-11-02,0.009518186585722344,0.0,0.0
2025-11-03,-0.0789440386423853,0.0,0.0
2025-11-04,-0.08598199640611282,0.0,0.0
2025-11-05,0.040271429297028094,0.0,0.0
2025-11-06,-0.03296574838976807,0.0,0.0
2025-11-07,0.037147836870148554,0.0,0.0
2025-11-08,-0.01016651774327515,0.0,0.0
2025-11-09,0.053595650182295396,0.0,0.0
2025-11-10,-0.003952797579624412,0.0,0.0
2025-11-11,-0.04292544572498369,0.0,0.0
2025-11-12,-0.0006406464052173266,0.0,0.0
2025-11-13,-0.05283685290035778,0.0,0.0
2025-11-14,-0.039895183075048135,0.0,0.0
2025-11-15,0.02024808099609965,0.0,0.0
2025-11-16,-0.023300450051277788,0.0,0.0
2025-11-17,-0.02208598894421776,0.0,0.0
2025-11-18,0.03254717213392322,0.0,0.0
2025-11-19,-0.031991314382848524,0.0,0.0
2025-11-20,-0.0632777812683677,0.0,0.0
2025-11-21,-0.023334590055091975,0.0,0.0
2025-11-22,0.0006899532357182991,0.0,0.0
2025-11-23,0.012309767363083646,0.0,0.0
2025-11-24,0.05390964270915899,0.0,0.0
2025-11-25,0.0017688477411781367,0.0,0.0
2025-11-26,0.023623136478952533,0.0,0.0
2025-11-27,-0.0043826285579375845,0.0,0.0
2025-11-28,0.0058921738820569836,0.0,0.0
2025-11-29,-0.013395469150188521,0.0,0.0
2025-11-30,0.0001428111751458072,0.0,0.0
2025-12-01,-0.06414317003534598,0.0,0.0
2025-12-02,0.07062049558248629,0.0,0.0
2025-12-03,0.06458838390069488,0.0,0.0
2025-12-04,-0.01793955301277983,-0.0009992504996877863,1.0
2025-12-05,-0.03505821706537382,-0.035058217065373855,1.0
2025-12-06,0.005215821632364781,0.0052158216323647776,1.0
2025-12-07,0.0069383396729270075,0.0069383396729269286,1.0
2025-12-08,0.02087224497595197,0.020872244975952015,1.0
2025-12-09,0.0626894655346446,0.06268946553464462,1.0
2025-12-10,0.0012872624094455443,0.0012872624094455623,1.0
2025-12-11,-0.026563274780229462,-0.02656327478022951,1.0
2025-12-12,-0.0472294070775402,-0.04818193947781433,0.0
2025-12-13,0.01054503402301843,0.0,0.0
2025-12-14,-0.018000022559953033,0.0,0.0
2025-12-15,-0.03150094334836495,0.0,0.0
2025-12-16,-7.412718940891239e-07,0.0,0.0
2025-12-17,-0.04479394067431908,0.0,0.0
2025-12-18,-0.001530856537254932,0.0,0.0
2025-12-19,0.05337740480626607,0.0,0.0
2025-12-20,-0.00013035171680586544,0.0,0.0
2025-12-21,0.008070725107488519,0.0,0.0
2025-12-22,0.0014858543703297755,0.0,0.0
2025-12-23,-0.014204477620910372,0.0,0.0
2025-12-24,-0.006001080904730394,0.0,0.0
2025-12-25,-0.014262330504439258,0.0,0.0
2025-12-26,0.007634030664264602,0.0,0.0
2025-12-27,0.0076058169600530245,0.0,0.0
2025-12-28,0.0001932919094582708,0.0,0.0
2025-12-29,-0.004758168917232131,0.0,0.0
2025-12-30,0.01256702548089339,0.0,0.0
2025-12-31,-0.0014737583994245407,0.0,0.0
2026-01-01,0.01124242223269234,0.0,0.0
2026-01-02,0.04133734051066695,0.0,0.0
2026-01-03,0.00047844777570227315,-0.0009992504996874125,1.0
2026-01-04,0.004732360608502573,0.004732360608502538,1.0
2026-01-05,0.027197643098951785,0.027197643098951743,1.0
2026-01-06,0.021640912864389295,0.021640912864389343,1.0
2026-01-07,-0.03917016624496916,-0.03917016624496911,1.0
2026-01-08,-0.01972355629036915,-0.019723556290369138,1.0
2026-01-09,-0.006872686838344633,-0.006872686838344645,1.0
2026-01-10,-0.00021119464663144072,-0.00021119464663140055,1.0
2026-01-11,0.01183795263773435,0.011837952637734359,1.0
2026-01-12,-0.008515881935856728,-0.008515881935856647,1.0
2026-01-13,0.07430339604003233,0.07430339604003237,1.0
2026-01-14,0.009821270239958713,0.009821270239958583,1.0
2026-01-15,-0.011214440579919382,-0.011214440579919393,1.0
2026-01-16,-0.006517479736100618,-0.006517479736100666,1.0
2026-01-17,0.004060735078022848,0.004060735078022905,1.0
2026-01-18,-0.0083734299173297,-0.008373429917329723,1.0
2026-01-19,-0.028811971050971552,-0.028811971050971483,1.0
2026-01-20,-0.07877164352915944,-0.07877164352915941,1.0
2026-01-21,0.014748373722715646,0.013733879036086256,0.0
2026-01-22,-0.009825039857546347,0.0,0.0
2026-01-23,0.0012283041671792283,0.0,0.0
2026-01-24,-0.0015290325215363554,0.0,0.0
2026-01-25,-0.04504918926428636,0.0,0.0
2026-01-26,0.03926083862438623,0.0,0.0
2026-01-27,0.032720079340819774,0.0,0.0
2026-01-28,-0.005162947242162819,0.0,0.0
2026-01-29,-0.06265359238084345,0.0,0.0
2026-01-30,-0.041109956346790044,0.0,0.0
2026-01-31,-0.09520641066538593,0.0,0.0
2026-02-01,-0.0724418417956253,0.0,0.0
2026-02-02,0.03368299377022699,0.0,0.0
2026-02-03,-0.04982085366444211,0.0,0.0
2026-02-04,-0.037733992059035826,0.0,0.0
2026-02-05,-0.15013782215594373,0.0,0.0
2026-02-06,0.1326816155325108,0.0,0.0
2026-02-07,0.013163964881106383,0.0,0.0
2026-02-08,-0.0008545012256375717,0.0,0.0
2026-02-09,0.007087777756089597,0.0,0.0
2026-02-10,-0.03996552777885132,0.0,0.0
2026-02-11,-0.03905729079240505,0.0,0.0
2026-02-12,0.0032563467246882194,0.0,0.0
2026-02-13,0.05217758881277712,0.0,0.0
2026-02-14,0.01829725240883784,0.0,0.0
2026-02-15,-0.05751017989077156,0.0,0.0
2026-02-16,0.016212644568821766,0.0,0.0
2026-02-17,-0.0028646768590002702,0.0,0.0
2026-02-18,-0.019184983188783145,0.0,0.0
2026-02-19,-0.002954528018943803,0.0,0.0
2026-02-20,0.010687443713567113,0.0,0.0
2026-02-21,0.0023945100352251725,0.0,0.0
2026-02-22,-0.008071629067117003,0.0,0.0
2026-02-23,-0.05225395436661606,0.0,0.0
2026-02-24,-0.001365303886856295,0.0,0.0
2026-02-25,0.10882988045871778,0.0,0.0
2026-02-26,-0.013547624241957545,0.0,0.0
2026-02-27,-0.04738065532627633,0.0,0.0
2026-02-28,0.017759153699916874,0.0,0.0
2026-03-01,-0.013223011941958851,0.0,0.0
2026-03-02,0.045486972038864204,0.0,0.0
2026-03-03,-0.021950713860043103,0.0,0.0
2026-03-04,0.07249278959354588,0.0,0.0
2026-03-05,-0.025816959171616194,-0.0009992504996876334,1.0
2026-03-06,-0.04482236094062009,-0.04482236094062003,1.0
2026-03-07,-0.004697799435284367,-0.005692852810298988,0.0
2026-03-08,-0.016680097080789325,0.0,0.0
2026-03-09,0.02908879392733521,0.0,0.0
2026-03-10,0.022169403074209226,0.0,0.0
2026-03-11,0.007094700046877733,-0.0009992504996876935,1.0
2026-03-12,0.010510464768130001,0.010510464768129987,1.0
2026-03-13,0.009370945241431228,0.009370945241431295,1.0
2026-03-14,0.0021615561057222177,0.0021615561057222532,1.0
2026-03-15,0.03833396568225522,0.038333965682255194,1.0
2026-03-16,0.07977111189072517,0.0797711118907252,1.0
2026-03-17,-0.014087655809712052,-0.014087655809712099,1.0
2026-03-18,-0.04934391616753975,-0.04934391616753978,1.0
2026-03-19,-0.03006246566260873,-0.030062465662608763,1.0
2026-03-20,0.00424494293930433,0.004244942939304329,1.0
2026-03-21,-0.03252141820817256,-0.032521418208172614,1.0
2026-03-22,-0.01138427123429453,-0.011384271234294509,1.0
2026-03-23,0.04826854503462008,0.04826854503462012,1.0
2026-03-24,0.0016533960130185044,0.00165339601301841,1.0
2026-03-25,0.005713742098458985,0.005713742098459049,1.0
2026-03-26,-0.050019391420208725,-0.05001939142020877,1.0
2026-03-27,-0.03316523299517671,-0.03413182605348977,0.0
2026-03-28,0.0007144214559386963,0.0,0.0
2026-03-29,-0.005086021609450597,0.0,0.0
2026-03-30,0.020657738756954647,0.0,0.0
2026-03-31,0.040124913175980215,0.0,0.0
2026-04-01,0.016167945634351977,0.0,0.0
2026-04-02,-0.038286390129433245,-0.0009992504996876666,1.0
2026-04-03,-0.001685723740716183,-0.002683788438406149,0.0
2026-04-04,0.005827600335098326,0.0,0.0
2026-04-05,0.021131532161972943,0.0,0.0
2026-04-06,-0.0005851746946151648,-0.0009992504996876013,1.0
2026-04-07,0.06359598447469827,0.06359598447469834,1.0
2026-04-08,-0.022959692630716844,-0.022959692630716906,1.0
2026-04-09,-0.0005439378020498653,-0.000543937802049942,1.0
2026-04-10,0.025582893392399164,0.02558289339239907,1.0
2026-04-11,0.017923737259448957,0.01792373725944905,1.0
2026-04-12,-0.04077595476873197,-0.0407759547687319,1.0
2026-04-13,0.08143124552858283,0.08143124552858272,1.0
2026-04-14,-0.01999660571788242,-0.01999660571788244,1.0
2026-04-15,0.015550417222206292,0.015550417222206363,1.0
2026-04-16,-0.004573969185826421,-0.004573969185826418,1.0
2026-04-17,0.030837677558848364,0.030837677558848437,1.0
2026-04-18,-0.02890091572709097,-0.028900915727091008,1.0
2026-04-19,-0.036656702084753356,-0.03665670208475338,1.0
2026-04-20,0.022206292914811687,0.022206292914811788,1.0
2026-04-21,0.005510533991485822,0.005510533991485941,1.0
2026-04-22,0.020669366999717997,0.02066936699971794,1.0
2026-04-23,-0.018759497216376042,-0.018759497216376066,1.0
2026-04-24,-0.006786890852357175,-0.006786890852357148,1.0
2026-04-25,0.0013554991229898228,0.0013554991229898026,1.0
2026-04-26,0.021950691540593592,0.021950691540593554,1.0
2026-04-27,-0.028131925191703266,-0.028131925191703284,1.0
2026-04-28,-0.0059244064939814045,-0.005924406493981454,1.0
2026-04-29,-0.01572621507544203,-0.015726215075442054,1.0
2026-04-30,0.0012582894176169646,0.0012582894176169392,1.0
2026-05-01,0.017215516135995923,0.017215516135995954,1.0
2026-05-02,0.009210161281538065,0.009210161281537985,1.0
2026-05-03,0.002333017050397679,0.002333017050397853,1.0
2026-05-04,0.01066542438971041,0.010665424389710349,1.0
2026-05-05,0.006301424994813232,0.006301424994813218,1.0
2026-05-06,-0.004396362720448854,-0.004396362720448971,1.0
2026-05-07,-0.025393178961011564,-0.025393178961011467,1.0
2026-05-08,0.00692438080865676,0.006924380808656727,1.0
2026-05-09,0.008563227258402195,0.008563227258402127,1.0
2026-05-10,0.018187198165845242,0.018187198165845065,1.0
2026-05-11,-0.012529571487047475,-0.012529571487047388,1.0
2026-05-12,-0.027664515902802167,-0.027664515902802136,1.0
2026-05-13,-0.007503214574742345,-0.00750321457474245,1.0
2026-05-14,0.010346670115700896,0.009336576032252785,0.0
2026-05-15,-0.02525541574718848,0.0,0.0
2026-05-16,-0.01959984648757984,0.0,0.0
2026-05-17,-0.023904871092521485,0.0,0.0
2026-05-18,0.000409302069402262,0.0,0.0
2026-05-19,-0.008716046816836354,0.0,0.0
2026-05-20,0.008066266685735402,0.0,0.0
2026-05-21,0.0020814671600175583,0.0,0.0
2026-05-22,-0.031328398313085315,0.0,0.0
2026-05-23,0.024853983556100134,0.0,0.0
2026-05-24,-0.0084867352791419,0.0,0.0
2026-05-25,0.00637583591933466,0.0,0.0
2026-05-26,-0.019187636510046735,0.0,0.0
2026-05-27,-0.02349746263809005,0.0,0.0
2026-05-28,-0.007242369965002715,0.0,0.0
2026-05-29,0.002204565376648926,0.0,0.0
2026-05-30,0.0037176024843394995,0.0,0.0
2026-05-31,-0.007485522022616653,0.0,0.0
2026-06-01,-0.0005589672711203697,0.0,0.0
2026-06-02,-0.0726354550544448,0.0,0.0
2026-06-03,-0.024752976854615305,0.0,0.0
2026-06-04,-0.023265983281846703,0.0,0.0
2026-06-05,-0.10664658628443302,0.0,0.0
2026-06-06,-0.00764971801669323,0.0,0.0
2026-06-07,0.0749814902642485,0.0,0.0
2026-06-08,0.0022250520052251588,0.0,0.0
2026-06-09,-0.031027979306495035,0.0,0.0
2026-06-10,-0.010727787888769158,0.0,0.0
2026-06-11,0.032184267106926345,0.0,0.0
2026-06-12,-0.0042772916588651455,0.0,0.0
2026-06-13,0.009060440840140016,0.0,0.0
2026-06-14,0.026424411293025862,0.0,0.0
2026-06-15,0.0407905361482761,0.0,0.0
2026-06-16,-0.002542109728010611,0.0,0.0
2026-06-17,-0.023744826972111888,0.0,0.0
2026-06-18,-0.021941969782405923,0.0,0.0
2026-06-19,0.0008475848259608121,0.0,0.0
2026-06-20,0.01655129203228678,0.0,0.0
2026-06-21,-0.019962512168946955,0.0,0.0
2026-06-22,0.012865509723484658,0.0,0.0
2026-06-23,-0.03537429039344153,0.0,0.0
2026-06-24,-0.027327270363134648,0.0,0.0
2026-06-25,-0.034019031040829484,0.0,0.0
2026-06-26,0.007540460713794772,0.0,0.0
2026-06-27,-0.0031890021082193742,0.0,0.0
2026-06-28,-0.0007807711567662245,0.0,0.0
2026-06-29,0.025372891496913352,0.0,0.0
2026-06-30,-0.02522779881684256,0.0,0.0
2026-07-01,0.025087433682497773,0.0,0.0
2026-07-02,0.05544494691670465,0.0,0.0
2026-07-03,0.03436008328131357,-0.0009992504996875224,1.0
2026-07-04,0.01281755925767869,0.012817559257678548,1.0
2026-07-05,0.0022332483728719765,0.0022332483728720017,1.0
2026-07-06,0.008170330988810814,0.008170330988810754,1.0
2026-07-07,-0.0161674903047212,-0.01616749030472115,1.0
2026-07-08,-0.014607687128744051,-0.01460768712874405,1.0
2026-07-09,0.0010369140127690635,0.001036914012768899,1.0
2026-07-10,0.0293545827817554,0.029354582781755473,1.0
2026-07-11,-0.004228800204808647,-0.004228800204808699,1.0
2026-07-12,0.009892332882217136,0.009892332882217277,1.0
2026-07-13,-0.017879923877591963,-0.01787992387759204,1.0
2026-07-14,0.06539558955703528,0.0653955895570353,1.0
2026-07-15,0.014535146837066026,0.014535146837066108,1.0
2026-07-16,-0.028039616131406264,-0.028039616131406278,1.0
2026-07-17,-0.01191781845055584,-0.01191781845055582,1.0
2026-07-18,0.011083140628755705,0.011083140628755568,1.0
2026-07-19,0.00543488668149128,0.005434886681491255,1.0
2026-07-20,0.017232283709548213,0.017232283709548324,1.0
2026-07-21,0.012934872050072155,0.012934872050071995,1.0
2026-07-22,0.002647980796742777,0.002647980796742754,1.0
2026-07-23,-0.029164820765961497,-0.02916482076596152,1.0
2026-07-24,-0.009015747660254259,-0.009015747660254264,1.0
2026-07-25,0.007013126167760619,0.007013126167760691,1.0
2026-07-26,0.04280796677162302,0.042807966771622984,1.0
2026-07-27,-0.03214772584893022,-0.032147725848930254,1.0
2026-07-28,0.015516106567279087,0.015516106567279012,1.0
2026-07-29,-0.005952994802081224,-0.0059529948020812466,1.0
2026-07-30,0.004639137276914562,0.004639137276914477,1.0
2026-07-31,-0.029742246175126108,-0.02974224617512602,1.0
2026-08-01,-0.009099502531306869,-0.009099502531306848,1.0
2026-08-02,0.021212906616248084,0.021212906616247886,1.0
2026-08-03,-0.012889890945309235,-0.012889890945309162,1.0
2026-08-04,0.005451020726294331,0.005451020726294278,1.0
2026-08-05,0.020413415370117205,0.020413415370117118,1.0
2026-08-06,-0.0023437948693519894,-0.0023437948693519834,1.0
2026-08-07,0.005899886757857242,0.005899886757857265,1.0
2026-08-08,0.0011778415723013858,0.0011778415723014259,1.0
2026-08-09,-0.0035761429707763526,-0.003576142970776379,1.0
2026-08-10,-0.019596788908417317,-0.0195967889084173,1.0
2026-08-11,0.0053946259878410174,0.005394625987841114,1.0
2026-08-12,-0.0017213622548145624,-0.0017213622548146392,1.0
2026-08-13,0.0031181588180491104,0.00311815881804923,1.0
2026-08-14,-0.0017735265206425543,-0.001773526520642601,1.0
2026-08-15,0.00013734654395913815,0.00013734654395921846,1.0
2026-08-16,-0.0037031746512827812,-0.003703174651282812,1.0
2026-08-17,0.020416392287813778,0.020416392287813893,1.0
2026-08-18,0.002226462454579581,0.0022264624545795322,1.0
2026-08-19,0.17480066577335518,0.1748006657733551,1.0
2026-08-20,0.03327921620234808,0.03327921620234808,1.0
2026-08-21,0.081197648577922,0.08119764857792193,1.0
2026-08-22,-0.03619098258166831,-0.03619098258166822,1.0
2026-08-23,0.016320378402923774,0.016320378402923795,1.0
2026-08-24,0.007311983305241299,0.007311983305241131,1.0
2026-08-25,-0.015581991821224994,-0.01558199182122489,1.0
2026-08-26,0.025827853018747238,0.02582785301874721,1.0
2026-08-27,0.0016555218887852607,0.0016555218887853787,1.0
2026-08-28,-0.02703712276224779,-0.027037122762247855,1.0
2026-08-29,0.006202729996830358,0.006202729996830558,1.0
2026-08-30,-0.0161727552163905,-0.01617275521639061,1.0
2026-08-31,0.020216224413934114,0.02021622441393399,1.0
2026-09-01,-0.01985481927329269,-0.0198548192732927,1.0
2026-09-02,-0.01089445216283047,-0.010894452162830463,1.0
2026-09-03,0.04872244524779923,0.04872244524779934,1.0
2026-09-04,-0.02071060493126886,-0.020710604931268854,1.0
2026-09-05,0.01003936741756739,0.010039367417567458,1.0
2026-09-06,0.013630325005390631,0.013630325005390692,1.0
2026-09-07,-0.009381730849144287,-0.009381730849144301,1.0
2026-09-08,-0.0024153765513629244,-0.002415376551363002,1.0
2026-09-09,0.014844885992973289,0.01484488599297339,1.0
