Date,MGK_BnH,MGK_Strategy,MGK_Position
2018-01-02,,0.0,0.0
2018-01-03,0.009053319244989533,0.0,0.0
2018-01-04,0.0024629758584251427,0.0,0.0
2018-01-05,0.008861594047746113,0.0,0.0
2018-01-08,0.0029572903957038044,0.0,0.0
2018-01-09,0.002948046627640588,0.0,0.0
2018-01-10,-0.001728955564901602,0.0,0.0
2018-01-11,0.007015374545533248,0.0,0.0
2018-01-12,0.006020374947964369,0.0,0.0
2018-01-16,-0.00273581215565033,0.0,0.0
2018-01-17,0.010629998622081915,0.0,0.0
2018-01-18,-0.000933125892291442,0.0,0.0
2018-01-19,0.005518733689996225,0.0,0.0
2018-01-22,0.008528471693450612,0.0,0.0
2018-01-23,0.005776778616433331,0.0,0.0
2018-01-24,-0.003495990815070238,0.0,0.0
2018-01-25,-0.001085766464807958,0.0,0.0
2018-01-26,0.01262739577153682,0.0,0.0
2018-01-29,-0.007267564076898658,0.0,0.0
2018-01-30,-0.008817981030612931,0.0,0.0
2018-01-31,0.003105251440166157,0.0,0.0
2018-02-01,-0.005019774742527239,0.0,0.0
2018-02-02,-0.02018175503559383,0.0,0.0
2018-02-05,-0.03836243082519353,0.0,0.0
2018-02-06,0.0217760516012222,0.0,0.0
2018-02-07,-0.007337034470752957,0.0,0.0
2018-02-08,-0.040035063068862176,0.0,0.0
2018-02-09,0.014940432123267566,0.0,0.0
2018-02-12,0.01643630165704546,0.0,0.0
2018-02-13,0.002576598898402116,0.0,0.0
2018-02-14,0.01488819550925613,0.0,0.0
2018-02-15,0.015718051747076967,0.0,0.0
2018-02-16,-0.000859745768068132,0.0,0.0
2018-02-20,-0.0036140393809495075,0.0,0.0
2018-02-21,-0.0034540788238947018,0.0,0.0
2018-02-22,0.0018197726872470898,0.0,0.0
2018-02-23,0.017040050608802204,0.0,0.0
2018-02-26,0.011736580512471173,0.0,0.0
2018-02-27,-0.014542678030531664,-0.0009992504996876232,1.0
2018-02-28,-0.009041963072715986,-0.010032673370133784,0.0
2018-03-01,-0.014375687416878224,0.0,0.0
2018-03-02,0.004978183614741116,0.0,0.0
2018-03-05,0.011731952365719556,0.0,0.0
2018-03-06,0.003521930903613635,0.0,0.0
2018-03-07,0.0009415058663091447,0.0,0.0
2018-03-08,0.006926761404461024,-0.0009992504996877035,1.0
2018-03-09,0.017494564834834136,0.017494564834834275,1.0
2018-03-12,0.0010017263956292322,0.0010017263956291866,1.0
2018-03-13,-0.006754067871034386,-0.0067540678710343765,1.0
2018-03-14,-0.0031064557346333066,-0.003106455734633157,1.0
2018-03-15,-0.0011786750227246179,-0.002177246642370519,0.0
2018-03-16,-0.0013488651226578607,0.0,0.0
2018-03-19,-0.017222492314279636,0.0,0.0
2018-03-20,0.0045528707370041666,0.0,0.0
2018-03-21,-0.0037626533104674342,0.0,0.0
2018-03-22,-0.026771648914655,0.0,0.0
2018-03-23,-0.020949523667742387,0.0,0.0
2018-03-26,0.027446921936852053,0.0,0.0
2018-03-27,-0.024604356657429993,0.0,0.0
2018-03-28,-0.005766084526871995,0.0,0.0
2018-03-29,0.017035177302407334,0.0,0.0
2018-04-02,-0.024768345407988668,0.0,0.0
2018-04-03,0.012058877315180405,0.0,0.0
2018-04-04,0.011916100550749764,0.0,0.0
2018-04-05,0.008117440462690917,0.0,0.0
2018-04-06,-0.022918123644815824,0.0,0.0
2018-04-09,0.0038939159974169524,0.0,0.0
2018-04-10,0.018042532407137157,0.0,0.0
2018-04-11,-0.003810425117248162,0.0,0.0
2018-04-12,0.006849460167468013,0.0,0.0
2018-04-13,-0.001590365266436744,0.0,0.0
2018-04-16,0.006725136968913414,0.0,0.0
2018-04-17,0.01617313929935338,0.0,0.0
2018-04-18,0.0017299576372027392,0.0,0.0
2018-04-19,-0.009930316415656004,0.0,0.0
2018-04-20,-0.011773769881486706,0.0,0.0
2018-04-23,-0.0022948697949392027,0.0,0.0
2018-04-24,-0.020521337326882216,0.0,0.0
2018-04-25,0.002889482031305901,-0.000999250499687631,1.0
2018-04-26,0.019540741405664308,0.019540741405664395,1.0
2018-04-27,-0.0010599035436298365,-0.0010599035436297932,1.0
2018-04-30,-0.003536523507832623,-0.003536523507832507,1.0
2018-05-01,0.007186956909020159,0.007186956909020021,1.0
2018-05-02,-0.0033474915414156703,-0.003347491541415794,1.0
2018-05-03,-0.00026531989211686646,-0.0002653198921168054,1.0
2018-05-04,0.016003648472548537,0.016003648472548586,1.0
2018-05-07,0.005482698926231988,0.005482698926232006,1.0
2018-05-08,-0.0004327731750208841,-0.0004327731750210243,1.0
2018-05-09,0.010823317640253682,0.01082331764025364,1.0
2018-05-10,0.009079862922337867,0.00907986292233801,1.0
2018-05-11,0.0009339886921599927,0.0009339886921598609,1.0
2018-05-14,0.0003391913728805207,0.0003391913728805051,1.0
2018-05-15,-0.009919431878408935,-0.009919431878408895,1.0
2018-05-16,0.005137876992982848,0.005137876992982823,1.0
2018-05-17,-0.0010219975163182626,-0.0010219975163183919,1.0
2018-05-18,-0.0011090822023414049,-0.001109082202341329,1.0
2018-05-21,0.00674492796344861,0.006744927963448641,1.0
2018-05-22,-0.004663996429078443,-0.004663996429078397,1.0
2018-05-23,0.006815550098008938,0.006815550098008871,1.0
2018-05-24,-0.0003383600938836606,-0.00033836009388362034,1.0
2018-05-25,-0.0011855543557575121,-0.0011855543557574345,1.0
2018-05-29,-0.007796626480987334,-0.007796626480987377,1.0
2018-05-30,0.010591750407010325,0.010591750407010266,1.0
2018-05-31,-0.003127252126474578,-0.0031272521264745046,1.0
2018-06-01,0.011870210354189226,0.011870210354189196,1.0
2018-06-04,0.007625486965664008,0.007625486965663998,1.0
2018-06-05,0.0024947656634206616,0.002494765663420538,1.0
2018-06-06,0.007963400019122213,0.007963400019122161,1.0
2018-06-07,-0.004361628912635251,-0.00436162891263526,1.0
2018-06-08,0.00214887890916593,0.0021488789091659815,1.0
2018-06-11,0.002639663984898011,0.0026396639848980056,1.0
2018-06-12,0.003701490119054185,0.00370149011905414,1.0
2018-06-13,-0.003770035028587637,-0.0037700350285876957,1.0
2018-06-14,0.008062650679702799,0.008062650679702825,1.0
2018-06-15,-0.0009793704014614546,-0.000979370401461505,1.0
2018-06-18,-0.0009805767810910915,-0.0009805767810909952,1.0
2018-06-19,-0.00572374201713588,-0.005723742017135975,1.0
2018-06-20,0.004029750400929677,0.004029750400929646,1.0
2018-06-21,-0.007044831305898169,-0.0070448313058981546,1.0
2018-06-22,-8.206791924414425e-05,-8.206791924422104e-05,1.0
2018-06-25,-0.019140306954235298,-0.019140306954235266,1.0
2018-06-26,0.004962592915495945,0.003957881563228602,0.0
2018-06-27,-0.010462127552422262,0.0,0.0
2018-06-28,0.008811509859987243,0.0,0.0
2018-06-29,0.0010940824093605972,0.0,0.0
2018-07-02,0.004454611580441581,-0.0009992504996876362,1.0
2018-07-03,-0.00811723349306226,-0.009108868288877348,0.0
2018-07-05,0.009955362840897486,0.0,0.0
2018-07-06,0.011527912133940887,0.0,0.0
2018-07-09,0.009001467501150051,0.0,0.0
2018-07-10,0.002455319607843842,-0.0009992504996876232,1.0
2018-07-11,-0.005225191112392946,-0.005225191112392943,1.0
2018-07-12,0.011572582152834299,0.011572582152834243,1.0
2018-07-13,0.00162269600522702,0.0016226960052271853,1.0
2018-07-16,-0.0023491987176367246,-0.0023491987176367957,1.0
2018-07-17,0.005927108146310589,0.005927108146310502,1.0
2018-07-18,-0.00024212685653146604,-0.00024212685653156478,1.0
2018-07-19,-0.0033100031744407454,-0.00331000317444066,1.0
2018-07-20,-0.0011344119614564718,-0.0011344119614564929,1.0
2018-07-23,0.00032446260475094135,0.00032446260475103264,1.0
2018-07-24,0.005918141974529556,0.005918141974529528,1.0
2018-07-25,0.01160566480709746,0.011605664807097448,1.0
2018-07-26,-0.012189306727247162,-0.012189306727247213,1.0
2018-07-27,-0.009597801750030666,-0.009597801750030617,1.0
2018-07-30,-0.011726310054625322,-0.011726310054625343,1.0
2018-07-31,0.00585059374678254,0.005850593746782436,1.0
2018-08-01,0.0035225006227492806,0.003522500622749178,1.0
2018-08-02,0.008571169592311412,0.008571169592311315,1.0
2018-08-03,0.00259009118521325,0.0025900911852133495,1.0
2018-08-06,0.004924795587600395,0.0049247955876004015,1.0
2018-08-07,0.0030529392503215735,0.003052939250321479,1.0
2018-08-08,8.002845099630562e-05,8.002845099632512e-05,1.0
2018-08-09,-0.0010411686169568002,-0.002039877708631931,0.0
2018-08-10,-0.006734235640696751,0.0,0.0
2018-08-13,-0.0016142640952545584,0.0,0.0
2018-08-14,0.005982418193298589,0.0,0.0
2018-08-15,-0.009081060848780131,0.0,0.0
2018-08-16,0.005190427313840118,0.0,0.0
2018-08-17,0.0004841808018676286,0.0,0.0
2018-08-20,0.001370697274519106,0.0,0.0
2018-08-21,0.003060234575788856,0.0,0.0
2018-08-22,0.002167419752055366,0.0,0.0
2018-08-23,-0.0012011970583184484,0.0,0.0
2018-08-24,0.007779588289565931,0.0,0.0
2018-08-27,0.008436297234391654,-0.000999250499687493,1.0
2018-08-28,0.00047363427942714864,0.0004736342794271811,1.0
2018-08-29,0.009860103142419252,0.009860103142419188,1.0
2018-08-30,-0.002812257306136212,-0.0028122573061362807,1.0
2018-08-31,0.0011754314359635476,0.0011754314359636686,1.0
2018-09-04,-0.002112540509552563,-0.0021125405095525785,1.0
2018-09-05,-0.008781673940308155,-0.008781673940308288,1.0
2018-09-06,-0.005458259615254368,-0.00545825961525438,1.0
2018-09-07,-0.0015108958020222385,-0.0015108958020221802,1.0
2018-09-10,0.0011948818668421346,0.001194881866842152,1.0
2018-09-11,0.006524018079477667,0.0065240180794777615,1.0
2018-09-12,-0.0007904801121993987,-0.0007904801121994296,1.0
2018-09-13,0.007119394748875019,0.007119394748875102,1.0
2018-09-14,-0.0014138134536968439,-0.0014138134536969358,1.0
2018-09-17,-0.010933523631322939,-0.010933523631322925,1.0
2018-09-18,0.006998314203190414,0.006998314203190551,1.0
2018-09-19,0.0007111147801566187,0.0007111147801565034,1.0
2018-09-20,0.008286703456424016,0.008286703456423997,1.0
2018-09-21,-0.0030528506399387645,-0.0030528506399386973,1.0
2018-09-24,0.00023574727326325373,0.0002357472732631519,1.0
2018-09-25,0.0030613987513132823,0.0030613987513134428,1.0
2018-09-26,-0.0003135576547673713,-0.000313557654767499,1.0
2018-09-27,0.0068889109905863055,0.0068889109905863515,1.0
2018-09-28,-0.00046812128311002343,-0.00046812128310996803,1.0
2018-10-01,0.0041353206629595185,0.004135320662959567,1.0
2018-10-02,-0.0023311281534174055,-0.0023311281534173665,1.0
2018-10-03,0.0,0.0,1.0
2018-10-04,-0.014641800827852491,-0.01464180082785249,1.0
2018-10-05,-0.009405579493607208,-0.009405579493607234,1.0
2018-10-08,-0.0037499947238696096,-0.00474599566664425,0.0
2018-10-09,0.0012011705697383412,0.0,0.0
2018-10-10,-0.03983691152294422,0.0,0.0
2018-10-11,-0.017412338542768024,0.0,0.0
2018-10-12,0.023232505314755292,0.0,0.0
2018-10-15,-0.009695237132670509,0.0,0.0
2018-10-16,0.024767700756765487,0.0,0.0
2018-10-17,-0.001224611679271348,0.0,0.0
2018-10-18,-0.019539230807770758,0.0,0.0
2018-10-19,-0.0014174984996504492,0.0,0.0
2018-10-22,-0.0001667708324565309,0.0,0.0
2018-10-23,-0.004175384487142053,0.0,0.0
2018-10-24,-0.03622971252451568,0.0,0.0
2018-10-25,0.026888126601639195,0.0,0.0
2018-10-26,-0.02389629045466135,0.0,0.0
2018-10-29,-0.01710233848301712,0.0,0.0
2018-10-30,0.01554516192506017,0.0,0.0
2018-10-31,0.017046331015690308,0.0,0.0
2018-11-01,0.013767701049473224,0.0,0.0
2018-11-02,-0.01239930980795767,0.0,0.0
2018-11-05,-0.0009399826291619506,0.0,0.0
2018-11-06,0.00760902529213725,0.0,0.0
2018-11-07,0.027659968354055264,0.0,0.0
2018-11-08,-0.003219840918168848,0.0,0.0
2018-11-09,-0.011844881263068152,0.0,0.0
2018-11-12,-0.027577602086674147,0.0,0.0
2018-11-13,-0.0019825690853442213,0.0,0.0
2018-11-14,-0.0066505714991393905,0.0,0.0
2018-11-15,0.011564393830911568,0.0,0.0
2018-11-16,-0.001977030956612169,0.0,0.0
2018-11-19,-0.029024523550527537,0.0,0.0
2018-11-20,-0.017385113173485234,0.0,0.0
2018-11-21,0.005145595299244965,0.0,0.0
2018-11-23,-0.008890792810240855,0.0,0.0
2018-11-26,0.01730709364733074,0.0,0.0
2018-11-27,0.0030281564047538456,0.0,0.0
2018-11-28,0.030991851825523886,0.0,0.0
2018-11-29,-0.0007751155580719704,0.0,0.0
2018-11-30,0.007499226950343552,0.0,0.0
2018-12-03,0.01762533774667041,0.0,0.0
2018-12-04,-0.03632118285864672,-0.0009992504996875645,1.0
2018-12-06,0.0034026104851327954,0.002399458725300448,0.0
2018-12-07,-0.02686717679414652,0.0,0.0
2018-12-10,0.005450266341925358,0.0,0.0
2018-12-11,0.0009773691022574305,0.0,0.0
2018-12-12,0.007723681084624179,0.0,0.0
2018-12-13,8.837242266879208e-05,0.0,0.0
2018-12-14,-0.02184628232485275,0.0,0.0
2018-12-17,-0.021884488316533446,-0.0009992504996877362,1.0
2018-12-18,0.004695901374491829,0.0036914566470925693,0.0
2018-12-19,-0.019336287338433622,0.0,0.0
2018-12-20,-0.018409291278476014,0.0,0.0
2018-12-21,-0.02913203860984781,0.0,0.0
2018-12-24,-0.02303995962871097,0.0,0.0
2018-12-26,0.05817952527204873,0.0,0.0
2018-12-27,0.008166537956522113,0.0,0.0
2018-12-28,-0.0014132172483686256,0.0,0.0
2018-12-31,0.009338045269836837,0.0,0.0
2019-01-02,0.000934500984393738,0.0,0.0
2019-01-03,-0.031276461922152166,0.0,0.0
2019-01-04,0.04038146533106901,0.0,0.0
2019-01-07,0.009264008922648781,0.0,0.0
2019-01-08,0.011748344693272461,0.0,0.0
2019-01-09,0.006531859775579907,0.0,0.0
2019-01-10,0.004596529225491475,0.0,0.0
2019-01-11,-0.0027812042403256854,0.0,0.0
2019-01-14,-0.007287160536041615,0.0,0.0
2019-01-15,0.014591037732993417,0.0,0.0
2019-01-16,0.0006254632195030752,0.0,0.0
2019-01-17,0.007587734627944043,-0.0009992504996876046,1.0
2019-01-18,0.011960776814051055,0.011960776814051078,1.0
2019-01-22,-0.016634634403610682,-0.016634634403610717,1.0
2019-01-23,0.00035586244092522534,0.0003558624409251594,1.0
2019-01-24,0.002225101551980746,0.002225101551980929,1.0
2019-01-25,0.011988482359030384,0.011988482359030458,1.0
2019-01-28,-0.01026685727483967,-0.010266857274839794,1.0
2019-01-29,-0.005585566488863991,-0.005585566488864037,1.0
2019-01-30,0.023716167619638906,0.023716167619638965,1.0
2019-01-31,0.014370367939041673,0.014370367939041706,1.0
2019-02-01,-0.0024900206140630043,-0.0024900206140629935,1.0
2019-02-04,0.010500961018362842,0.010500961018362757,1.0
2019-02-05,0.00792145600702776,0.007921456007027717,1.0
2019-02-06,-0.004140664811654204,-0.004140664811654232,1.0
2019-02-07,-0.010777511009378737,-0.010777511009378607,1.0
2019-02-08,0.0023162270431074106,0.002316227043107502,1.0
2019-02-11,0.00042785439638737266,0.00042785439638740345,1.0
2019-02-12,0.01351736794600189,0.013517367946001784,1.0
2019-02-13,0.0031228458217009702,0.003122845821700978,1.0
2019-02-14,0.0,0.0,1.0
2019-02-15,0.006563341632872088,0.006563341632871968,1.0
2019-02-19,0.0010871186895564655,0.0010871186895565228,1.0
2019-02-20,0.0008349975975814328,0.0008349975975814169,1.0
2019-02-21,-0.004505840772218828,-0.0045058407722187626,1.0
2019-02-22,0.008046259789057597,0.008046259789057595,1.0
2019-02-25,0.0014965640702762073,0.0014965640702763073,1.0
2019-02-26,0.0005812424085454015,0.0005812424085453503,1.0
2019-02-27,0.0008299112180303325,0.0008299112180302984,1.0
2019-02-28,-0.0016581980996641654,-0.001658198099664159,1.0
2019-03-01,0.008885568989794868,0.008885568989794855,1.0
2019-03-04,-0.002469444613363403,-0.0024694446133634467,1.0
2019-03-05,-0.00032989887488854563,-0.0003298988748885609,1.0
2019-03-06,-0.0056130120160675645,-0.0056130120160674995,1.0
2019-03-07,-0.010708162897949847,-0.010708162897949746,1.0
2019-03-08,-0.0018457979068798869,-0.0018457979068799242,1.0
2019-03-11,0.01714878523152108,0.01714878523152103,1.0
2019-03-12,0.003801359010153549,0.0038013590101536113,1.0
2019-03-13,0.006669090944910305,0.006669090944910294,1.0
2019-03-14,0.00016341088419236094,0.0001634108841922728,1.0
2019-03-15,0.006459953060473644,0.00645995306047359,1.0
2019-03-18,0.0011375636259596256,0.00113756362595957,1.0
2019-03-19,0.0019475117703131595,0.0019475117703132451,1.0
2019-03-20,0.00372610134801854,0.003726101348018536,1.0
2019-03-21,0.013799117165454788,0.013799117165454854,1.0
2019-03-22,-0.021650694103741097,-0.021650694103741056,1.0
2019-03-25,0.00023605271194959698,0.0002360527119495215,1.0
2019-03-26,0.00545372046033199,0.00545372046033209,1.0
2019-03-27,-0.005343399328580523,-0.005343399328580571,1.0
2019-03-28,0.004476848464757266,0.00447684846475731,1.0
2019-03-29,0.007617095936964802,0.007617095936964927,1.0
2019-04-01,0.011258430162103483,0.011258430162103428,1.0
2019-04-02,0.002783212842852878,0.002783212842852779,1.0
2019-04-03,0.002934374074860413,0.002934374074860387,1.0
2019-04-04,0.0004744756445420606,0.00047447564454198546,1.0
2019-04-05,0.004504554160318808,0.004504554160318917,1.0
2019-04-08,0.0014949937462982454,0.0014949937462981886,1.0
2019-04-09,-0.004084980365232083,-0.004084980365231961,1.0
2019-04-10,0.004338530154332831,0.004338530154332739,1.0
2019-04-11,-0.0004715427547096196,-0.00047154275470959466,1.0
2019-04-12,0.007229140340599516,0.007229140340599522,1.0
2019-04-15,0.0,0.0,1.0
2019-04-16,-0.000623832015236192,-0.000623832015236199,1.0
2019-04-17,-0.0012491428232774826,-0.0012491428232774427,1.0
2019-04-18,0.0025014102652358705,0.0025014102652357773,1.0
2019-04-22,0.0022608146638436466,0.002260814663843531,1.0
2019-04-23,0.011046376584028517,0.01104637658402834,1.0
2019-04-24,-0.0022311463305745294,-0.0022311463305744713,1.0
2019-04-25,0.0037013857955228158,0.003701385795522843,1.0
2019-04-26,0.0036108093577162936,0.0036108093577163825,1.0
2019-04-29,0.0012247210609692694,0.0012247210609693973,1.0
2019-04-30,-0.004434316515223857,-0.004434316515223807,1.0
2019-05-01,-0.006374583445012738,-0.006374583445012762,1.0
2019-05-02,-0.003091538477591138,-0.003091538477591165,1.0
2019-05-03,0.012327644859270181,0.01232764485927017,1.0
2019-05-06,-0.00428902684414989,-0.004289026844149953,1.0
2019-05-07,-0.018306461321721756,-0.018306461321721725,1.0
2019-05-08,-0.0009400926119633723,-0.0019389027543746115,0.0
2019-05-09,-0.003607639300453047,0.0,0.0
2019-05-10,0.002991242704704522,0.0,0.0
2019-05-13,-0.029506730454240238,0.0,0.0
2019-05-14,0.010188860552931445,0.0,0.0
2019-05-15,0.011206001032581847,0.0,0.0
2019-05-16,0.009973770419920092,0.0,0.0
2019-05-17,-0.007288762688356654,-0.0009992504996874762,1.0
2019-05-20,-0.012079682009470072,-0.012079682009470093,1.0
2019-05-21,0.009190324497454716,0.008181386470538307,0.0
2019-05-22,-0.0019797333935887007,0.0,0.0
2019-05-23,-0.01340941225687653,0.0,0.0
2019-05-24,0.0002414220455586591,0.0,0.0
2019-05-28,-0.0043420646191627554,0.0,0.0
2019-05-29,-0.008237087547225075,0.0,0.0
2019-05-30,0.004804306117233814,0.0,0.0
2019-05-31,-0.014343763147541266,0.0,0.0
2019-06-03,-0.01767621807978248,0.0,0.0
2019-06-04,0.02402034752630322,0.0,0.0
2019-06-05,0.010707075082907913,0.0,0.0
2019-06-06,0.006954659721110978,0.0,0.0
2019-06-07,0.017105864187628272,0.0,0.0
2019-06-10,0.005921611103642199,0.0,0.0
2019-06-11,0.0003139820058202236,-0.0009992504996875142,1.0
2019-06-12,-0.002589636201652201,-0.0025896362016522016,1.0
2019-06-13,0.004327083493523842,0.004327083493523886,1.0
2019-06-14,-0.0021151987680447792,-0.002115198768044832,1.0
2019-06-17,0.005416479292370324,0.0054164792923703875,1.0
2019-06-18,0.0108527742019493,0.010852774201949422,1.0
2019-06-19,0.003089619908264174,0.0030896199082640226,1.0
2019-06-20,0.010394946758319534,0.01039494675831956,1.0
2019-06-21,-0.001600437088867257,-0.0016004370888673398,1.0
2019-06-24,-0.002442565601126323,-0.002442565601126266,1.0
2019-06-25,-0.01507374188484023,-0.015073741884840237,1.0
2019-06-26,0.001398391064662663,0.0013983910646626519,1.0
2019-06-27,0.003790255230460282,0.003790255230460321,1.0
2019-06-28,0.003954276264802159,0.003954276264802076,1.0
2019-07-01,0.01019480519978555,0.010194805199785474,1.0
2019-07-02,0.004434058170725175,0.004434058170725094,1.0
2019-07-03,0.008296753832608417,0.008296753832608564,1.0
2019-07-05,-0.0020380984295015336,-0.0020380984295015206,1.0
2019-07-08,-0.005597643907006233,-0.005597643907006212,1.0
2019-07-09,0.004716154803734218,0.00471615480373423,1.0
2019-07-10,0.007949927075856955,0.007949927075856953,1.0
2019-07-11,0.002403501693327037,0.0024035016933269503,1.0
2019-07-12,0.004346157240641135,0.004346157240641148,1.0
2019-07-15,0.0009700305605564452,0.000970030560556438,1.0
2019-07-16,-0.0038760659662547825,-0.003876065966254787,1.0
2019-07-17,-0.005163254493316227,-0.005163254493316169,1.0
2019-07-18,0.0015797304501354859,0.001579730450135407,1.0
2019-07-19,-0.0063833090857130514,-0.006383309085713109,1.0
2019-07-22,0.006500124631444004,0.006500124631444133,1.0
2019-07-23,0.0056315914989881755,0.00563159149898804,1.0
2019-07-24,0.006123212465624972,0.006123212465624947,1.0
2019-07-25,-0.006085946919581753,-0.006085946919581831,1.0
2019-07-26,0.009259492021188809,0.009259492021188859,1.0
2019-07-29,-0.003773473169862207,-0.0037734731698621385,1.0
2019-07-30,-0.00304471264846784,-0.003044712648467871,1.0
2019-07-31,-0.012664274334439618,-0.012664274334439611,1.0
2019-08-01,-0.004602275617896945,-0.004602275617896916,1.0
2019-08-02,-0.01008098070179364,-0.010080980701793611,1.0
2019-08-05,-0.033231311379413264,-0.034197838375861635,0.0
2019-08-06,0.015602722748817577,0.0,0.0
2019-08-07,0.0031973824925535244,0.0,0.0
2019-08-08,0.023320708648779886,0.0,0.0
2019-08-09,-0.00797612338073872,0.0,0.0
2019-08-12,-0.012558247731212058,0.0,0.0
2019-08-13,0.018534239008094033,0.0,0.0
2019-08-14,-0.029389350522815327,0.0,0.0
2019-08-15,0.00486355171783881,0.0,0.0
2019-08-16,0.014051562916203242,0.0,0.0
2019-08-19,0.013933530898114554,0.0,0.0
2019-08-20,-0.00485898105107474,-0.000999250499687647,1.0
2019-08-21,0.009765942420830953,0.00976594242083078,1.0
2019-08-22,-0.0014357731798020357,-0.0014357731798019372,1.0
2019-08-23,-0.027844906504488676,-0.027844906504488683,1.0
2019-08-26,0.013153661873047007,0.013153661873047033,1.0
2019-08-27,-0.0020741099701696575,-0.0020741099701696995,1.0
2019-08-28,0.004464931435887776,0.0044649314358879005,1.0
2019-08-29,0.014714809519866368,0.014714809519866347,1.0
2019-08-30,-0.0024923595592253323,-0.002492359559225458,1.0
2019-09-03,-0.008253329901526496,-0.008253329901526538,1.0
2019-09-04,0.013055301036328126,0.013055301036328182,1.0
2019-09-05,0.015751021625791006,0.015751021625790965,1.0
2019-09-06,-0.0010387559567474058,-0.0010387559567474648,1.0
2019-09-09,-0.006684439322709568,-0.006684439322709524,1.0
2019-09-10,-0.005084471777855093,-0.005084471777855045,1.0
2019-09-11,0.006162639130877778,0.0061626391308776205,1.0
2019-09-12,0.006797154326297683,0.006797154326297714,1.0
2019-09-13,-0.004006332566419357,-0.004006332566419252,1.0
2019-09-16,-0.003500871463788413,-0.0035008714637884343,1.0
2019-09-17,0.005157702960818966,0.005157702960818774,1.0
2019-09-18,0.0016360938521451374,0.0016360938521451042,1.0
2019-09-19,0.0013366568993660177,0.0013366568993659956,1.0
2019-09-20,-0.008897530982644897,-0.008897530982644895,1.0
2019-09-23,-0.0003742134330066982,-0.0003742134330067002,1.0
2019-09-24,-0.010926410882457605,-0.010926410882457577,1.0
2019-09-25,0.009079829779866877,0.009079829779866974,1.0
2019-09-26,-0.000899693685650016,-0.001898544216887812,0.0
2019-09-27,-0.011333141486210008,0.0,0.0
2019-09-30,0.007060073003315459,0.0,0.0
2019-10-01,-0.010182409319350105,0.0,0.0
2019-10-02,-0.01748904481495417,-0.0009992504996876699,1.0
2019-10-03,0.011659533792611532,0.010648127173702405,0.0
2019-10-04,0.01406077839693709,0.0,0.0
2019-10-07,-0.0032581440846560783,-0.0009992504996875833,1.0
2019-10-08,-0.014823055798347862,-0.014823055798347824,1.0
2019-10-09,0.011342463685105164,0.011342463685105204,1.0
2019-10-10,0.005874747358135313,0.005874747358135484,1.0
2019-10-11,0.010770585911671349,0.010770585911671222,1.0
2019-10-14,-0.0005250883903744619,-0.0005250883903744536,1.0
2019-10-15,0.010586022782934634,0.010586022782934584,1.0
2019-10-16,-0.002748803624459617,-0.0027488036244596448,1.0
2019-10-17,0.0018625966295315877,0.0018625966295316126,1.0
2019-10-18,-0.008923282655791787,-0.008923282655791872,1.0
2019-10-21,0.006977887036305308,0.006977887036305329,1.0
2019-10-22,-0.011698098004857438,-0.011698098004857488,1.0
2019-10-23,0.0036188865682282856,0.003618886568228359,1.0
2019-10-24,0.00841329836303828,0.008413298363038196,1.0
2019-10-25,0.004320530101483255,0.004320530101483174,1.0
2019-10-28,0.008307360665746444,0.00830736066574646,1.0
2019-10-29,-0.004928605984041656,-0.0049286059840417005,1.0
2019-10-30,0.005544609368514308,0.005544609368514253,1.0
2019-10-31,-0.0019114713910503012,-0.0019114713910503298,1.0
2019-11-01,0.008691730984007329,0.008691730984007365,1.0
2019-11-04,0.0015335114113756987,0.0015335114113757616,1.0
2019-11-05,-0.0025519870609981288,-0.002551987060998196,1.0
2019-11-06,-0.00014608097605839365,-0.00014608097605829797,1.0
2019-11-07,0.0032898361583402203,0.003289836158340195,1.0
2019-11-08,0.0023319202538838457,0.002331920253883727,1.0
2019-11-11,-0.0002908568780416454,-0.00029085687804157796,1.0
2019-11-12,0.003926990102876005,0.003926990102875924,1.0
2019-11-13,0.0013039003024499785,0.0013039003024500678,1.0
2019-11-14,0.0035448245032116965,0.0035448245032116033,1.0
2019-11-15,0.007497140412849879,0.007497140412849882,1.0
2019-11-18,0.0010730408961507898,0.00107304089615074,1.0
2019-11-19,0.0011436615260174143,0.0011436615260173011,1.0
2019-11-20,-0.0037837418229492714,-0.003783741822949202,1.0
2019-11-21,-0.003654829395757342,-0.0036548293957573688,1.0
2019-11-22,0.0005035099321946124,0.0005035099321945742,1.0
2019-11-25,0.00948968548353002,0.009489685483529962,1.0
2019-11-26,0.003774309826837685,0.0037743098268376747,1.0
2019-11-27,0.006881664375097074,0.006881664375096958,1.0
2019-11-29,-0.003382042872795976,-0.003382042872795858,1.0
2019-12-02,-0.012160842299239416,-0.012160842299239421,1.0
2019-12-03,-0.005653932042106957,-0.005653932042106976,1.0
2019-12-04,0.004894668297818816,0.004894668297818779,1.0
2019-12-05,0.0012173344107426765,0.0012173344107427146,1.0
2019-12-06,0.009872989203536742,0.009872989203536782,1.0
2019-12-09,-0.0031880376051498516,-0.0031880376051498438,1.0
2019-12-10,-0.0014924246044416556,-0.0014924246044416846,1.0
2019-12-11,0.004128098849391693,0.004128098849391722,1.0
2019-12-12,0.00439463681353458,0.004394636813534488,1.0
2019-12-13,0.005151909307275382,0.005151909307275403,1.0
2019-12-16,0.0074419533410188254,0.007441953341019066,1.0
2019-12-17,-0.0004176725741018572,-0.00041767257410193294,1.0
2019-12-18,0.0011151104543452028,0.001115110454345122,1.0
2019-12-19,0.006755486479302908,0.006755486479302821,1.0
2019-12-20,0.0038736467890663207,0.003873646789066433,1.0
2019-12-23,0.002205205133004595,0.002205205133004507,1.0
2019-12-24,0.00013781143324220757,0.00013781143324219217,1.0
2019-12-26,0.00895957241860934,0.008959572418609467,1.0
2019-12-27,6.814947325173293e-05,6.814947325176658e-05,1.0
2019-12-30,-0.006761856221967011,-0.0067618562219669085,1.0
2019-12-31,0.001650753738463795,0.001650753738463677,1.0
2020-01-02,0.014691442210498007,0.014691442210498028,1.0
2020-01-03,-0.00669812974620454,-0.006698129746204449,1.0
2020-01-06,0.006947780255632807,0.006947780255632652,1.0
2020-01-07,-0.0012178981987855941,-0.0012178981987855497,1.0
2020-01-08,0.0086016498404351,0.008601649840435002,1.0
2020-01-09,0.00987087100712225,0.009870871007122285,1.0
2020-01-10,-0.002460281198265246,-0.002460281198265059,1.0
2020-01-13,0.0109986159051072,0.010998615905107097,1.0
2020-01-14,-0.005011119683696386,-0.005011119683696353,1.0
2020-01-15,0.0027833500928262644,0.00278335009282629,1.0
2020-01-16,0.009845924474368717,0.009845924474368729,1.0
2020-01-17,0.005693178315128167,0.005693178315128169,1.0
2020-01-21,0.0006506476524750227,0.0006506476524751246,1.0
2020-01-22,0.0002598842904699694,0.00025988429046996307,1.0
2020-01-23,0.002535428931733863,0.0025354289317336878,1.0
2020-01-24,-0.008494365486642397,-0.008494365486642324,1.0
2020-01-27,-0.01811538729388551,-0.018115387293885572,1.0
2020-01-28,0.014320117939594201,0.014320117939594213,1.0
2020-01-29,0.004005612644744749,0.0040056126447448655,1.0
2020-01-30,0.002746865287051259,0.002746865287051193,1.0
2020-01-31,-0.01676237854432039,-0.01676237854432043,1.0
2020-02-03,0.013333446040983299,0.013333446040983292,1.0
2020-02-04,0.020489519049774252,0.02048951904977409,1.0
2020-02-05,0.0020527147332944917,0.0020527147332945793,1.0
2020-02-06,0.00704160199860282,0.007041601998602745,1.0
2020-02-07,-0.0032418619537992743,-0.0032418619537993216,1.0
2020-02-10,0.012755168736584777,0.01275516873658478,1.0
2020-02-11,-0.0010074250241265403,-0.0010074250241266704,1.0
2020-02-12,0.008572713262844811,0.008572713262844808,1.0
2020-02-13,0.000187564255266226,0.0001875642552662017,1.0
2020-02-14,0.004999088280271957,0.004999088280271904,1.0
2020-02-18,0.0006218237789246128,0.0006218237789245891,1.0
2020-02-19,0.007270092731908262,0.0072700927319084415,1.0
2020-02-20,-0.007341022564515631,-0.007341022564515625,1.0
2020-02-21,-0.01740111984359738,-0.01740111984359746,1.0
2020-02-24,-0.03725252389947942,-0.037252523899479334,1.0
2020-02-25,-0.028445704905249558,-0.029417016311770388,0.0
2020-02-26,0.0013523968724744595,0.0,0.0
2020-02-27,-0.04942939452663797,0.0,0.0
2020-02-28,0.003978196862325367,0.0,0.0
2020-03-02,0.048538919476230014,0.0,0.0
2020-03-03,-0.03029903072138651,0.0,0.0
2020-03-04,0.041335980745493384,0.0,0.0
2020-03-05,-0.03568553199714397,0.0,0.0
2020-03-06,-0.017879451182674977,0.0,0.0
2020-03-09,-0.07373714294317624,0.0,0.0
2020-03-10,0.05934356802939389,0.0,0.0
2020-03-11,-0.048108592268172656,0.0,0.0
2020-03-12,-0.09125953660422448,0.0,0.0
2020-03-13,0.09285899526606878,0.0,0.0
2020-03-16,-0.12551356496820398,0.0,0.0
2020-03-17,0.06210853810660888,0.0,0.0
2020-03-18,-0.04643732661900002,0.0,0.0
2020-03-19,0.015374365011719293,0.0,0.0
2020-03-20,-0.04381671685336308,0.0,0.0
2020-03-23,-0.013800695326088741,0.0,0.0
2020-03-24,0.09355970609301156,0.0,0.0
2020-03-25,0.002788871609808785,0.0,0.0
2020-03-26,0.05760774620402542,0.0,0.0
2020-03-27,-0.036442335322172226,0.0,0.0
2020-03-30,0.03532622916555006,0.0,0.0
2020-03-31,-0.01228069087100081,0.0,0.0
2020-04-01,-0.044853452420857254,0.0,0.0
2020-04-02,0.018042387445639685,0.0,0.0
2020-04-03,-0.012867328239392961,0.0,0.0
2020-04-06,0.075996364211524,0.0,0.0
2020-04-07,-0.0032762937400041547,-0.0009992504996874816,1.0
2020-04-08,0.026907217822691232,0.0269072178226912,1.0
2020-04-09,0.008188275996575234,0.00818827599657515,1.0
2020-04-13,0.001698053248156084,0.001698053248156333,1.0
2020-04-14,0.038475745927731175,0.03847574592773107,1.0
2020-04-15,-0.013911497529941586,-0.013911497529941549,1.0
2020-04-16,0.011516571526245745,0.011516571526245738,1.0
2020-04-17,0.017576362331279904,0.017576362331279984,1.0
2020-04-20,-0.01531457968989236,-0.015314579689892496,1.0
2020-04-21,-0.034443705861577634,-0.03444370586157753,1.0
2020-04-22,0.029788104355408906,0.02875857369807974,0.0
2020-04-23,-0.002642632405039702,-0.0009992504996874732,1.0
2020-04-24,0.015754771815239765,0.015754771815239803,1.0
2020-04-27,0.008671690382875408,0.008671690382875453,1.0
2020-04-28,-0.01565648140890974,-0.01565648140890982,1.0
2020-04-29,0.034012568290946676,0.03401256829094671,1.0
2020-04-30,0.003502168826109653,0.0035021688261096407,1.0
2020-05-01,-0.027440948017154687,-0.027440948017154746,1.0
2020-05-04,0.01020226127892121,0.0102022612789213,1.0
2020-05-05,0.012676811785679254,0.012676811785679407,1.0
2020-05-06,0.0019258649092788183,0.0019258649092787983,1.0
2020-05-07,0.014484881466271693,0.014484881466271634,1.0
2020-05-08,0.012450691716208384,0.012450691716208268,1.0
2020-05-11,0.006616874148663188,0.006616874148663288,1.0
2020-05-12,-0.0199852388152556,-0.019985238815255685,1.0
2020-05-13,-0.013346896128655139,-0.013346896128654953,1.0
2020-05-14,0.008651905873402477,0.00865190587340235,1.0
2020-05-15,0.009190686674238835,0.009190686674238812,1.0
2020-05-18,0.022800603795638308,0.022800603795638294,1.0
2020-05-19,-0.0040232195908035395,-0.004023219590803501,1.0
2020-05-20,0.01860821663666279,0.018608216636662928,1.0
2020-05-21,-0.008256456941116763,-0.008256456941116935,1.0
2020-05-22,0.003146452534957378,0.0031464525349574,1.0
2020-05-26,0.0011764763454913396,0.001176476345491496,1.0
2020-05-27,0.005939333873362429,0.005939333873362442,1.0
2020-05-28,0.001622413758600505,0.001622413758600627,1.0
2020-05-29,0.007773452632531708,0.007773452632531651,1.0
2020-06-01,0.006685056102558651,0.006685056102558605,1.0
2020-06-02,0.0072152969303229675,0.007215296930322932,1.0
2020-06-03,0.006783368422486058,0.006783368422486128,1.0
2020-06-04,-0.009760275279410813,-0.009760275279410754,1.0
2020-06-05,0.022574061584169414,0.02257406158416929,1.0
2020-06-08,0.007275934525780459,0.0072759345257805775,1.0
2020-06-09,0.004259555423616446,0.004259555423616454,1.0
2020-06-10,0.00952885682369864,0.009528856823698691,1.0
2020-06-11,-0.05206469809999448,-0.05206469809999444,1.0
2020-06-12,0.009892902948273719,0.00989290294827375,1.0
2020-06-15,0.009668629834722386,0.009668629834722185,1.0
2020-06-16,0.01921490827775374,0.01921490827775385,1.0
2020-06-17,0.002039983506179288,0.002039983506179496,1.0
2020-06-18,0.001542083969967134,0.0015420839699672342,1.0
2020-06-19,-0.004188532070476092,-0.0041885320704762065,1.0
2020-06-22,0.013545307268024276,0.013545307268024245,1.0
2020-06-23,0.008543826232138674,0.00854382623213891,1.0
2020-06-24,-0.02414243636800284,-0.024142436368002923,1.0
2020-06-25,0.010789899270079228,0.010789899270079315,1.0
2020-06-26,-0.02513513248865129,-0.025135132488651322,1.0
2020-06-29,0.011410133557204993,0.011410133557204884,1.0
2020-06-30,0.01913467740121111,0.019134677401211043,1.0
2020-07-01,0.012292976634658448,0.012292976634658458,1.0
2020-07-02,0.004772765950973534,0.004772765950973565,1.0
2020-07-06,0.02339031396991542,0.023390313969915345,1.0
2020-07-07,-0.008930896361589835,-0.00893089636158972,1.0
2020-07-08,0.013516772496953378,0.013516772496953362,1.0
2020-07-09,0.004796249711050304,0.004796249711050191,1.0
2020-07-10,0.0057636630201562955,0.005763663020156254,1.0
2020-07-13,-0.02008477084012439,-0.0200847708401245,1.0
2020-07-14,0.010336639373947909,0.010336639373948098,1.0
2020-07-15,0.005086175290942574,0.0050861752909425,1.0
2020-07-16,-0.00837586024969339,-0.008375860249693398,1.0
2020-07-17,0.0028155359522283874,0.002815535952228318,1.0
2020-07-20,0.025035332702716184,0.02503533270271622,1.0
2020-07-21,-0.007190293177174567,-0.007190293177174646,1.0
2020-07-22,0.00540314227524652,0.005403142275246627,1.0
2020-07-23,-0.02389682005867788,-0.023896820058677937,1.0
2020-07-24,-0.003924295724750393,-0.003924295724750354,1.0
2020-07-27,0.014346996522669242,0.014346996522669317,1.0
2020-07-28,-0.01165118466291859,-0.011651184662918678,1.0
2020-07-29,0.013489703116466023,0.013489703116466033,1.0
2020-07-30,0.0021986460920870865,0.002198646092086961,1.0
2020-07-31,0.016457418270337643,0.016457418270337743,1.0
2020-08-03,0.01130477178861411,0.011304771788614233,1.0
2020-08-04,0.0032578397328046904,0.003257839732804642,1.0
2020-08-05,0.006382949430823404,0.006382949430823551,1.0
2020-08-06,0.013519751681514647,0.013519751681514649,1.0
2020-08-07,-0.009332098887011475,-0.009332098887011557,1.0
2020-08-10,-0.004045056199260322,-0.004045056199260293,1.0
2020-08-11,-0.015077433175540556,-0.015077433175540498,1.0
2020-08-12,0.020844197325393887,0.020844197325393964,1.0
2020-08-13,0.004703541991782245,0.004703541991782169,1.0
2020-08-14,-0.0018175946236380636,-0.0018175946236380501,1.0
2020-08-17,0.010152217048925882,0.010152217048925957,1.0
2020-08-18,0.00884841366132405,0.008848413661323993,1.0
2020-08-19,-0.004872385961044556,-0.004872385961044536,1.0
2020-08-20,0.01180635585746792,0.01180635585746792,1.0
2020-08-21,0.006721274176643144,0.0067212741766432185,1.0
2020-08-24,0.007263841108755553,0.007263841108755445,1.0
2020-08-25,0.007742402798547321,0.007742402798547352,1.0
2020-08-26,0.023468695295019826,0.02346869529501971,1.0
2020-08-27,-0.0026736407602176993,-0.002673640760217752,1.0
2020-08-28,0.006546968651397034,0.006546968651397027,1.0
2020-08-31,0.00414869744058044,0.004148697440580517,1.0
2020-09-01,0.01499576851281903,0.014995768512819044,1.0
2020-09-02,0.009748520398596083,0.009748520398596083,1.0
2020-09-03,-0.04872096764893519,-0.048720967648935264,1.0
2020-09-04,-0.014543587592531715,-0.014543587592531748,1.0
2020-09-08,-0.04013360044511205,-0.04109322687806691,0.0
2020-09-09,0.030141880236248086,0.0,0.0
2020-09-10,-0.019542809817260975,-0.0009992504996876065,1.0
2020-09-11,-0.005061233634631845,-0.0060559236663054634,0.0
2020-09-14,0.015708393392544817,0.0,0.0
2020-09-15,0.013511995337361249,0.0,0.0
2020-09-16,-0.014027648084955713,0.0,0.0
2020-09-17,-0.013901896024360427,0.0,0.0
2020-09-18,-0.014813524007873391,0.0,0.0
2020-09-21,0.0020122060880241044,0.0,0.0
2020-09-22,0.01712621877945142,0.0,0.0
2020-09-23,-0.029342941624053487,0.0,0.0
2020-09-24,0.0028820791457466743,0.0,0.0
2020-09-25,0.022761735388933113,0.0,0.0
2020-09-28,0.017021993964817295,0.0,0.0
2020-09-29,-0.0020581709653305635,0.0,0.0
2020-09-30,0.006295885285972247,0.0,0.0
2020-10-01,0.013915812244122083,-0.0009992504996876252,1.0
2020-10-02,-0.021970119684269207,-0.021970119684269332,1.0
2020-10-05,0.020287989579400367,0.020287989579400437,1.0
2020-10-06,-0.01865857939043014,-0.018658579390430113,1.0
2020-10-07,0.01770972605619292,0.017709726056192882,1.0
2020-10-08,0.004590253794482191,0.0045902537944822975,1.0
2020-10-09,0.016312474436091184,0.016312474436091035,1.0
2020-10-12,0.02436382401343229,0.024363824013432494,1.0
2020-10-13,-0.003317419424432644,-0.0033174194244326473,1.0
2020-10-14,-0.006401335930976915,-0.006401335930976926,1.0
2020-10-15,-0.006957954848003545,-0.006957954848003441,1.0
2020-10-16,-0.0036323107759878015,-0.0036323107759879503,1.0
2020-10-19,-0.016512467429595334,-0.016512467429595272,1.0
2020-10-20,0.0042369068322631875,0.004236906832263188,1.0
2020-10-21,-0.001054680102813954,-0.0010546801028140074,1.0
2020-10-22,-0.0016893112846927405,-0.0016893112846927385,1.0
2020-10-23,0.00486532602628964,0.004865326026289703,1.0
2020-10-26,-0.017314878849809756,-0.017314878849809694,1.0
2020-10-27,0.007123159879293572,0.007123159879293456,1.0
2020-10-28,-0.041531701224191586,-0.04153170122419151,1.0
2020-10-29,0.014924696492520262,0.01391002552720183,0.0
2020-10-30,-0.021210267189687104,0.0,0.0
2020-11-02,0.0023455521229600595,0.0,0.0
2020-11-03,0.017273084663429694,0.0,0.0
2020-11-04,0.042175291333660825,0.0,0.0
2020-11-05,0.024596965508811852,0.0,0.0
2020-11-06,0.0009747074794441701,0.0,0.0
2020-11-09,-0.014707435139228675,0.0,0.0
2020-11-10,-0.01711125066135677,-0.0009992504996877692,1.0
2020-11-11,0.019472733558158817,0.019472733558158848,1.0
2020-11-12,-0.006384091746263865,-0.006384091746263874,1.0
2020-11-13,0.0082013580174074,0.00820135801740741,1.0
2020-11-16,0.005647505524766894,0.0056475055247667974,1.0
2020-11-17,-0.00257578877965281,-0.0025757887796526995,1.0
2020-11-18,-0.009091302952486946,-0.00909130295248686,1.0
2020-11-19,0.007037236933006952,0.007037236933006897,1.0
2020-11-20,-0.008903582114258568,-0.008903582114258627,1.0
2020-11-23,5.201412650324144e-05,5.201412650331897e-05,1.0
2020-11-24,0.013683620167259214,0.013683620167259184,1.0
2020-11-25,0.005100875446363284,0.005100875446363282,1.0
2020-11-27,0.005792492847108477,0.005792492847108623,1.0
2020-11-30,0.0007132719742577454,0.0007132719742577052,1.0
2020-12-01,0.012783227237432415,0.012783227237432452,1.0
2020-12-02,-0.0033187190114032372,-0.0033187190114032424,1.0
2020-12-03,-0.0006054216604786111,-0.0006054216604786499,1.0
2020-12-04,0.004442613670113005,0.004442613670112997,1.0
2020-12-07,0.0037191559435216792,0.0037191559435215556,1.0
2020-12-08,0.002153370581178926,0.0021533705811789218,1.0
2020-12-09,-0.019187348392760817,-0.01918734839276091,1.0
2020-12-10,0.00320916618717626,0.00320916618717636,1.0
2020-12-11,-0.001218514720727093,-0.0012185147207270425,1.0
2020-12-14,0.0035592359771754456,0.003559235977175418,1.0
2020-12-15,0.010487381357051406,0.010487381357051326,1.0
2020-12-16,0.005665577585785897,0.005665577585785865,1.0
2020-12-17,0.007228797441982238,0.007228797441982303,1.0
2020-12-18,-0.0015835923960730858,-0.0015835923960731532,1.0
2020-12-21,-0.00029758928335810175,-0.0002975892833580666,1.0
2020-12-22,0.0023307709593809456,0.0023307709593808693,1.0
2020-12-23,-0.006332908295277995,-0.006332908295277973,1.0
2020-12-24,0.005040052741872136,0.005040052741872198,1.0
2020-12-28,0.01246269739472683,0.012462697394726814,1.0
2020-12-29,-0.0008826950725835392,-0.0008826950725834768,1.0
2020-12-30,-0.0018654557365505031,-0.0018654557365505385,1.0
2020-12-31,0.0019675358038027113,0.001967535803802635,1.0
2021-01-04,-0.014282240535080759,-0.014282240535080714,1.0
2021-01-05,0.005277592237595163,0.005277592237595135,1.0
2021-01-06,-0.012332532739710467,-0.012332532739710543,1.0
2021-01-07,0.021714043100220293,0.021714043100220244,1.0
2021-01-08,0.01060175293396548,0.010601752933965558,1.0
2021-01-11,-0.01520182386478186,-0.0152018238647819,1.0
2021-01-12,-0.003205580799609087,-0.0032055807996091,1.0
2021-01-13,0.005343461488301671,0.005343461488301692,1.0
2021-01-14,-0.01161408462142155,-0.011614084621421555,1.0
2021-01-15,-0.005277787400387646,-0.005277787400387641,1.0
2021-01-19,0.010761672154823154,0.010761672154823236,1.0
2021-01-20,0.025751419109152573,0.02575141910915261,1.0
2021-01-21,0.00777297327984261,0.007772973279842473,1.0
2021-01-22,-0.000574878243266741,-0.0005748782432666464,1.0
2021-01-25,0.006950511553591943,0.006950511553592062,1.0
2021-01-26,0.002332533960143879,0.0023325339601437747,1.0
2021-01-27,-0.02502853501693114,-0.025028535016931117,1.0
2021-01-28,0.004579034770210599,0.004579034770210634,1.0
2021-01-29,-0.02162649388760496,-0.021626493887604917,1.0
2021-02-01,0.02369050286698582,0.02369050286698583,1.0
2021-02-02,0.016509115295950227,0.016509115295950123,1.0
2021-02-03,-0.0005237463574145895,-0.0005237463574145284,1.0
2021-02-04,0.011293671124875004,0.011293671124875044,1.0
2021-02-05,0.00386405600470896,0.0038640560047089275,1.0
2021-02-08,0.005350880743600017,0.005350880743600161,1.0
2021-02-09,-0.0014007378488187783,-0.001400737848818901,1.0
2021-02-10,-0.0023378072352261414,-0.002337807235226125,1.0
2021-02-11,0.0037021576172389103,0.003702157617238979,1.0
2021-02-12,0.004762896969467301,0.0047628969694673085,1.0
2021-02-16,-0.0034853172960225276,-0.0034853172960225744,1.0
2021-02-17,-0.0018187147207043841,-0.001818714720704344,1.0
2021-02-18,-0.0031765555659627465,-0.003176555565962754,1.0
2021-02-19,-0.008155173796308812,-0.008155173796308885,1.0
2021-02-22,-0.02098002928578757,-0.020980029285787592,1.0
2021-02-23,-0.0017376316241766165,-0.0017376316241766684,1.0
2021-02-24,0.007687503594782097,0.006680068013063267,0.0
2021-02-25,-0.03262626848667194,0.0,0.0
2021-02-26,0.0026782590742513435,0.0,0.0
2021-03-01,0.02740430002076555,0.0,0.0
2021-03-02,-0.012855204060960412,0.0,0.0
2021-03-03,-0.025947534657299265,0.0,0.0
2021-03-04,-0.014671259970981954,0.0,0.0
2021-03-05,0.013974933201815087,0.0,0.0
2021-03-08,-0.022302207737739166,0.0,0.0
2021-03-09,0.035267503326066096,0.0,0.0
2021-03-10,-0.001089470919074076,0.0,0.0
2021-03-11,0.022306005328463163,0.0,0.0
2021-03-12,-0.006448968716158743,0.0,0.0
2021-03-15,0.008735574490152276,0.0,0.0
2021-03-16,0.005128257154879634,0.0,0.0
2021-03-17,0.0017327700502172139,0.0,0.0
2021-03-18,-0.025802231669578624,0.0,0.0
2021-03-19,0.000937042788076381,0.0,0.0
2021-03-22,0.014684105446196805,0.0,0.0
2021-03-23,-0.002913850306365484,0.0,0.0
2021-03-24,-0.012760627556449466,0.0,0.0
2021-03-25,-0.0010851070865237622,-0.0009992504996877653,1.0
2021-03-26,0.01399520981151392,0.013995209811513998,1.0
2021-03-29,0.0015119137062771237,0.0015119137062770606,1.0
2021-03-30,-0.00574630150345512,-0.005746301503454997,1.0
2021-03-31,0.014203949585857467,0.014203949585857401,1.0
2021-04-01,0.014970726892364228,0.01497072689236432,1.0
2021-04-05,0.021554007711695577,0.021554007711695734,1.0
2021-04-06,0.00018651398166591449,0.00018651398166602814,1.0
2021-04-07,0.003911323762618046,0.0039113237626179475,1.0
2021-04-08,0.011225779636877986,0.011225779636878134,1.0
2021-04-09,0.008486307823594164,0.008486307823594066,1.0
2021-04-12,9.10724272396024e-05,9.107242723954342e-05,1.0
2021-04-13,0.011460995397745144,0.0114609953977451,1.0
2021-04-14,-0.012050771514105274,-0.012050771514105201,1.0
2021-04-15,0.016749298749721975,0.016749298749722124,1.0
2021-04-16,0.0010296410817680623,0.0010296410817678884,1.0
2021-04-19,-0.00822839351979332,-0.008228393519793199,1.0
2021-04-20,-0.007439664472914886,-0.00743966447291493,1.0
2021-04-21,0.007268436559287217,0.007268436559287147,1.0
2021-04-22,-0.010282753658087063,-0.010282753658087103,1.0
2021-04-23,0.014308558932180304,0.014308558932180353,1.0
2021-04-26,0.004941697361945607,0.004941697361945602,1.0
2021-04-27,-0.002011634599450085,-0.002011634599450198,1.0
2021-04-28,-0.0019264383387619377,-0.0019264383387618213,1.0
2021-04-29,0.003366288798801742,0.003366288798801792,1.0
2021-04-30,-0.007157007318620012,-0.007157007318620031,1.0
2021-05-03,-0.004550367695881241,-0.004550367695881164,1.0
2021-05-04,-0.015297433310851316,-0.01529743331085128,1.0
2021-05-05,-0.004825785500154001,-0.0058207109211003095,0.0
2021-05-06,0.00591167782128732,0.0,0.0
2021-05-07,0.007437492131391332,0.0,0.0
2021-05-10,-0.021784354505334336,0.0,0.0
2021-05-11,-0.0023296141391930814,0.0,0.0
2021-05-12,-0.02671154342694848,0.0,0.0
2021-05-13,0.008972353937365174,0.0,0.0
2021-05-14,0.019449261180300326,0.0,0.0
2021-05-17,-0.00471116701695562,0.0,0.0
2021-05-18,-0.0073113139616137746,0.0,0.0
2021-05-19,-0.0006609666875746489,0.0,0.0
2021-05-20,0.01776331210485549,0.0,0.0
2021-05-21,-0.00524539739908747,0.0,0.0
2021-05-24,0.015912783774080452,0.0,0.0
2021-05-25,0.0024801590869043544,0.0,0.0
2021-05-26,0.0019243896638421187,0.0,0.0
2021-05-27,-0.002103821275168949,0.0,0.0
2021-05-28,0.0016500101982039883,0.0,0.0
2021-06-01,-0.0034772585749006657,0.0,0.0
2021-06-02,0.0022956195872503304,0.0,0.0
2021-06-03,-0.010397849837365247,0.0,0.0
2021-06-04,0.014071284020860775,0.0,0.0
2021-06-07,0.0017800548980544395,0.0,0.0
2021-06-08,0.0005469349171527416,0.0,0.0
2021-06-09,0.0003186407134772029,-0.0009992504996876532,1.0
2021-06-10,0.01001567480238097,0.010015674802381023,1.0
2021-06-11,0.003515676173513116,0.0035156761735130352,1.0
2021-06-14,0.00907302595160231,0.009073025951602235,1.0
2021-06-15,-0.005252655033167852,-0.005252655033167893,1.0
2021-06-16,-0.0050113489042091786,-0.005011348904209076,1.0
2021-06-17,0.012592132672104128,0.012592132672104092,1.0
2021-06-18,-0.0063955337052232775,-0.006395533705223268,1.0
2021-06-21,0.008313862844884001,0.008313862844883951,1.0
2021-06-22,0.010373274956511969,0.01037327495651194,1.0
2021-06-23,0.0010971103216732558,0.0010971103216733122,1.0
2021-06-24,0.004484078754061649,0.0044840787540618016,1.0
2021-06-25,-0.00048052174738788533,-0.00048052174738785574,1.0
2021-06-28,0.009571055249316895,0.009571055249316968,1.0
2021-06-29,0.002943659023003864,0.002943659023003688,1.0
2021-06-30,-0.0013380731510365118,-0.0013380731510365521,1.0
2021-07-01,0.0031550810814098273,0.0031550810814099037,1.0
2021-07-02,0.01146000784647061,0.011460007846470674,1.0
2021-07-06,0.007070579303695812,0.00707057930369574,1.0
2021-07-07,0.0033412913877468586,0.0033412913877468083,1.0
2021-07-08,-0.006702523339747191,-0.006702523339747168,1.0
2021-07-09,0.007257005074128964,0.007257005074129076,1.0
2021-07-12,0.0025281758206130434,0.002528175820613046,1.0
2021-07-13,-0.00016802142326555192,-0.00016802142326548855,1.0
2021-07-14,0.002774257454707607,0.0027742574547074705,1.0
2021-07-15,-0.005197913066053328,-0.005197913066053188,1.0
2021-07-16,-0.007289680100743379,-0.007289680100743476,1.0
2021-07-19,-0.012182366056666005,-0.012182366056666052,1.0
2021-07-20,0.013406778346837012,0.01340677834683702,1.0
2021-07-21,0.006148223157704802,0.006148223157704957,1.0
2021-07-22,0.008259968966415565,0.00825996896641545,1.0
2021-07-23,0.015465094349798036,0.015465094349798179,1.0
2021-07-26,0.0025930732234793474,0.002593073223479235,1.0
2021-07-27,-0.009770967908668382,-0.009770967908668288,1.0
2021-07-28,0.0008707371527973962,0.0008707371527972216,1.0
2021-07-29,0.0006213677459687705,0.0006213677459689001,1.0
2021-07-30,-0.00836233487894944,-0.00836233487894939,1.0
2021-08-02,-0.0019203599862922527,-0.0019203599862922356,1.0
2021-08-03,0.005395694189264333,0.005395694189264277,1.0
2021-08-04,0.000915141451247381,0.0009151414512475359,1.0
2021-08-05,0.00789729494347724,0.007897294943477115,1.0
2021-08-06,-0.002680386539359536,-0.002680386539359487,1.0
2021-08-09,8.253465626983925e-05,8.25346562698147e-05,1.0
2021-08-10,-0.00541628386733406,-0.005416283867333964,1.0
2021-08-11,-0.0017045693739580203,-0.0017045693739580262,1.0
2021-08-12,0.005080351037155317,0.005080351037155134,1.0
2021-08-13,0.0038946201625547072,0.003894620162554673,1.0
2021-08-16,0.002269953222859167,0.0022699532228591117,1.0
2021-08-17,-0.009223551148900722,-0.009223551148900723,1.0
2021-08-18,-0.009476061423611126,-0.009476061423611066,1.0
2021-08-19,0.004028129892690746,0.004028129892690712,1.0
2021-08-20,0.011241471083136112,0.011241471083135977,1.0
2021-08-23,0.012810839733744306,0.012810839733744271,1.0
2021-08-24,0.001101761366401055,0.0011017613664010572,1.0
2021-08-25,0.0,0.0,1.0
2021-08-26,-0.005869275006689212,-0.005869275006689184,1.0
2021-08-27,0.009757669694613336,0.00975766969461323,1.0
2021-08-30,0.01116589590737016,0.011165895907370155,1.0
2021-08-31,-0.0017266860682041418,-0.00172668606820414,1.0
2021-09-01,0.002775449940185748,0.0027754499401857497,1.0
2021-09-02,-0.001283704899377014,-0.0012837048993770421,1.0
2021-09-03,0.0028116059147369477,0.0028116059147369533,1.0
2021-09-07,0.0028837443106144445,0.0028837443106143564,1.0
2021-09-08,-0.001957071988582526,-0.001957071988582473,1.0
2021-09-09,-0.004601531382259383,-0.004601531382259385,1.0
2021-09-10,-0.00836148761486677,-0.008361487614866783,1.0
2021-09-13,-0.0019458503135250105,-0.0019458503135249077,1.0
2021-09-14,-0.0005685436096373175,-0.0005685436096373827,1.0
2021-09-15,0.00751842004967096,0.007518420049671076,1.0
2021-09-16,0.0006052337460040746,0.0006052337460041749,1.0
2021-09-17,-0.011005517811638499,-0.01100551781163849,1.0
2021-09-20,-0.019443178304704434,-0.019443178304704413,1.0
2021-09-21,0.0014962918585046392,0.0014962918585047108,1.0
2021-09-22,0.010086340745135924,0.01008634074513588,1.0
2021-09-23,0.009985702691006182,0.008975969484740958,0.0
2021-09-24,0.002034425919558158,0.0,0.0
2021-09-27,-0.008811309135321355,0.0,0.0
2021-09-28,-0.029535732179078567,0.0,0.0
2021-09-29,-0.0012592148008861992,0.0,0.0
2021-09-30,-0.006474223328686968,0.0,0.0
2021-10-01,0.011541754561924966,0.0,0.0
2021-10-04,-0.0224411898476663,0.0,0.0
2021-10-05,0.013093348465271326,0.0,0.0
2021-10-06,0.0072697754995034725,0.0,0.0
2021-10-07,0.00924329619542319,0.0,0.0
2021-10-08,-0.004098244855287869,0.0,0.0
2021-10-11,-0.0068450135015117874,0.0,0.0
2021-10-12,-0.0018602482995129233,0.0,0.0
2021-10-13,0.006566058081312054,0.0,0.0
2021-10-14,0.016959779999000668,0.0,0.0
2021-10-15,0.008483198047684715,0.0,0.0
2021-10-18,0.010299494472369108,0.0,0.0
2021-10-19,0.006823534599646797,-0.0009992504996875812,1.0
2021-10-20,-0.0025413161797970263,-0.002541316179797126,1.0
2021-10-21,0.007118035510334408,0.007118035510334601,1.0
2021-10-22,-0.008192293369293946,-0.00819229336929398,1.0
2021-10-25,0.008826691269236964,0.00882669126923696,1.0
2021-10-26,0.002929784623250775,0.0029297846232507726,1.0
2021-10-27,0.002961313505390084,0.002961313505389942,1.0
2021-10-28,0.009456233463083441,0.00945623346308354,1.0
2021-10-29,0.004505842336039123,0.004505842336039106,1.0
2021-11-01,-0.00023581083775547906,-0.0002358108377554964,1.0
2021-11-02,0.0025974515048110547,0.002597451504811083,1.0
2021-11-03,0.008086453789026171,0.008086453789026204,1.0
2021-11-04,0.011721337753009431,0.011721337753009528,1.0
2021-11-05,0.001847421058826404,0.0018474210588262407,1.0
2021-11-08,-0.0006913928640394085,-0.0006913928640394393,1.0
2021-11-09,-0.005958906032687561,-0.0059589060326875045,1.0
2021-11-10,-0.013962214248853688,-0.013962214248853801,1.0
2021-11-11,-0.000352937148618615,-0.0003529371486185806,1.0
2021-11-12,0.013183730564842788,0.013183730564842866,1.0
2021-11-15,-0.0007358808022832619,-0.0007358808022832796,1.0
2021-11-16,0.008022474552890513,0.008022474552890591,1.0
2021-11-17,-0.0005768067384360753,-0.0005768067384360503,1.0
2021-11-18,0.010309563338239291,0.010309563338239291,1.0
2021-11-19,0.004569258837873402,0.004569258837873381,1.0
2021-11-22,-0.012432110370145577,-0.012432110370145624,1.0
2021-11-23,-0.005027980733768311,-0.005027980733768304,1.0
2021-11-24,0.005323503750383374,0.005323503750383316,1.0
2021-11-26,-0.021410829507054197,-0.021410829507054138,1.0
2021-11-29,0.01964411404331301,0.018624724840298378,0.0
2021-11-30,-0.013535827468040829,-0.0009992504996874881,1.0
2021-12-01,-0.018048630808880195,-0.01903033669022898,0.0
2021-12-02,0.009448171028787256,0.0,0.0
2021-12-03,-0.016359672113875123,0.0,0.0
2021-12-06,0.011714285602755226,0.0,0.0
2021-12-07,0.02805758010490278,0.0,0.0
2021-12-08,0.007649421709003068,0.0,0.0
2021-12-09,-0.011520405376675869,0.0,0.0
2021-12-10,0.01011092941061209,0.0,0.0
2021-12-13,-0.01394515270180574,0.0,0.0
2021-12-14,-0.013367229201896036,0.0,0.0
2021-12-15,0.020420810111687837,0.0,0.0
2021-12-16,-0.022744706017005623,0.0,0.0
2021-12-17,-0.005789102743289254,0.0,0.0
2021-12-20,-0.01208116804915349,0.0,0.0
2021-12-21,0.023134732037517258,0.0,0.0
2021-12-22,0.013480790527771402,0.0,0.0
2021-12-23,0.0068053730213633035,0.0,0.0
2021-12-27,0.016247288462584164,0.0,0.0
2021-12-28,-0.0037452207865620313,-0.0009992504996874415,1.0
2021-12-29,0.0001517764398966115,0.0001517764398965123,1.0
2021-12-30,-0.0040624587103345045,-0.004062458710334467,1.0
2021-12-31,-0.005909060216923612,-0.00590906021692362,1.0
2022-01-03,0.010392542408636185,0.01039254240863621,1.0
2022-01-04,-0.012411321394786845,-0.012411321394786715,1.0
2022-01-05,-0.032974529699956734,-0.03297452969995677,1.0
2022-01-06,-0.003378092379023645,-0.003378092379023585,1.0
2022-01-07,-0.009969416719425306,-0.009969416719425287,1.0
2022-01-10,-0.001369391272619369,-0.002367772223694475,0.0
2022-01-11,0.01153560736307524,0.0,0.0
2022-01-12,0.006100534171057159,0.0,0.0
2022-01-13,-0.026553407545440444,0.0,0.0
2022-01-14,0.002972195262229471,0.0,0.0
2022-01-18,-0.02212338017319959,0.0,0.0
2022-01-19,-0.011083320127915353,0.0,0.0
2022-01-20,-0.012928674405562779,0.0,0.0
2022-01-21,-0.028492428467393083,0.0,0.0
2022-01-24,0.005033948735096105,0.0,0.0
2022-01-25,-0.022909344827214184,0.0,0.0
2022-01-26,0.0016045862612497075,0.0,0.0
2022-01-27,-0.00814428871076367,0.0,0.0
2022-01-28,0.03791501092913685,0.0,0.0
2022-01-31,0.029741832458203277,0.0,0.0
2022-02-01,0.007724885298993955,0.0,0.0
2022-02-02,0.006998576669487777,0.0,0.0
2022-02-03,-0.04074955573325423,0.0,0.0
2022-02-04,0.014620157068238937,0.0,0.0
2022-02-07,-0.00884102318335045,0.0,0.0
2022-02-08,0.009005796987727965,0.0,0.0
2022-02-09,0.019168814940478063,0.0,0.0
2022-02-10,-0.020226182272607862,0.0,0.0
2022-02-11,-0.030646057452421882,0.0,0.0
2022-02-14,0.0020196855097842636,0.0,0.0
2022-02-15,0.021560323336038856,0.0,0.0
2022-02-16,-0.0002147956821967334,0.0,0.0
2022-02-17,-0.029561633115938846,0.0,0.0
2022-02-18,-0.010920635271083556,0.0,0.0
2022-02-22,-0.014840492908960057,0.0,0.0
2022-02-23,-0.025001396229110462,0.0,0.0
2022-02-24,0.0332746117037539,0.0,0.0
2022-02-25,0.014412297341070524,0.0,0.0
2022-02-28,0.0018205660305294913,0.0,0.0
2022-03-01,-0.01458085330968073,0.0,0.0
2022-03-02,0.014256629686351108,0.0,0.0
2022-03-03,-0.014765672471245606,0.0,0.0
2022-03-04,-0.01629225591531236,0.0,0.0
2022-03-07,-0.04062807034046534,0.0,0.0
2022-03-08,-0.0037672504011720953,0.0,0.0
2022-03-09,0.03863079899223587,0.0,0.0
2022-03-10,-0.007881265418557604,0.0,0.0
2022-03-11,-0.019836530000053476,0.0,0.0
2022-03-14,-0.01767853337456704,0.0,0.0
2022-03-15,0.032374895966438944,0.0,0.0
2022-03-16,0.03467765917664112,0.0,0.0
2022-03-17,0.012963508424253867,0.0,0.0
2022-03-18,0.02207271820449752,0.0,0.0
2022-03-21,-0.003795771461912456,0.0,0.0
2022-03-22,0.018656667329014054,0.0,0.0
2022-03-23,-0.014273537402905712,-0.0009992504996875463,1.0
2022-03-24,0.018852337746541936,0.0188523377465419,1.0
2022-03-25,0.00012867805468852467,0.00012867805468843246,1.0
2022-03-28,0.016324313808818713,0.016324313808818765,1.0
2022-03-29,0.018212499396188964,0.01821249939618901,1.0
2022-03-30,-0.010764799107724543,-0.010764799107724573,1.0
2022-03-31,-0.0147331904624729,-0.014733190462472873,1.0
2022-04-01,0.0013169360760767468,0.0013169360760768578,1.0
2022-04-04,0.01934587510050667,0.01934587510050651,1.0
2022-04-05,-0.01914513544511809,-0.01914513544511803,1.0
2022-04-06,-0.02499245504238823,-0.024992455042388166,1.0
2022-04-07,0.003220344258142438,0.002217374718970456,0.0
2022-04-08,-0.012059631030946094,0.0,0.0
2022-04-11,-0.025731189897475137,0.0,0.0
2022-04-12,-0.003876084388070078,0.0,0.0
2022-04-13,0.018188372856574153,0.0,0.0
2022-04-14,-0.02181829832131965,0.0,0.0
2022-04-18,0.00022714632250897537,0.0,0.0
2022-04-19,0.021891189405596867,0.0,0.0
2022-04-20,-0.012400010635162606,0.0,0.0
2022-04-21,-0.018900900387383568,0.0,0.0
2022-04-22,-0.029127029314732322,0.0,0.0
2022-04-25,0.012472541939712922,0.0,0.0
2022-04-26,-0.04031726491946308,0.0,0.0
2022-04-27,0.003063641190709898,0.0,0.0
2022-04-28,0.03727739688178522,0.0,0.0
2022-04-29,-0.04528462918527931,0.0,0.0
2022-05-02,0.01267812834712756,0.0,0.0
2022-05-03,0.0006281602280477916,0.0,0.0
2022-05-04,0.03333211903134092,0.0,0.0
2022-05-05,-0.05142360906462473,0.0,0.0
2022-05-06,-0.01094076290324053,0.0,0.0
2022-05-09,-0.04369952633536711,0.0,0.0
2022-05-10,0.01026490520098755,0.0,0.0
2022-05-11,-0.03022323206192823,0.0,0.0
2022-05-12,-0.0043079496381629445,0.0,0.0
2022-05-13,0.036320902150242196,0.0,0.0
2022-05-16,-0.011390647464311954,0.0,0.0
2022-05-17,0.024555661989499322,0.0,0.0
2022-05-18,-0.04767963227986427,0.0,0.0
2022-05-19,-0.003900685626478939,0.0,0.0
2022-05-20,-0.0025748566963103015,0.0,0.0
2022-05-23,0.020813105021917133,0.0,0.0
2022-05-24,-0.022390658426066135,0.0,0.0
2022-05-25,0.012771809586297422,0.0,0.0
2022-05-26,0.026659037928776996,0.0,0.0
2022-05-27,0.03462228344850282,0.0,0.0
2022-05-31,-0.0025548247208869723,0.0,0.0
2022-06-01,-0.007031236619780334,0.0,0.0
2022-06-02,0.029588917153633876,0.0,0.0
2022-06-03,-0.026184282863390584,0.0,0.0
2022-06-06,0.004136908837309772,0.0,0.0
2022-06-07,0.008038162303545482,-0.0009992504996875692,1.0
2022-06-08,-0.006777892525264173,-0.007770866327211817,0.0
2022-06-09,-0.02719684950368695,0.0,0.0
2022-06-10,-0.03853065202301398,-0.0009992504996875267,1.0
2022-06-13,-0.04554763351893354,-0.045547633518933574,1.0
2022-06-14,0.0014615511500186695,0.0004603399642566549,0.0
2022-06-15,0.026323226556510315,0.0,0.0
2022-06-16,-0.03931957758550597,0.0,0.0
2022-06-17,0.011157088415006067,0.0,0.0
2022-06-21,0.02550271192710385,0.0,0.0
2022-06-22,0.0,0.0,0.0
2022-06-23,0.017461456470661663,0.0,0.0
2022-06-24,0.03701509058006813,0.0,0.0
2022-06-27,-0.009848300205567484,0.0,0.0
2022-06-28,-0.03383874531679887,-0.0009992504996876918,1.0
2022-06-29,0.0031048735503498293,0.003104873550349834,1.0
2022-06-30,-0.013412102640561474,-0.013412102640561505,1.0
2022-07-01,0.009521467877882994,0.009521467877882968,1.0
2022-07-05,0.018373357417158287,0.01837335741715836,1.0
2022-07-06,0.006102946361674189,0.006102946361674219,1.0
2022-07-07,0.01958179170215657,0.019581791702156487,1.0
2022-07-08,0.00046984116281767463,0.00046984116281771404,1.0
2022-07-11,-0.018675205295313857,-0.018675205295313826,1.0
2022-07-12,-0.01307681869500521,-0.013076818695005247,1.0
2022-07-13,-0.002477415849865272,-0.0024774158498651368,1.0
2022-07-14,0.0034012494115445158,0.003401249411544383,1.0
2022-07-15,0.01732803989054066,0.017328039890540606,1.0
2022-07-18,-0.008992392786037251,-0.008992392786037315,1.0
2022-07-19,0.031011642775967463,0.031011642775967494,1.0
2022-07-20,0.015271955948593874,0.015271955948593858,1.0
2022-07-21,0.017337334012349492,0.01733733401234945,1.0
2022-07-22,-0.01824442412290883,-0.018244424122908935,1.0
2022-07-25,-0.006228793246182196,-0.006228793246182127,1.0
2022-07-26,-0.02178253588748702,-0.02178253588748709,1.0
2022-07-27,0.04301232279499945,0.043012322794999315,1.0
2022-07-28,0.014199294071636004,0.014199294071636021,1.0
2022-07-29,0.02368191353261584,0.023681913532615846,1.0
2022-08-01,-0.002376345664827584,-0.0023763456648275105,1.0
2022-08-02,-0.005056005000292796,-0.0050560050002927915,1.0
2022-08-03,0.026678510937824473,0.02667851093782443,1.0
2022-08-04,0.005996563497513652,0.00599656349751358,1.0
2022-08-05,-0.007522106502777848,-0.007522106502777868,1.0
2022-08-08,-0.0036704292833036334,-0.0036704292833035996,1.0
2022-08-09,-0.009711794321301648,-0.009711794321301627,1.0
2022-08-10,0.028793581640689014,0.02776504525744378,0.0
2022-08-11,-0.005823038187442786,-0.0009992504996876525,1.0
2022-08-12,0.019602300141438267,0.019602300141438298,1.0
2022-08-15,0.007365902182405515,0.007365902182405414,1.0
2022-08-16,-0.00032193745143649366,-0.00032193745143647707,1.0
2022-08-17,-0.008832322546656113,-0.008832322546656085,1.0
2022-08-18,0.0007888885908884369,-0.00021165010048028888,0.0
2022-08-19,-0.019431280347840696,0.0,0.0
2022-08-22,-0.02624853975657937,0.0,0.0
2022-08-23,-0.0032543160535579707,0.0,0.0
2022-08-24,0.0038982660362492094,0.0,0.0
2022-08-25,0.01606648340715,0.0,0.0
2022-08-26,-0.04084452569717911,0.0,0.0
2022-08-29,-0.010160463201377867,0.0,0.0
2022-08-30,-0.010465845295455578,0.0,0.0
2022-08-31,-0.007271685028663155,0.0,0.0
2022-09-01,0.0016905416769399384,0.0,0.0
2022-09-02,-0.01298852604585099,0.0,0.0
2022-09-06,-0.0051288864436659365,0.0,0.0
2022-09-07,0.020517658473558686,0.0,0.0
2022-09-08,0.005306739996646215,0.0,0.0
2022-09-09,0.02035455467245373,0.0,0.0
2022-09-12,0.013879102346498806,0.0,0.0
2022-09-13,-0.053677493608140225,0.0,0.0
2022-09-14,0.00689595479284888,0.0,0.0
2022-09-15,-0.016838380759846117,0.0,0.0
2022-09-16,-0.009375363036606355,0.0,0.0
2022-09-19,0.00909386518485289,0.0,0.0
2022-09-20,-0.009011912071417605,0.0,0.0
2022-09-21,-0.019086295021972455,0.0,0.0
2022-09-22,-0.011750171988522906,0.0,0.0
2022-09-23,-0.016034847438461175,0.0,0.0
2022-09-26,-0.0050439089372169565,0.0,0.0
2022-09-27,-0.0004459329108351673,0.0,0.0
2022-09-28,0.018467624913937497,0.0,0.0
2022-09-29,-0.02736060481774083,0.0,0.0
2022-09-30,-0.017475543861112608,0.0,0.0
2022-10-03,0.023065146163528505,0.0,0.0
2022-10-04,0.0316301069863314,0.0,0.0
2022-10-05,0.00010852313004772185,0.0,0.0
2022-10-06,-0.007609622592655074,0.0,0.0
2022-10-07,-0.03773890153689197,0.0,0.0
2022-10-10,-0.010587649709559277,0.0,0.0
2022-10-11,-0.013519744144302348,0.0,0.0
2022-10-12,-0.0009913965713126416,0.0,0.0
2022-10-13,0.0236428908764712,0.0,0.0
2022-10-14,-0.029826109692901448,0.0,0.0
2022-10-17,0.034975143970914724,0.0,0.0
2022-10-18,0.00993928650838738,0.0,0.0
2022-10-19,-0.005511214085538785,0.0,0.0
2022-10-20,-0.0063898314390820055,0.0,0.0
2022-10-21,0.023163217975155748,-0.000999250499687621,1.0
2022-10-24,0.010457124235207171,0.00944691972525323,0.0
2022-10-25,0.022624645766677887,-0.0009992504996876614,1.0
2022-10-26,-0.02535406111229177,-0.02535406111229169,1.0
2022-10-27,-0.016403271151678167,-0.01640327115167823,1.0
2022-10-28,0.027963322999889906,0.02693561666772062,0.0
2022-10-31,-0.011908052746284814,0.0,0.0
2022-11-01,-0.012493321296906723,0.0,0.0
2022-11-02,-0.0358846012814229,0.0,0.0
2022-11-03,-0.022297118256678905,0.0,0.0
2022-11-04,0.013778470981954838,0.0,0.0
2022-11-07,0.011130542846179425,0.0,0.0
2022-11-08,0.0046930983900150824,0.0,0.0
2022-11-09,-0.025719184521254546,0.0,0.0
2022-11-10,0.07954976217793575,0.0,0.0
2022-11-11,0.021437451802279295,-0.0009992504996875103,1.0
2022-11-14,-0.011486662841913686,-0.011486662841913764,1.0
2022-11-15,0.01319498844776823,0.013194988447768268,1.0
2022-11-16,-0.009378802264600306,-0.009378802264600295,1.0
2022-11-17,-0.006383906818598684,-0.0063839068185986446,1.0
2022-11-18,-0.00043562383712492103,-0.0004356238371249568,1.0
2022-11-21,-0.01051294742172304,-0.010512947421723009,1.0
2022-11-22,0.014698644330308985,0.013684199360640014,0.0
2022-11-23,0.010796286014397749,0.0,0.0
2022-11-25,-0.003703501034222345,0.0,0.0
2022-11-28,-0.01772439636504508,0.0,0.0
2022-11-29,-0.008665370427252017,-0.000999250499687566,1.0
2022-11-30,0.045753525706417,0.04575352570641707,1.0
2022-12-01,0.0015341516982514403,0.0015341516982514895,1.0
2022-12-02,-0.0022712886121372122,-0.0022712886121372274,1.0
2022-12-05,-0.019430404063780715,-0.019430404063780833,1.0
2022-12-06,-0.020841164248270427,-0.021820078294313053,0.0
2022-12-07,-0.004687138937069291,0.0,0.0
2022-12-08,0.010747959058303946,0.0,0.0
2022-12-09,-0.005974533352010147,0.0,0.0
2022-12-12,0.01389565579789842,0.0,0.0
2022-12-13,0.012237083876097232,0.0,0.0
2022-12-14,-0.00703843054653186,-0.0009992504996876263,1.0
2022-12-15,-0.033115118522564324,-0.034081761682821406,0.0
2022-12-16,-0.01365520191337144,0.0,0.0
2022-12-19,-0.01526214517311153,0.0,0.0
2022-12-20,0.000287773164928673,0.0,0.0
2022-12-21,0.015552394043645945,0.0,0.0
2022-12-22,-0.021941230997241212,0.0,0.0
2022-12-23,0.002963176009366686,0.0,0.0
2022-12-27,-0.01286054205152476,0.0,0.0
2022-12-28,-0.012852130378267268,0.0,0.0
2022-12-29,0.025325567110304315,0.0,0.0
2022-12-30,-0.002319248005354546,0.0,0.0
2023-01-03,-0.006508945322426296,0.0,0.0
2023-01-04,0.004738128036371192,0.0,0.0
2023-01-05,-0.01781551016870908,0.0,0.0
2023-01-06,0.024600011419956713,0.0,0.0
2023-01-09,0.008041438046615168,0.0,0.0
2023-01-10,0.00912546707993056,0.0,0.0
2023-01-11,0.02109991332607941,0.0,0.0
2023-01-12,0.005124172140748229,0.0,0.0
2023-01-13,0.007203879101049804,0.0,0.0
2023-01-17,0.0022003881256458246,0.0,0.0
2023-01-18,-0.012186804611701851,0.0,0.0
2023-01-19,-0.007947123585252402,0.0,0.0
2023-01-20,0.02957783684992088,-0.000999250499687577,1.0
2023-01-23,0.01741142352460412,0.017411423524604234,1.0
2023-01-24,-0.002673789308594965,-0.0026737893085950343,1.0
2023-01-25,-0.002037947668530271,-0.0020379476685302776,1.0
2023-01-26,0.016710846934378187,0.01671084693437826,1.0
2023-01-27,0.009882831637557654,0.009882831637557606,1.0
2023-01-30,-0.0190487675916875,-0.019048767591687492,1.0
2023-01-31,0.016377661876699978,0.01637766187669994,1.0
2023-02-01,0.01931563230490929,0.019315632304909326,1.0
2023-02-02,0.03223489410694813,0.032234894106948075,1.0
2023-02-03,-0.01496579670506304,-0.014965796705063036,1.0
2023-02-06,-0.009774213211123373,-0.009774213211123345,1.0
2023-02-07,0.020252764797735523,0.020252764797735537,1.0
2023-02-08,-0.016291499929853015,-0.01629149992985297,1.0
2023-02-09,-0.009121593760385793,-0.009121593760385882,1.0
2023-02-10,-0.006325360979659522,-0.007318787200019983,0.0
2023-02-13,0.015422850189418913,0.0,0.0
2023-02-14,0.004892856035046078,0.0,0.0
2023-02-15,0.00669494434576845,0.0,0.0
2023-02-16,-0.0197500995063159,-0.0009992504996875966,1.0
2023-02-17,-0.008634725547263744,-0.00863472554726378,1.0
2023-02-21,-0.023589712877071567,-0.023589712877071508,1.0
2023-02-22,0.0006372422395277688,-0.0003631448434012065,0.0
2023-02-23,0.00875557514700609,0.0,0.0
2023-02-24,-0.017254044654300693,-0.0009992504996875371,1.0
2023-02-27,0.006102005589398551,0.006102005589398511,1.0
2023-02-28,-0.0011705773043497736,-0.0011705773043497903,1.0
2023-03-01,-0.008735315921959641,-0.009726332789866503,0.0
2023-03-02,0.009725767414966224,0.0,0.0
2023-03-03,0.02102092190381266,0.0,0.0
2023-03-06,0.0027622992221436604,0.0,0.0
2023-03-07,-0.013877919201671807,0.0,0.0
2023-03-08,0.004901933241232781,0.0,0.0
2023-03-09,-0.017728842472528483,0.0,0.0
2023-03-10,-0.01553904145224383,0.0,0.0
2023-03-13,0.007864876065465598,0.0,0.0
2023-03-14,0.02292671971781335,0.0,0.0
2023-03-15,0.0029987832738702647,0.0,0.0
2023-03-16,0.025703097136940745,0.0,0.0
2023-03-17,-0.0031195766344076503,0.0,0.0
2023-03-20,0.0016415779989173984,0.0,0.0
2023-03-21,0.015518310375340016,0.0,0.0
2023-03-22,-0.01386918151252814,-0.0009992504996876282,1.0
2023-03-23,0.011231964470704847,0.01123196447070481,1.0
2023-03-24,0.0033935643629867673,0.0033935643629866953,1.0
2023-03-27,-0.006460938995141108,-0.006460938995141058,1.0
2023-03-28,-0.0048269705442802735,-0.004826970544280211,1.0
2023-03-29,0.017102662014714776,0.017102662014714658,1.0
2023-03-30,0.008030675277509447,0.00803067527750947,1.0
2023-03-31,0.01832439642888728,0.018324396428887335,1.0
2023-04-03,-0.0004403343209704591,-0.0004403343209705197,1.0
2023-04-04,-0.0017609770885519405,-0.001760977088551881,1.0
2023-04-05,-0.00985013066548257,-0.009850130665482518,1.0
2023-04-06,0.007621844773603836,0.0076218447736037045,1.0
2023-04-10,-0.002799580813868996,-0.002799580813869039,1.0
2023-04-11,-0.005812307399574168,-0.005812307399574186,1.0
2023-04-12,-0.006143439679946683,-0.006143439679946636,1.0
2023-04-13,0.021584975736957945,0.021584975736957973,1.0
2023-04-14,-0.0028301954504570404,-0.0028301954504570443,1.0
2023-04-17,0.001468362582514926,0.001468362582514911,1.0
2023-04-18,0.001270261099558967,0.0012702610995588752,1.0
2023-04-19,0.001415519007264665,0.0014155190072646289,1.0
2023-04-20,-0.006481980921136166,-0.0064819809211362055,1.0
2023-04-21,0.0014717250415492433,0.0014717250415491876,1.0
2023-04-24,-0.001763228240468706,-0.0017632282404686007,1.0
2023-04-25,-0.01962586124756538,-0.019625861247565393,1.0
2023-04-26,0.007557155217929878,0.007557155217929912,1.0
2023-04-27,0.0260777009047366,0.026077700904736604,1.0
2023-04-28,0.007551852229390921,0.00755185222939098,1.0
2023-05-01,-0.001585454805146158,-0.0015854548051461167,1.0
2023-05-02,-0.007218522334343724,-0.00721852233434381,1.0
2023-05-03,-0.005380480450364433,-0.005380480450364375,1.0
2023-05-04,-0.0048247970402856,-0.004824797040285623,1.0
2023-05-05,0.021547536331085304,0.021547536331085183,1.0
2023-05-08,0.003259698330849714,0.003259698330849629,1.0
2023-05-09,-0.005064996940841726,-0.005064996940841649,1.0
2023-05-10,0.01138236334592535,0.011382363345925227,1.0
2023-05-11,0.0016620530182505089,0.0016620530182507138,1.0
2023-05-12,-0.003176286419396046,-0.003176286419396019,1.0
2023-05-15,0.002187289769965517,0.002187289769965436,1.0
2023-05-16,0.001328851356830807,0.0013288513568308327,1.0
2023-05-17,0.012037436186234318,0.01203743618623446,1.0
2023-05-18,0.016530177191319106,0.016530177191318916,1.0
2023-05-19,-0.0030863578400915914,-0.003086357840091508,1.0
2023-05-22,0.0021256789692642997,0.002125678969264244,1.0
2023-05-23,-0.015677685673102237,-0.01567768567310223,1.0
2023-05-24,-0.004918707552994395,-0.0049187075529945005,1.0
2023-05-25,0.021607960948559324,0.021607960948559417,1.0
2023-05-26,0.019446190211060754,0.019446190211060727,1.0
2023-05-30,0.0040229602499752826,0.00402296024997529,1.0
2023-05-31,-0.006167882677440284,-0.006167882677440277,1.0
2023-06-01,0.012502888809165391,0.012502888809165376,1.0
2023-06-02,0.010021913302223906,0.0100219133022238,1.0
2023-06-05,-0.0008858553176137596,-0.0008858553176138039,1.0
2023-06-06,0.0011082794896217774,0.001108279489621613,1.0
2023-06-07,-0.016784754559349246,-0.016784754559349108,1.0
2023-06-08,0.010359868568103003,0.010359868568102898,1.0
2023-06-09,0.00427997240386313,0.0042799724038631234,1.0
2023-06-12,0.015137247024884726,0.015137247024884693,1.0
2023-06-13,0.005772258813921072,0.005772258813921136,1.0
2023-06-14,0.006087077034228061,0.006087077034228021,1.0
2023-06-15,0.013353386245722687,0.013353386245722892,1.0
2023-06-16,-0.006354311223828679,-0.006354311223828685,1.0
2023-06-20,-0.001373282597270875,-0.0013732825972708979,1.0
2023-06-21,-0.011045286406226151,-0.011045286406226268,1.0
2023-06-22,0.011125164343761984,0.011125164343762069,1.0
2023-06-23,-0.007297961643112694,-0.007297961643112586,1.0
2023-06-26,-0.01304723689823517,-0.01304723689823521,1.0
2023-06-27,0.01497647162102056,0.014976471621020612,1.0
2023-06-28,0.0029859615390888106,0.0029859615390888353,1.0
2023-06-29,-8.631732751551713e-05,-8.631732751544855e-05,1.0
2023-06-30,0.015316684744826947,0.015316684744826987,1.0
2023-07-03,-0.0005097243578253696,-0.0005097243578253298,1.0
2023-07-05,0.0011901825595885818,0.001190182559588608,1.0
2023-07-06,-0.005987675431690764,-0.005987675431690675,1.0
2023-07-07,-0.004870429512685348,-0.004870429512685385,1.0
2023-07-10,-0.002017658830257507,-0.002017658830257569,1.0
2023-07-11,0.003914664228251485,0.003914664228251492,1.0
2023-07-12,0.012855054499645968,0.0128550544996461,1.0
2023-07-13,0.01451114993232916,0.01451114993232905,1.0
2023-07-14,0.0023352682253339196,0.0023352682253339153,1.0
2023-07-17,0.006115907649110852,0.006115907649111023,1.0
2023-07-18,0.008063540781292566,0.008063540781292495,1.0
2023-07-19,-0.0003692047697195777,-0.00036920476971962396,1.0
2023-07-20,-0.021010322513499657,-0.02101032251349966,1.0
2023-07-21,-0.002305335444498069,-0.0023053354444980303,1.0
2023-07-24,0.003781150206449757,0.003781150206449899,1.0
2023-07-25,0.006236428936272853,0.006236428936272854,1.0
2023-07-26,-0.0016223140875978315,-0.001622314087597938,1.0
2023-07-27,-0.005999494216510803,-0.005999494216510625,1.0
2023-07-28,0.017184972023729372,0.017184972023729272,1.0
2023-07-31,0.0009890088269197683,0.0009890088269196415,1.0
2023-08-01,-0.0031285812268097013,-0.0031285812268097507,1.0
2023-08-02,-0.020564801832573365,-0.02056480183257324,1.0
2023-08-03,-0.003077965815466932,-0.0030779658154670205,1.0
2023-08-04,-0.005075172694691266,-0.005075172694691199,1.0
2023-08-07,0.007524143720463394,0.007524143720463371,1.0
2023-08-08,-0.0031642931885077497,-0.003164293188507794,1.0
2023-08-09,-0.01130065211457787,-0.011300652114577961,1.0
2023-08-10,0.00273959430403381,0.0017371053946283205,0.0
2023-08-11,-0.0054644664435216095,-0.0009992504996876091,1.0
2023-08-14,0.01163290311755838,0.010621523122666615,0.0
2023-08-15,-0.009292734718840068,-0.0009992504996874606,1.0
2023-08-16,-0.009293875896139281,-0.009293875896139154,1.0
2023-08-17,-0.010678425503866884,-0.011667499747969382,0.0
2023-08-18,-0.0013546169367832928,0.0,0.0
2023-08-21,0.015227884087603893,0.0,0.0
2023-08-22,0.0005601556604508673,0.0,0.0
2023-08-23,0.015723292960529323,0.0,0.0
2023-08-24,-0.01997538688267264,0.0,0.0
2023-08-25,0.008352162597844659,0.0,0.0
2023-08-28,0.00729573723565391,0.0,0.0
2023-08-29,0.019981976152911862,0.0,0.0
2023-08-30,0.006599723343421626,0.0,0.0
2023-08-31,0.0013280079319495375,0.0,0.0
2023-09-01,0.0002486662428766717,0.0,0.0
2023-09-05,0.0024031493951599536,-0.0009992504996875519,1.0
2023-09-06,-0.011531752428788677,-0.011531752428788638,1.0
2023-09-07,-0.0052269044284160016,-0.005226904428416051,1.0
2023-09-08,0.0025221196368290233,0.0025221196368289825,1.0
2023-09-11,0.01178205006730959,0.011782050067309664,1.0
2023-09-12,-0.012142321848352733,-0.0121423218483527,1.0
2023-09-13,0.003985227799185864,0.003985227799185798,1.0
2023-09-14,0.005849837872460295,0.005849837872460124,1.0
2023-09-15,-0.01674087838299032,-0.016740878382990123,1.0
2023-09-18,0.0010562994369616163,0.0010562994369613934,1.0
2023-09-19,-0.0016880183736284193,-0.0016880183736284666,1.0
2023-09-20,-0.016233471987991743,-0.016233471987991566,1.0
2023-09-21,-0.019639016699298795,-0.01963901669929879,1.0
2023-09-22,-0.0013606386341892263,-0.002359028335714813,0.0
2023-09-25,0.005274249341556736,0.0,0.0
2023-09-26,-0.016963998894657717,0.0,0.0
2023-09-27,0.0010674061121362932,0.0,0.0
2023-09-28,0.0063976935951362,0.0,0.0
2023-09-29,0.0016776105507854133,0.0,0.0
2023-10-02,0.009960407145499506,0.0,0.0
2023-10-03,-0.01876434150046835,0.0,0.0
2023-10-04,0.014942872834138088,0.0,0.0
2023-10-05,0.0012703418156718715,0.0,0.0
2023-10-06,0.017286088498697172,0.0,0.0
2023-10-09,0.0036996594071128097,0.0,0.0
2023-10-10,0.004200079776942367,0.0,0.0
2023-10-11,0.009219028616881175,0.0,0.0
2023-10-12,-0.004229293959197689,0.0,0.0
2023-10-13,-0.011339054225329437,0.0,0.0
2023-10-16,0.011039788050930088,0.0,0.0
2023-10-17,-0.0029317893101239445,0.0,0.0
2023-10-18,-0.015170126540293039,0.0,0.0
2023-10-19,-0.007615698933102211,-0.0009992504996874554,1.0
2023-10-20,-0.015173041304081591,-0.01517304130408146,1.0
2023-10-23,0.0040731500380204455,0.004073150038020422,1.0
2023-10-24,0.008642367707422327,0.008642367707422187,1.0
2023-10-25,-0.02233880879715444,-0.02233880879715436,1.0
2023-10-26,-0.02088182194459709,-0.020881821944597093,1.0
2023-10-27,0.004840845170007491,0.0038362555350486883,0.0
2023-10-30,0.014952495502845498,0.0,0.0
2023-10-31,0.004880971851425553,-0.0009992504996876159,1.0
2023-11-01,0.017111307934207343,0.017111307934207485,1.0
2023-11-02,0.018882883461967648,0.01888288346196766,1.0
2023-11-03,0.008901098280808872,0.008901098280808893,1.0
2023-11-06,0.007671511852255453,0.007671511852255296,1.0
2023-11-07,0.010024170229221196,0.010024170229221342,1.0
2023-11-08,0.004354948117904378,0.004354948117904218,1.0
2023-11-09,-0.008130352872012026,-0.008130352872012138,1.0
2023-11-10,0.02000936952722343,0.0200093695272235,1.0
2023-11-13,-0.00032960735672804553,-0.00032960735672793435,1.0
2023-11-14,0.018798350194240365,0.018798350194240317,1.0
2023-11-15,-0.0012137577543247513,-0.0012137577543245865,1.0
2023-11-16,0.00559071198655281,0.005590711986552668,1.0
2023-11-17,-0.002054363398950265,-0.0020543633989501754,1.0
2023-11-20,0.012030537996868151,0.012030537996868021,1.0
2023-11-21,-0.0031115566007585693,-0.0031115566007585958,1.0
2023-11-22,0.005162202066781196,0.005162202066781207,1.0
2023-11-24,-0.002110071394745172,-0.0021100713947451053,1.0
2023-11-27,-0.0002791806122195428,-0.0002791806122195981,1.0
2023-11-28,0.003112596826651881,0.0031125968266518243,1.0
2023-11-29,-0.002426810729114548,-0.002426810729114467,1.0
2023-11-30,-0.0010766301207773,-0.0010766301207774897,1.0
2023-12-01,0.0019561300346342403,0.001956130034634208,1.0
2023-12-04,-0.011076453953318355,-0.01107645395331837,1.0
2023-12-05,0.007171503578946137,0.007171503578946171,1.0
2023-12-06,-0.00564042522778041,-0.00564042522778046,1.0
2023-12-07,0.013356231460896595,0.013356231460896564,1.0
2023-12-08,0.005240517440839643,0.0052405174408396695,1.0
2023-12-11,-0.0015796875359755935,-0.0015796875359757104,1.0
2023-12-12,0.007871532532801817,0.007871532532801793,1.0
2023-12-13,0.010518087819862298,0.01051808781986222,1.0
2023-12-14,-0.004738220034640084,-0.004738220034640116,1.0
2023-12-15,0.0035510156606886056,0.0035510156606888507,1.0
2023-12-18,0.008321491707108386,0.008321491707108278,1.0
2023-12-19,0.004743269796417815,0.00474326979641776,1.0
2023-12-20,-0.012973039858567792,-0.012973039858567799,1.0
2023-12-21,0.01031811633439883,0.010318116334398794,1.0
2023-12-22,-0.0008481577033895293,-0.0008481577033895466,1.0
2023-12-26,0.0029325879570023528,0.002932587957002475,1.0
2023-12-27,0.0016927169645846174,0.001692716964584459,1.0
2023-12-28,0.00015367042475733506,0.000153670424757384,1.0
2023-12-29,-0.003417827485860725,-0.003417827485860814,1.0
2024-01-02,-0.01753288278851306,-0.01753288278851293,1.0
2024-01-03,-0.007805209686632786,-0.007805209686632802,1.0
2024-01-04,-0.0058899965137851895,-0.006883857989770384,0.0
2024-01-05,0.0006360800547366985,0.0,0.0
2024-01-08,0.02094268104427277,0.0,0.0
2024-01-09,0.002568936312584258,-0.0009992504996876805,1.0
2024-01-10,0.011530928758783032,0.011530928758782902,1.0
2024-01-11,0.0021493076442149484,0.0021493076442150737,1.0
2024-01-12,0.0013788926165876347,0.0013788926165876738,1.0
2024-01-16,-0.0006885338004051222,-0.0006885338004049915,1.0
2024-01-17,-0.005205069377321236,-0.005205069377321372,1.0
2024-01-18,0.014619916862675941,0.01461991686267595,1.0
2024-01-19,0.016381005972401663,0.016381005972401677,1.0
2024-01-22,0.0011937794620608955,0.0011937794620608723,1.0
2024-01-23,0.002533873310787138,0.0025338733107870782,1.0
2024-01-24,0.005538253909525226,0.0055382539095251765,1.0
2024-01-25,0.001774223331154401,0.0017742233311543395,1.0
2024-01-26,-0.002250670297815449,-0.002250670297815377,1.0
2024-01-29,0.0123888982653646,0.012388898265364764,1.0
2024-01-30,-0.00613677428620607,-0.006136774286206239,1.0
2024-01-31,-0.022163503573731536,-0.022163503573731463,1.0
2024-02-01,0.015185428965802661,0.015185428965802564,1.0
2024-02-02,0.021845432665685616,0.021845432665685696,1.0
2024-02-05,-0.00047088274907813865,-0.0004708827490781451,1.0
2024-02-06,0.0,0.0,1.0
2024-02-07,0.013630593362616406,0.01363059336261621,1.0
2024-02-08,0.000965587413024549,0.0009655874130247194,1.0
2024-02-09,0.011790782656933452,0.011790782656933379,1.0
2024-02-12,-0.007239184932390175,-0.0072391849323903005,1.0
2024-02-13,-0.013019005238588344,-0.013019005238588276,1.0
2024-02-14,0.011677041118893339,0.0116770411188934,1.0
2024-02-15,0.0015674879747082926,0.0015674879747082275,1.0
2024-02-16,-0.007113570211049081,-0.007113570211049036,1.0
2024-02-20,-0.01035300046947063,-0.010353000469470673,1.0
2024-02-21,-0.002932028820373467,-0.002932028820373439,1.0
2024-02-22,0.03162104036448987,0.03162104036448985,1.0
2024-02-23,-0.0018300563164682648,-0.0018300563164681534,1.0
2024-02-26,-0.0032081814606574888,-0.0032081814606575686,1.0
2024-02-27,0.0019453099203581292,0.0019453099203580978,1.0
2024-02-28,-0.0032830127629026595,-0.0032830127629026235,1.0
2024-02-29,0.006445882368841138,0.006445882368841039,1.0
2024-03-01,0.010803484031364663,0.010803484031364644,1.0
2024-03-04,-0.0052569854783584,-0.005256985478358464,1.0
2024-03-05,-0.01662417547551176,-0.016624175475511635,1.0
2024-03-06,0.0033099552922486453,0.003309955292248616,1.0
2024-03-07,0.013763289254128175,0.013763289254128223,1.0
2024-03-08,-0.009657539733812226,-0.009657539733812165,1.0
2024-03-11,-0.0056176336183970665,-0.0056176336183971776,1.0
2024-03-12,0.01829863300030632,0.01829863300030642,1.0
2024-03-13,-0.004815122833277119,-0.004815122833277159,1.0
2024-03-14,0.002243959964964848,0.0022439599649649172,1.0
2024-03-15,-0.013013983370871451,-0.01301398337087148,1.0
2024-03-18,0.009818210533463212,0.009818210533463132,1.0
2024-03-19,0.005931913484844564,0.005931913484844714,1.0
2024-03-20,0.009944493239978591,0.00994449323997852,1.0
2024-03-21,-0.0015493743641099567,-0.0015493743641099753,1.0
2024-03-22,0.001212333322507586,0.0012123333225074683,1.0
2024-03-25,-0.003909485167415627,-0.003909485167415668,1.0
2024-03-26,-0.003577509860553385,-0.003577509860553337,1.0
2024-03-27,0.0020913310993946332,0.002091331099394734,1.0
2024-03-28,-0.0030260780746358407,-0.003026078074635819,1.0
2024-04-01,-0.00020944429886637916,-0.00020944429886646864,1.0
2024-04-02,-0.005932519679828441,-0.005932519679828334,1.0
2024-04-03,0.0014744252276150949,0.0014744252276150123,1.0
2024-04-04,-0.014197082067845757,-0.014197082067845807,1.0
2024-04-05,0.015326027225078365,0.015326027225078406,1.0
2024-04-08,-0.0012607448697534718,-0.001260744869753397,1.0
2024-04-09,0.0003506564884918628,0.0003506564884919032,1.0
2024-04-10,-0.005643900948688052,-0.006638008458714702,0.0
2024-04-11,0.01596982933710911,0.0,0.0
2024-04-12,-0.012942813649390206,0.0,0.0
2024-04-15,-0.019159089230925797,0.0,0.0
2024-04-16,7.162446423958357e-05,0.0,0.0
2024-04-17,-0.01014227753485697,0.0,0.0
2024-04-18,-0.006154828235130805,0.0,0.0
2024-04-19,-0.02426238071695752,0.0,0.0
2024-04-22,0.00985655185937162,0.0,0.0
2024-04-23,0.01604569259539579,0.0,0.0
2024-04-24,-0.00021842963245255476,0.0,0.0
2024-04-25,-0.007097080601607297,0.0,0.0
2024-04-26,0.018730907136489616,0.0,0.0
2024-04-29,0.002518766577463749,0.0,0.0
2024-04-30,-0.018196866679836887,0.0,0.0
2024-05-01,-0.0028878883091795204,0.0,0.0
2024-05-02,0.012135348924896983,0.0,0.0
2024-05-03,0.01988619167075556,0.0,0.0
2024-05-06,0.013993305985549043,0.0,0.0
2024-05-07,-0.0010506862908062908,0.0,0.0
2024-05-08,-0.0019283404755601197,0.0,0.0
2024-05-09,0.003372424655777584,0.0,0.0
2024-05-10,0.0005251744683374415,0.0,0.0
2024-05-13,0.00045503356798937133,0.0,0.0
2024-05-14,0.0050368309212056595,0.0,0.0
2024-05-15,0.016218262564483332,-0.000999250499687489,1.0
2024-05-16,-0.002671223564526426,-0.0026712235645264,1.0
2024-05-17,-0.00020620199266885297,-0.00020620199266895904,1.0
2024-05-20,0.006560281788602129,0.006560281788602154,1.0
2024-05-21,0.0036851837691094236,0.0036851837691095016,1.0
2024-05-22,-0.0023117354922709277,-0.0023117354922708114,1.0
2024-05-23,-0.00044302846200372503,-0.00044302846200369354,1.0
2024-05-24,0.008522807077420369,0.008522807077420277,1.0
2024-05-28,0.007031081912862502,0.007031081912862345,1.0
2024-05-29,-0.0024168355687780307,-0.002416835568778033,1.0
2024-05-30,-0.016891657497414392,-0.016891657497414336,1.0
2024-05-31,0.0013006887410131895,0.0013006887410131453,1.0
2024-06-03,0.008716436297612207,0.008716436297612097,1.0
2024-06-04,0.004642485553884468,0.004642485553884535,1.0
2024-06-05,0.018248142950171964,0.018248142950172134,1.0
2024-06-06,0.001391248381234833,0.001391248381234771,1.0
2024-06-07,6.623369783298472e-05,6.623369783307938e-05,1.0
2024-06-10,0.002943765519708652,0.002943765519708895,1.0
2024-06-11,0.01088357072146251,0.010883570721462529,1.0
2024-06-12,0.013702706001155418,0.013702706001155286,1.0
2024-06-13,0.002832241565315252,0.0028322415653153164,1.0
2024-06-14,0.0035624173129427117,0.0035624173129428435,1.0
2024-06-17,0.009433898372705363,0.009433898372705236,1.0
2024-06-18,0.001679068621629698,0.001679068621629791,1.0
2024-06-20,-0.006357148980985605,-0.006357148980985554,1.0
2024-06-21,-0.001814257109634565,-0.001814257109634677,1.0
2024-06-24,-0.010937558225932564,-0.010937558225932526,1.0
2024-06-25,0.015862320072090874,0.015862320072090864,1.0
2024-06-26,0.004347955727594499,0.0043479557275945815,1.0
2024-06-27,0.002685510277979475,0.002685510277979534,1.0
2024-06-28,-0.008801382631495769,-0.00880138263149582,1.0
2024-07-01,0.008497508103606277,0.008497508103606163,1.0
2024-07-02,0.009278029136091215,0.009278029136091256,1.0
2024-07-03,0.007473073055928481,0.007473073055928486,1.0
2024-07-05,0.012941891587862964,0.012941891587862932,1.0
2024-07-08,0.00033672561506059573,0.0003367256150605972,1.0
2024-07-09,0.0018071260004406398,0.0018071260004405407,1.0
2024-07-10,0.009661351114355954,0.009661351114356103,1.0
2024-07-11,-0.023195290574941407,-0.023195290574941307,1.0
2024-07-12,0.004929067846366042,0.004929067846365958,1.0
2024-07-15,0.0038249952534650244,0.0038249952534648696,1.0
2024-07-16,-0.00193570870107862,-0.0019357087010785715,1.0
2024-07-17,-0.027988315609307035,-0.027988315609306928,1.0
2024-07-18,-0.008521154288566257,-0.00852115428856629,1.0
2024-07-19,-0.006197936515993208,-0.0071914901289612514,0.0
2024-07-22,0.015816885892028898,0.0,0.0
2024-07-23,-0.0010443384584256643,0.0,0.0
2024-07-24,-0.038396970403240416,0.0,0.0
2024-07-25,-0.013178402050632698,0.0,0.0
2024-07-26,0.009715279429464596,0.0,0.0
2024-07-29,0.002909644205325801,0.0,0.0
2024-07-30,-0.012758748122109642,0.0,0.0
2024-07-31,0.025246342991452453,0.0,0.0
2024-08-01,-0.01628621600643021,0.0,0.0
2024-08-02,-0.020396699937066276,0.0,0.0
2024-08-05,-0.035051487546590265,0.0,0.0
2024-08-06,0.012435245587914645,0.0,0.0
2024-08-07,-0.009307008504806369,0.0,0.0
2024-08-08,0.02902147939298172,0.0,0.0
2024-08-09,0.008552452113089526,0.0,0.0
2024-08-12,0.004441897834019715,0.0,0.0
2024-08-13,0.023015892602424426,0.0,0.0
2024-08-14,0.0022268241547118706,0.0,0.0
2024-08-15,0.021206432267523168,0.0,0.0
2024-08-16,0.0014718255806682734,0.0,0.0
2024-08-19,0.01226875675500283,0.0,0.0
2024-08-20,0.0,0.0,0.0
2024-08-21,0.004387178238032252,-0.000999250499687623,1.0
2024-08-22,-0.015178140354295877,-0.015178140354295823,1.0
2024-08-23,0.010306665903191847,0.009296611813955103,0.0
2024-08-26,-0.0058429617023157965,0.0,0.0
2024-08-27,0.003399249563308393,0.0,0.0
2024-08-28,-0.01066992130100286,0.0,0.0
2024-08-29,-0.003072370406955849,0.0,0.0
2024-08-30,0.010144185904646275,0.0,0.0
2024-09-03,-0.029427575770893166,0.0,0.0
2024-09-04,-0.0023901975826974287,0.0,0.0
2024-09-05,0.0012800273314905741,0.0,0.0
2024-09-06,-0.021044558327178442,0.0,0.0
2024-09-09,0.012322291668679153,0.0,0.0
2024-09-10,0.007342887234049966,0.0,0.0
2024-09-11,0.021211600861344992,0.0,0.0
2024-09-12,0.009774722331442387,0.0,0.0
2024-09-13,0.0028974959145926515,0.0,0.0
2024-09-16,-0.003778194170967586,0.0,0.0
2024-09-17,0.0005736290737134997,0.0,0.0
2024-09-18,-0.004809644480352815,0.0,0.0
2024-09-19,0.025220800505868723,0.0,0.0
2024-09-20,-0.0031219099438293263,-0.0009992504996875703,1.0
2024-09-23,0.001879144585051451,0.001879144585051411,1.0
2024-09-24,0.004844880789191208,0.004844880789191335,1.0
2024-09-25,0.0019287400637308938,0.0019287400637309088,1.0
2024-09-26,0.0027164876306389196,0.0027164876306389023,1.0
2024-09-27,-0.0069128002635580055,-0.006912800263558102,1.0
2024-09-30,0.004963098933955967,0.004963098933955875,1.0
2024-10-01,-0.015561240123107,-0.015561240123107,1.0
2024-10-02,0.000599418668754792,0.0005994186687547533,1.0
2024-10-03,0.0018604225705345367,0.0018604225705345114,1.0
2024-10-04,0.010575362533801203,0.010575362533801199,1.0
2024-10-07,-0.012208710638551667,-0.012208710638551853,1.0
2024-10-08,0.0178458514675206,0.017845851467520685,1.0
2024-10-09,0.006381086285526472,0.006381086285526511,1.0
2024-10-10,-0.00024623102146614784,-0.0002462310214661114,1.0
2024-10-11,0.0007391115897619205,0.0007391115897619717,1.0
2024-10-14,0.009783158621406995,0.00978315862140693,1.0
2024-10-15,-0.010389232443052898,-0.010389232443052836,1.0
2024-10-16,0.0012931687638468858,0.0012931687638468934,1.0
2024-10-17,0.0014144816314090036,0.001414481631408976,1.0
2024-10-18,0.0063556457703703995,0.006355645770370387,1.0
2024-10-21,0.005461270894604242,0.005461270894604268,1.0
2024-10-22,0.0009709667193229521,0.0009709667193227824,1.0
2024-10-23,-0.016097310918242402,-0.016097310918242385,1.0
2024-10-24,0.007980210120672737,0.007980210120672692,1.0
2024-10-25,0.004523900013106985,0.004523900013106951,1.0
2024-10-28,0.0011561923635652338,0.0011561923635652117,1.0
2024-10-29,0.008723381296476207,0.008723381296476231,1.0
2024-10-30,-0.006327869740677561,-0.006327869740677442,1.0
2024-10-31,-0.02992903184013429,-0.029929031840134297,1.0
2024-11-01,0.008471409802617513,0.008471409802617496,1.0
2024-11-04,-0.003409690308893154,-0.0034096903088930925,1.0
2024-11-05,0.01290746313318536,0.012907463133185424,1.0
2024-11-06,0.023428637699434374,0.02342863769943428,1.0
2024-11-07,0.01707141258884115,0.017071412588841,1.0
2024-11-08,0.0025665592204298093,0.0025665592204297274,1.0
2024-11-11,0.0006472326536279827,0.0006472326536279035,1.0
2024-11-12,0.0014115797898470728,0.0014115797898470376,1.0
2024-11-13,-0.0006459022718836582,-0.0006459022718837026,1.0
2024-11-14,-0.005376815692755943,-0.005376815692755879,1.0
2024-11-15,-0.021595038851479065,-0.02159503885147916,1.0
2024-11-18,0.004046190000163596,0.004046190000163629,1.0
2024-11-19,0.010043745470019738,0.01004374547001975,1.0
2024-11-20,-0.0013397750523177487,-0.0013397750523178875,1.0
2024-11-21,0.00128189355987951,0.001281893559879529,1.0
2024-11-22,8.95753408123312e-05,8.957534081249077e-05,1.0
2024-11-25,2.9512602796488707e-05,2.951260279654781e-05,1.0
2024-11-26,0.010419814680050488,0.010419814680050484,1.0
2024-11-27,-0.007130114082051775,-0.007130114082051846,1.0
2024-11-29,0.00902137144092463,0.009021371440924781,1.0
2024-12-02,0.010087556190919722,0.010087556190919755,1.0
2024-12-03,0.004483941724979124,0.004483941724978954,1.0
2024-12-04,0.01643514527666512,0.016435145276665303,1.0
2024-12-05,-0.0008554269316711771,-0.0008554269316711851,1.0
2024-12-06,0.006678744504382772,0.00667874450438273,1.0
2024-12-09,-0.006067412376514647,-0.006067412376514644,1.0
2024-12-10,-0.0008842772803322463,-0.0008842772803321843,1.0
2024-12-11,0.016530918352783752,0.016530918352783624,1.0
2024-12-12,-0.0053083923427492685,-0.005308392342749244,1.0
2024-12-13,-0.0005364929677109664,-0.0005364929677109436,1.0
2024-12-16,0.011074621344190572,0.011074621344190643,1.0
2024-12-17,-0.002291089219673692,-0.002291089219673608,1.0
2024-12-18,-0.03335572651564778,-0.0333557265156478,1.0
2024-12-19,0.0010430776601930702,0.0010430776601932405,1.0
2024-12-20,0.010361191592635599,0.01036119159263561,1.0
2024-12-23,0.009957323554901532,0.008947618720677295,0.0
2024-12-24,0.01363354701297137,0.0,0.0
2024-12-26,-0.0019056795594176723,-0.000999250499687501,1.0
2024-12-27,-0.015300612845332129,-0.015300612845332117,1.0
2024-12-30,-0.011490063258522198,-0.012478326067779455,0.0
2024-12-31,-0.009518121381417388,0.0,0.0
2025-01-02,-0.002533201837294774,0.0,0.0
2025-01-03,0.016552713701014632,0.0,0.0
2025-01-06,0.011688362775258199,0.0,0.0
2025-01-07,-0.020665437094579353,0.0,0.0
2025-01-08,0.0017971981947055848,0.0,0.0
2025-01-10,-0.015508328546812167,0.0,0.0
2025-01-13,-0.005202049201216585,0.0,0.0
2025-01-14,-0.004638236483976654,0.0,0.0
2025-01-15,0.024071127538154213,0.0,0.0
2025-01-16,-0.008260275692442143,0.0,0.0
2025-01-17,0.013823299480751672,0.0,0.0
2025-01-21,0.004669660841563061,0.0,0.0
2025-01-22,0.01652660561790542,0.0,0.0
2025-01-23,0.003725727620428332,0.0,0.0
2025-01-24,-0.005595953693361855,0.0,0.0
2025-01-27,-0.0276286752399707,0.0,0.0
2025-01-28,0.023527860080802876,0.0,0.0
2025-01-29,-0.00670580256333686,0.0,0.0
2025-01-30,0.0006865219874170325,0.0,0.0
2025-01-31,-0.004688069995408828,0.0,0.0
2025-02-03,-0.00982252217852908,-0.0009992504996874827,1.0
2025-02-04,0.013255439112643375,0.013255439112643286,1.0
2025-02-05,0.0022901544775151272,0.0022901544775151346,1.0
2025-02-06,0.008197050959637409,0.008197050959637497,1.0
2025-02-07,-0.012209629729707072,-0.012209629729707204,1.0
2025-02-10,0.010439321444106087,0.010439321444106208,1.0
2025-02-11,-0.001703180689938466,-0.001703180689938431,1.0
2025-02-12,-0.0011371000828063194,-0.0011371000828063944,1.0
2025-02-13,0.014601570097703798,0.014601570097703926,1.0
2025-02-14,0.002721179085035441,0.0027211790850353,1.0
2025-02-18,-0.0009232761888241514,-0.0009232761888239995,1.0
2025-02-19,0.0010642369329862955,0.0010642369329862563,1.0
2025-02-20,-0.00475558608026172,-0.004755586080261682,1.0
2025-02-21,-0.022064363965971223,-0.022064363965971317,1.0
2025-02-24,-0.010576702736548538,-0.010576702736548538,1.0
2025-02-25,-0.011677591304812052,-0.011677591304812112,1.0
2025-02-26,0.0037621851505724724,0.002758673905968314,0.0
2025-02-27,-0.026558469820850084,0.0,0.0
2025-02-28,0.01792814338913784,0.0,0.0
2025-03-03,-0.02302013014187798,0.0,0.0
2025-03-04,-0.006503049243639758,0.0,0.0
2025-03-05,0.014644026440853164,0.0,0.0
2025-03-06,-0.029615631031578826,0.0,0.0
2025-03-07,0.0012676756819347546,0.0,0.0
2025-03-10,-0.041289546047590275,0.0,0.0
2025-03-11,-0.002834804550320813,0.0,0.0
2025-03-12,0.013309209513147291,0.0,0.0
2025-03-13,-0.01992470776171784,0.0,0.0
2025-03-14,0.02556684744689397,0.0,0.0
2025-03-17,0.00038053213652911033,0.0,0.0
2025-03-18,-0.01404519907203483,0.0,0.0
2025-03-19,0.013988031620802088,0.0,0.0
2025-03-20,-0.0015856334539638972,0.0,0.0
2025-03-21,0.005939710440030055,0.0,0.0
2025-03-24,0.022923937344052625,0.0,0.0
2025-03-25,0.006821772301157658,0.0,0.0
2025-03-26,-0.02259561985957892,0.0,0.0
2025-03-27,-0.004678706457716175,0.0,0.0
2025-03-28,-0.026721799777280508,0.0,0.0
2025-03-31,0.0012318837428741958,0.0,0.0
2025-04-01,0.008028879122959909,0.0,0.0
2025-04-02,0.008189889428122044,0.0,0.0
2025-04-03,-0.058456275891439646,0.0,0.0
2025-04-04,-0.0600216198327731,0.0,0.0
2025-04-07,7.194507617702683e-05,0.0,0.0
2025-04-08,-0.015008539328260628,0.0,0.0
2025-04-09,0.12230060664049791,0.0,0.0
2025-04-10,-0.04043764753096368,0.0,0.0
2025-04-11,0.01686340191236857,0.0,0.0
2025-04-14,0.006873790756041442,0.0,0.0
2025-04-15,0.001458222537168874,0.0,0.0
2025-04-16,-0.03282707551847652,0.0,0.0
2025-04-17,0.0008211813917831101,0.0,0.0
2025-04-21,-0.027759743003705095,0.0,0.0
2025-04-22,0.02665349506283854,0.0,0.0
2025-04-23,0.025413600289796,0.0,0.0
2025-04-24,0.031029846058304944,0.0,0.0
2025-04-25,0.017234513801765994,0.0,0.0
2025-04-28,-0.0016240355801111495,0.0,0.0
2025-04-29,0.007336675571517848,0.0,0.0
2025-04-30,-0.0011399691574168758,0.0,0.0
2025-05-01,0.01604157443399279,-0.000999250499687591,1.0
2025-05-02,0.0137602338611309,0.013760233861131082,1.0
2025-05-05,-0.006617358820339425,-0.006617358820339505,1.0
2025-05-06,-0.009326194071573757,-0.009326194071573708,1.0
2025-05-07,0.004566117268972381,0.003561802293232665,0.0
2025-05-08,0.0076278492119030705,0.0,0.0
2025-05-09,-0.0011123434956504807,0.0,0.0
2025-05-12,0.04299532148476204,0.0,0.0
2025-05-13,0.017171266176563504,0.0,0.0
2025-05-14,0.00746412595391277,0.0,0.0
2025-05-15,-0.0004921543694257347,0.0,0.0
2025-05-16,0.0038511703493953053,0.0,0.0
2025-05-19,0.0005767362059225789,0.0,0.0
2025-05-20,-0.004525824756238195,0.0,0.0
2025-05-21,-0.015608129825757766,0.0,0.0
2025-05-22,0.0033829968470087124,0.0,0.0
2025-05-23,-0.010759762499775283,0.0,0.0
2025-05-27,0.0246280926961171,0.0,0.0
2025-05-28,-0.004165104932463803,0.0,0.0
2025-05-29,0.0030788669520251943,0.0,0.0
2025-05-30,-0.002519170119949954,0.0,0.0
2025-06-02,0.009492525875052005,0.0,0.0
2025-06-03,0.007246676310532552,0.0,0.0
2025-06-04,0.002883396479326006,-0.000999250499687537,1.0
2025-06-05,-0.008141752314672845,-0.00814175231467285,1.0
2025-06-06,0.010705668104598054,0.010705668104597998,1.0
2025-06-09,0.0011357296521543603,0.001135729652154378,1.0
2025-06-10,0.006183492907051669,0.006183492907051568,1.0
2025-06-11,-0.0037210276255427166,-0.0037210276255426164,1.0
2025-06-12,0.0027727529064722756,0.0027727529064723033,1.0
2025-06-13,-0.01388285799168476,-0.013882857991684714,1.0
2025-06-16,0.013048254765490874,0.013048254765490725,1.0
2025-06-17,-0.008078294030242628,-0.008078294030242584,1.0
2025-06-18,-0.0030184376158272075,-0.003018437615827127,1.0
2025-06-20,-0.005541178144876091,-0.005541178144876192,1.0
2025-06-23,0.013269363567021575,0.013269363567021594,1.0
2025-06-24,0.01434279274664485,0.014342792746644784,1.0
2025-06-25,0.004527001835670452,0.004527001835670519,1.0
2025-06-26,0.008456952886849223,0.008456952886849337,1.0
2025-06-27,0.005627376039927912,0.005627376039928041,1.0
2025-06-30,0.005500211744747352,0.005500211744747258,1.0
2025-07-01,-0.01054145296513398,-0.010541452965133882,1.0
2025-07-02,0.007810988348137871,0.00781098834813787,1.0
2025-07-03,0.01073549738457058,0.010735497384570547,1.0
2025-07-07,-0.006286174368978381,-0.006286174368978321,1.0
2025-07-08,-0.0015269367150189117,-0.0015269367150189976,1.0
2025-07-09,0.009721948772844602,0.00972194877284459,1.0
2025-07-10,0.0001622655459609934,0.0001622655459609337,1.0
2025-07-11,-0.001622495736173124,-0.0016224957361731093,1.0
2025-07-14,0.0027356898428751997,0.0027356898428751446,1.0
2025-07-15,0.0035115312547380206,0.003511531254737977,1.0
2025-07-16,0.002691678243555762,0.0026916782435557813,1.0
2025-07-17,0.005959488796691392,0.0059594887966913,1.0
2025-07-18,-0.00034687667946553535,-0.00034687667946544574,1.0
2025-07-21,0.0042179304973606335,0.004217930497360694,1.0
2025-07-22,-0.0065660663030918665,-0.006566066303091841,1.0
2025-07-23,0.007438913192701291,0.0074389131927013255,1.0
2025-07-24,0.003984213249070168,0.00398421324907017,1.0
2025-07-25,0.004047612318962779,0.004047612318962649,1.0
2025-07-28,0.00432133458065409,0.0043213345806541355,1.0
2025-07-29,-0.005430684936900798,-0.005430684936900935,1.0
2025-07-30,0.00364025920851363,0.0036402592085135296,1.0
2025-07-31,0.00021021889230854462,0.00021021889230855753,1.0
2025-08-01,-0.02288801581592359,-0.022888015815923663,1.0
2025-08-04,0.019901032325637447,0.019901032325637478,1.0
2025-08-05,-0.0083851465310818,-0.008385146531081796,1.0
2025-08-06,0.015236999746896629,0.015236999746896783,1.0
2025-08-07,-0.0003929104828978014,-0.00039291048289789556,1.0
2025-08-08,0.009380487346329236,0.009380487346329165,1.0
2025-08-11,-0.0018170574403642004,-0.0018170574403642036,1.0
2025-08-12,0.010142347337061208,0.010142347337061413,1.0
2025-08-13,0.00012883320683299004,0.00012883320683288667,1.0
2025-08-14,0.0026771580749338497,0.002677158074933918,1.0
2025-08-15,-0.003517221923512115,-0.003517221923512166,1.0
2025-08-18,-0.000618293029860717,-0.000618293029860684,1.0
2025-08-19,-0.01505539258457933,-0.015055392584579283,1.0
2025-08-20,-0.0065173238957152435,-0.006517323895715275,1.0
2025-08-21,-0.0036094298890207988,-0.004605571361489152,0.0
2025-08-22,0.01536226417348252,0.0,0.0
2025-08-25,-0.0015363341684846432,-0.0009992504996874274,1.0
2025-08-26,0.006128829644778344,0.0061288296447782374,1.0
2025-08-27,0.0017886623302869609,0.0017886623302870938,1.0
2025-08-28,0.0056410389521868165,0.005641038952186752,1.0
2025-08-29,-0.012041892502024698,-0.012041892502024774,1.0
2025-09-02,-0.008985269255936235,-0.008985269255936077,1.0
2025-09-03,0.01080113653171888,0.009790588095471139,0.0
2025-09-04,0.008762000591101549,-0.0009992504996878134,1.0
2025-09-05,-0.0026289584495096108,-0.0036260801482994117,0.0
2025-09-08,0.006744612413340123,-0.000999250499687588,1.0
2025-09-09,0.0026439780336460217,0.002643978033646139,1.0
2025-09-10,7.674889711450916e-05,7.674889711444056e-05,1.0
2025-09-11,0.004889499870820879,0.004889499870820836,1.0
2025-09-12,0.005502317373517807,0.005502317373517839,1.0
2025-09-15,0.009450019569927193,0.00945001956992719,1.0
2025-09-16,-0.0013301165307770813,-0.0013301165307769824,1.0
2025-09-17,-0.004448286861099993,-0.0044482868611000195,1.0
2025-09-18,0.004947840025670391,0.00494784002567039,1.0
2025-09-19,0.01077610416429442,0.010776104164294297,1.0
2025-09-22,0.008325202014315192,0.008325202014315334,1.0
2025-09-23,-0.011386516396532653,-0.011386516396532683,1.0
2025-09-24,-0.003839316267054027,-0.0038393162670540704,1.0
2025-09-25,-0.004504722038729536,-0.00450472203872954,1.0
2025-09-26,0.003972041035408491,0.003972041035408473,1.0
2025-09-29,0.0035711149348898186,0.003571114934889905,1.0
2025-09-30,0.004919618432949857,0.004919618432949843,1.0
2025-10-01,0.00524327329844354,0.005243273298443496,1.0
2025-10-02,0.0017302881950693738,0.0017302881950692671,1.0
2025-10-03,-0.003824849171647715,-0.003824849171647771,1.0
2025-10-06,0.008744522531538124,0.008744522531538129,1.0
2025-10-07,-0.0064094500542294375,-0.006409450054229427,1.0
2025-10-08,0.01057829960357859,0.010578299603578596,1.0
2025-10-09,-0.0011006480107265126,-0.001100648010726568,1.0
2025-10-10,-0.03297995548160282,-0.0329799554816028,1.0
2025-10-13,0.019343834372540725,0.018324745374126736,0.0
2025-10-14,-0.008420302072730701,0.0,0.0
2025-10-15,0.005861546080522251,0.0,0.0
2025-10-16,-0.004009473507712968,0.0,0.0
2025-10-17,0.00680095965834604,0.0,0.0
2025-10-20,0.011945669889427357,0.0,0.0
2025-10-21,-0.0010799528437177575,0.0,0.0
2025-10-22,-0.006633340501328577,0.0,0.0
2025-10-23,0.008161743765676244,0.0,0.0
2025-10-24,0.010622327807023879,0.0,0.0
2025-10-27,0.01847269151947928,0.0,0.0
2025-10-28,0.00879474244756584,0.0,0.0
2025-10-29,0.006213673769880357,0.0,0.0
2025-10-30,-0.014910046765908902,0.0,0.0
2025-10-31,0.0028126442977891575,0.0,0.0
2025-11-03,0.0062749198699734166,0.0,0.0
2025-11-04,-0.017550032710567542,0.0,0.0
2025-11-05,0.0013222303752813414,0.0,0.0
2025-11-06,-0.016471150594190465,0.0,0.0
2025-11-07,-0.004199169299844541,0.0,0.0
2025-11-10,0.024540378448808742,0.0,0.0
2025-11-11,-0.0012443822466912113,0.0,0.0
2025-11-12,-0.002204166148062736,0.0,0.0
2025-11-13,-0.020649689119328074,0.0,0.0
2025-11-14,0.0016917331490500231,0.0,0.0
2025-11-17,-0.008321906867153284,0.0,0.0
2025-11-18,-0.013525626033482951,0.0,0.0
2025-11-19,0.007756305970745725,0.0,0.0
2025-11-20,-0.01973787498718993,0.0,0.0
2025-11-21,0.00602791770585287,0.0,0.0
2025-11-24,0.025679292618232763,0.0,0.0
2025-11-25,0.006037940157508803,0.0,0.0
2025-11-26,0.006953436336903707,0.0,0.0
2025-11-28,0.0038525754945462065,0.0,0.0
2025-12-01,-0.002751567354629336,0.0,0.0
2025-12-02,0.005324622043775928,0.0,0.0
2025-12-03,-0.00021670859159772515,0.0,0.0
2025-12-04,0.001203992871477766,0.0,0.0
2025-12-05,0.004521642866028186,0.0,0.0
2025-12-08,-0.0020590304238231605,0.0,0.0
2025-12-09,2.4047110308345054e-05,0.0,0.0
2025-12-10,0.0007436986613424956,0.0,0.0
2025-12-11,-0.002589225896477698,0.0,0.0
2025-12-12,-0.015070600077440766,0.0,0.0
2025-12-15,-0.004636786172337537,0.0,0.0
2025-12-16,0.0038738128581286,0.0,0.0
2025-12-17,-0.018683566864293844,-0.000999250499687581,1.0
2025-12-18,0.013339869768915547,0.013339869768915566,1.0
2025-12-19,0.014392358300588937,0.014392358300589022,1.0
2025-12-22,0.005993348380845642,0.005993348380845587,1.0
2025-12-23,0.0070585358344252835,0.007058535834425332,1.0
2025-12-24,0.001794138513637078,0.0017941385136369436,1.0
2025-12-26,0.00011946194849454805,0.00011946194849465615,1.0
2025-12-29,-0.0054199498429249315,-0.005419949842924831,1.0
2025-12-30,-0.0013443887664404963,-0.0013443887664405573,1.0
2025-12-31,-0.007764275878745286,-0.00776427587874523,1.0
2026-01-02,-0.004627409165671947,-0.004627409165671939,1.0
2026-01-05,0.0032615100972210875,0.003261510097221096,1.0
2026-01-06,0.0026929253779472972,0.0026929253779473836,1.0
2026-01-07,0.00500834956101337,0.005008349561013488,1.0
2026-01-08,-0.00806495613977376,-0.00806495613977386,1.0
2026-01-09,0.006019006480843858,0.0060190064808439995,1.0
2026-01-12,0.002677825826345348,0.002677825826345311,1.0
2026-01-13,-0.003585083360751473,-0.0035850833607514914,1.0
2026-01-14,-0.013425687732187663,-0.01342568773218766,1.0
2026-01-15,0.0007588175355324189,0.0007588175355324113,1.0
2026-01-16,-0.0014674117106352469,-0.0014674117106352753,1.0
2026-01-20,-0.025570710857617862,-0.025570710857617883,1.0
2026-01-21,0.008998550852028941,0.007989804550814526,0.0
2026-01-22,0.009316938132210018,0.0,0.0
2026-01-23,0.005874299388346049,0.0,0.0
2026-01-26,0.006845867084395829,0.0,0.0
2026-01-27,0.006994357868508327,0.0,0.0
2026-01-28,-0.0017182690000667744,0.0,0.0
2026-01-29,-0.008315385552611798,0.0,0.0
2026-01-30,-0.007847231344676686,0.0,0.0
2026-02-02,0.0015768685020680628,0.0,0.0
2026-02-03,-0.020615382272085703,0.0,0.0
2026-02-04,-0.014267474221509313,0.0,0.0
2026-02-05,-0.01870391451664788,0.0,0.0
2026-02-06,0.02150147693137705,0.0,0.0
2026-02-09,0.01044808181250878,0.0,0.0
2026-02-10,-0.0043272473604935024,0.0,0.0
2026-02-11,-0.0046492848334948045,0.0,0.0
2026-02-12,-0.017998646938579665,0.0,0.0
2026-02-13,-0.005531994564038745,0.0,0.0
2026-02-17,0.0030674106077068775,0.0,0.0
2026-02-18,0.005882709505041772,0.0,0.0
2026-02-19,-0.002962751588704071,0.0,0.0
2026-02-20,0.008475584783352197,0.0,0.0
2026-02-23,-0.013324103211537874,0.0,0.0
2026-02-24,0.010829209855455435,0.0,0.0
2026-02-25,0.014309919030248253,0.0,0.0
2026-02-26,-0.01089137530004014,0.0,0.0
2026-02-27,-0.009116174336619154,0.0,0.0
2026-03-02,0.002894427902818242,0.0,0.0
2026-03-03,-0.006416431232396547,0.0,0.0
2026-03-04,0.011100153943306657,0.0,0.0
2026-03-05,0.0015391001028746132,0.0,0.0
2026-03-06,-0.012549349256386733,0.0,0.0
2026-03-09,0.012734708556166652,0.0,0.0
2026-03-10,-0.0014341187740457562,0.0,0.0
2026-03-11,0.0009232435558452767,0.0,0.0
2026-03-12,-0.017577643388910547,0.0,0.0
2026-03-13,-0.011293261562998369,0.0,0.0
2026-03-16,0.012028988458776757,0.0,0.0
2026-03-17,0.0018508633875731206,0.0,0.0
2026-03-18,-0.01490842279948179,0.0,0.0
2026-03-19,-0.0036711633345173356,0.0,0.0
2026-03-20,-0.017495922109763584,0.0,0.0
2026-03-23,0.01497451433910002,0.0,0.0
2026-03-24,-0.012866323872196439,0.0,0.0
2026-03-25,0.0064093050503561955,0.0,0.0
2026-03-26,-0.02579465478204135,0.0,0.0
2026-03-27,-0.023171920722451778,0.0,0.0
2026-03-30,-0.005178342627312205,0.0,0.0
2026-03-31,0.03946366651183397,0.0,0.0
2026-04-01,0.011675397996825598,0.0,0.0
2026-04-02,0.0002958405132011954,0.0,0.0
2026-04-06,0.004491235492826595,0.0,0.0
2026-04-07,0.0015796000445735814,0.0,0.0
2026-04-08,0.025875363796068696,0.0,0.0
2026-04-09,0.006227623721424713,0.0,0.0
2026-04-10,0.003728913312134541,0.0,0.0
2026-04-13,0.014937672676511138,0.0,0.0
2026-04-14,0.019954234298069196,-0.0009992504996876878,1.0
2026-04-15,0.01933954843965857,0.01933954843965865,1.0
2026-04-16,0.002493820996456675,0.002493820996456661,1.0
2026-04-17,0.014364798017058256,0.014364798017058254,1.0
2026-04-20,-0.0035823685405245165,-0.0035823685405245403,1.0
2026-04-21,-0.006225436425980724,-0.0062254364259807056,1.0
2026-04-22,0.020274347885787858,0.02027434788578793,1.0
2026-04-23,-0.013921894862936157,-0.013921894862936175,1.0
2026-04-24,0.01677319944853628,0.016773199448536294,1.0
2026-04-27,0.002254936224795001,0.0022549362247949512,1.0
2026-04-28,-0.008644143560408324,-0.008644143560408286,1.0
2026-04-29,-0.0008361292488336947,-0.0008361292488337335,1.0
2026-04-30,0.004184053432888524,0.004184053432888461,1.0
2026-05-01,0.008928562499255666,0.007919886168897229,0.0
2026-05-04,-0.0017698917276102177,-0.000999250499687488,1.0
2026-05-05,0.006737621560100049,0.006737621560100027,1.0
2026-05-06,0.019960124763669596,0.019960124763669557,1.0
2026-05-07,0.0020720207657465295,0.0020720207657465993,1.0
2026-05-08,0.012291841306563134,0.012291841306563066,1.0
2026-05-11,-0.0009079120164270371,-0.0009079120164270047,1.0
2026-05-12,-0.0027260377198748964,-0.002726037719875037,1.0
2026-05-13,0.010364487567303238,0.01036448756730335,1.0
2026-05-14,0.01138542287766553,0.01138542287766557,1.0
2026-05-15,-0.013152033751248848,-0.013152033751248815,1.0
2026-05-18,-0.003388347218343135,-0.0033883472183431794,1.0
2026-05-19,-0.009066168149883924,-0.009066168149883973,1.0
2026-05-20,0.01406678811569595,0.014066788115696126,1.0
2026-05-21,0.0013533346310004024,0.00135333463100026,1.0
2026-05-22,0.0022524806488191107,0.0022524806488191072,1.0
2026-05-26,0.007866135975677535,0.007866135975677528,1.0
2026-05-27,-0.0007804742807498988,-0.0007804742807497901,1.0
2026-05-28,0.012608718808518882,0.012608718808518894,1.0
2026-05-29,0.005729980245626098,0.0057299802456262155,1.0
2026-06-01,0.008655657794095939,0.00865565779409579,1.0
2026-06-02,-0.0030414441247567092,-0.0030414441247567005,1.0
2026-06-03,-0.011331434151718889,-0.011331434151718863,1.0
2026-06-04,0.0013224617600835487,0.0013224617600836157,1.0
2026-06-05,-0.03731018239199979,-0.03731018239199984,1.0
2026-06-08,0.004458743871933679,0.004458743871933802,1.0
2026-06-09,-0.01115422653952125,-0.01115422653952125,1.0
2026-06-10,-0.020142676891761857,-0.02112228925053923,0.0
2026-06-11,0.0183249429198602,0.0,0.0
2026-06-12,0.0021916401587269707,0.0,0.0
2026-06-15,0.02773950584879259,0.0,0.0
2026-06-16,-0.011199507619209514,0.0,0.0
2026-06-17,-0.014157816805760004,0.0,0.0
2026-06-18,0.01757808489950019,0.0,0.0
2026-06-22,-0.013887406287879989,0.0,0.0
2026-06-23,-0.02118152811188323,0.0,0.0
2026-06-24,-0.0036261680840393717,0.0,0.0
2026-06-25,-0.009744034075473751,0.0,0.0
2026-06-26,4.7442655274787526e-05,0.0,0.0
2026-06-29,0.02610661760145838,0.0,0.0
2026-06-30,0.01665320251043867,0.0,0.0
2026-07-01,0.0,-0.0009992504996875456,1.0
2026-07-02,-0.010237760077205227,-0.010237760077205229,1.0
2026-07-06,0.01471093837341586,0.01471093837341588,1.0
2026-07-07,-0.00940085878862773,-0.009400858788627642,1.0
2026-07-08,0.00011436240950346566,0.00011436240950337307,1.0
2026-07-09,0.012918683407432185,0.01291868340743217,1.0
2026-07-10,0.005191863345313852,0.00519186334531389,1.0
2026-07-13,-0.015382833536304097,-0.015382833536304182,1.0
2026-07-14,0.010149382653320549,0.010149382653320556,1.0
2026-07-15,0.009934491253413613,0.00892480924578303,0.0
2026-07-16,-0.014308057147287001,-0.0009992504996874758,1.0
2026-07-17,-0.015309576655125667,-0.015309576655125745,1.0
2026-07-20,0.0,0.0,1.0
2026-07-21,0.009558929097682523,0.009558929097682523,1.0
2026-07-22,-0.0055898411213033405,-0.005589841121303397,1.0
2026-07-23,-0.02420558282291274,-0.02420558282291286,1.0
2026-07-24,-0.002939101894845253,-0.002939101894845196,1.0
2026-07-27,-0.0030656115354361635,-0.003065611535436216,1.0
2026-07-28,-0.0010645057839921979,-0.001064505783992262,1.0
2026-07-29,-0.015983879810025692,-0.01598387981002566,1.0
2026-07-30,0.027313158782285907,0.027313158782285907,1.0
2026-07-31,0.011126781543655762,0.011126781543655808,1.0
2026-08-03,0.02224021925428299,0.022240219254283,1.0
2026-08-04,0.024589214378983648,0.0245892143789837,1.0
2026-08-05,-0.0038708082416363254,-0.0038708082416362703,1.0
2026-08-06,-0.0006661214477299282,-0.0006661214477299843,1.0
2026-08-07,0.008665690043161423,0.00866569004316152,1.0
2026-08-10,-0.0017623489425696581,-0.0017623489425696284,1.0
2026-08-11,-0.00695131052091269,-0.0069513105209126,1.0
2026-08-12,0.0023333231608073657,0.002333323160807187,1.0
2026-08-13,0.010309281838091211,0.010309281838091256,1.0
2026-08-14,-0.004608274871164997,-0.004608274871164948,1.0
2026-08-17,-0.005621716593562809,-0.005621716593562942,1.0
2026-08-18,-0.01064182567581795,-0.010641825675817947,1.0
2026-08-19,0.0015686206123073365,0.0015686206123074864,1.0
2026-08-20,-0.008725794659611541,-0.00872579465961161,1.0
2026-08-21,0.003836997354121463,0.003836997354121573,1.0
2026-08-24,-0.0066328989109907255,-0.006632898910990821,1.0
2026-08-25,0.006224570483913894,0.00622457048391404,1.0
2026-08-26,-0.0006748980487766287,-0.0006748980487767105,1.0
2026-08-27,0.018345581438442782,0.0183455814384428,1.0
2026-08-28,-0.003978786438937232,-0.003978786438937225,1.0
2026-08-31,-0.002441202995984937,-0.0024412029959849806,1.0
2026-09-01,-0.009566191276470626,-0.009566191276470586,1.0
2026-09-02,0.0026953937702360875,0.002695393770236117,1.0
2026-09-03,0.015568989792266397,0.015568989792266426,1.0
2026-09-04,-0.00485270564571838,-0.005847604153249122,0.0
2026-09-08,-0.0021057567808641098,0.0,0.0
